order_date,order_id,order_completion_minutes,priority_num,total_qty,risk_percentile,high_risk
2025-11-08,BLR_127930,516.4605163654101,5,95.0,0.7818181818181819,False
2025-11-08,BLR_127931,543.1864351618493,5,878.0,0.8363636363636363,False
2025-11-08,BLR_127932,221.09275341275776,2,3.0,0.32727272727272727,False
2025-11-08,BLR_127933,138.01136062002058,1,446.0,0.12727272727272726,False
2025-11-08,BLR_127935,140.73211739129653,1,398.0,0.14545454545454545,False
2025-11-08,BLR_127936,573.2616669034226,5,3465.0,0.9454545454545454,True
2025-11-08,BLR_127937,471.6666916648815,3,5348.0,0.7272727272727273,False
2025-11-08,BLR_127938,407.2104452331635,3,2636.0,0.5818181818181818,False
2025-11-08,BLR_127939,145.53607985710988,1,2010.0,0.16363636363636364,False
2025-11-08,BLR_127940,40.93435264417576,1,1066.0,0.03636363636363636,False
2025-11-08,BLR_127941,463.7658520565819,3,2777.0,0.6909090909090909,False
2025-11-08,BLR_127942,523.0385480434973,5,354.0,0.8,False
2025-11-08,BLR_127943,585.775399915113,5,2464.0,0.9818181818181818,True
2025-11-08,BLR_127946,69.46300014778181,1,2458.0,0.05454545454545454,False
2025-11-08,BLR_127947,33.81244494069946,1,332.0,0.01818181818181818,False
2025-11-08,BLR_127949,417.77320282603785,3,469.0,0.6,False
2025-11-08,BLR_127950,225.59594899455905,2,742.0,0.36363636363636365,False
2025-11-08,BLR_127951,126.04123807288555,2,3.0,0.10909090909090909,False
2025-11-08,BLR_127952,587.9522449732193,5,1728.0,1.0,True
2025-11-08,BLR_127953,356.4541625627236,1,10416.0,0.4909090909090909,False
2025-11-08,BLR_127954,150.13565151987217,1,2959.0,0.18181818181818182,False
2025-11-08,BLR_127955,237.5264272208542,2,1059.0,0.38181818181818183,False
2025-11-08,BLR_127957,75.2482018290906,1,566.0,0.07272727272727272,False
2025-11-08,BLR_127958,569.1877977618295,5,1471.0,0.9272727272727272,True
2025-11-08,BLR_127959,173.14622821577976,2,981.0,0.2,False
2025-11-08,BLR_127962,97.43647932373602,1,983.0,0.09090909090909091,False
2025-11-08,BLR_127963,177.26222743123654,2,1132.0,0.21818181818181817,False
2025-11-08,BLR_127964,444.8619017493353,3,2559.0,0.6545454545454545,False
2025-11-08,BLR_127966,442.74985231587175,3,2127.0,0.6181818181818182,False
2025-11-08,BLR_127967,191.51231648981718,2,1351.0,0.2545454545454545,False
2025-11-08,BLR_127968,398.4934240336618,3,1664.0,0.5636363636363636,False
2025-11-08,BLR_127969,556.1246013451818,5,2131.0,0.8727272727272727,False
2025-11-08,BLR_127970,365.51100681609404,3,3742.0,0.509090909090909,False
2025-11-08,BLR_127971,559.9527436435169,5,4701.0,0.8909090909090909,False
2025-11-08,BLR_127972,303.70486919901913,2,4072.0,0.45454545454545453,False
2025-11-08,BLR_127973,293.5308440838189,3,1449.0,0.43636363636363634,False
2025-11-08,BLR_127974,221.8943534440379,2,1290.0,0.34545454545454546,False
2025-11-08,BLR_127975,372.3848472143265,3,3228.0,0.5272727272727272,False
2025-11-08,BLR_127976,470.2836635989574,5,1657.0,0.7090909090909091,False
2025-11-08,BLR_127977,205.17349141583102,2,829.0,0.2727272727272727,False
2025-11-08,BLR_127979,216.01447639701183,2,560.0,0.3090909090909091,False
2025-11-08,BLR_127981,492.2283867481439,5,387.0,0.7454545454545455,False
2025-11-08,BLR_127982,267.5562587522881,1,6042.0,0.41818181818181815,False
2025-11-08,BLR_127984,215.80089968501724,2,567.0,0.2909090909090909,False
2025-11-08,BLR_127985,244.27979879910222,2,1146.0,0.4,False
2025-11-08,BLR_127986,332.9774162823161,2,3417.0,0.4727272727272727,False
2025-11-08,BLR_127987,456.84001982550797,3,6977.0,0.6727272727272727,False
2025-11-08,BLR_127988,179.34721636681994,1,2475.0,0.23636363636363636,False
2025-11-08,BLR_127989,527.541395052308,5,1862.0,0.8181818181818182,False
2025-11-08,BLR_127990,374.5377967662793,3,3417.0,0.5454545454545454,False
2025-11-08,BLR_127991,568.5965468275803,5,3630.0,0.9090909090909091,True
2025-11-08,BLR_127992,544.7542871090501,5,474.0,0.8545454545454545,False
2025-11-08,BLR_127993,578.5300147159654,9,535.0,0.9636363636363636,True
2025-11-08,BLR_127994,443.320615111892,4,647.0,0.6363636363636364,False
2025-11-08,BLR_127995,511.5949329194603,4,2065.0,0.7636363636363637,False
2025-11-09,BLR_128118,693.0574612546628,5,1067.0,0.8823529411764706,False
2025-11-09,BLR_128119,521.0837636855987,5,139.0,0.6470588235294118,False
2025-11-09,BLR_128120,658.3943994215291,5,3380.0,0.8431372549019608,False
2025-11-09,BLR_128121,760.8417886209756,5,9304.0,0.9411764705882353,True
2025-11-09,BLR_128122,384.9058658472477,2,4113.0,0.47058823529411764,False
2025-11-09,BLR_128123,336.58697138382905,2,2782.0,0.37254901960784315,False
2025-11-09,BLR_128124,220.58156917839776,2,1562.0,0.2549019607843137,False
2025-11-09,BLR_128126,345.72639756434097,1,9509.0,0.39215686274509803,False
2025-11-09,BLR_128129,510.90103870844626,3,2218.0,0.6274509803921569,False
2025-11-09,BLR_128130,404.57042393408216,3,2492.0,0.49019607843137253,False
2025-11-09,BLR_128131,136.4653007391884,1,1056.0,0.17647058823529413,False
2025-11-09,BLR_128133,1.4257053199876737,1,3.0,0.0196078431372549,False
2025-11-09,BLR_128134,633.2624783436218,5,2901.0,0.803921568627451,False
2025-11-09,BLR_128135,22.3134309165719,1,569.0,0.0392156862745098,False
2025-11-09,BLR_128136,229.63843067622096,2,1306.0,0.27450980392156865,False
2025-11-09,BLR_128137,671.7196500384422,5,2840.0,0.8627450980392157,False
2025-11-09,BLR_128138,438.1283760398452,3,2684.0,0.5686274509803921,False
2025-11-09,BLR_128140,129.9701877951239,1,3661.0,0.1568627450980392,False
2025-11-09,BLR_128141,427.2989875579349,3,2962.0,0.5490196078431373,False
2025-11-09,BLR_128142,62.162663167513344,1,980.0,0.058823529411764705,False
2025-11-09,BLR_128143,360.6400051101995,2,6518.0,0.43137254901960786,False
2025-11-09,BLR_128144,115.85934690608856,1,1576.0,0.13725490196078433,False
2025-11-09,BLR_128146,164.14867991076548,1,2707.0,0.21568627450980393,False
2025-11-09,BLR_128147,489.65380863422234,3,3572.0,0.6078431372549019,False
2025-11-09,BLR_128148,528.191538308133,3,3522.0,0.6666666666666666,False
2025-11-09,BLR_128149,112.07298933759328,1,1021.0,0.0784313725490196,False
2025-11-09,BLR_128150,537.1435174675757,3,3405.0,0.6862745098039216,False
2025-11-09,BLR_128151,261.4313528020296,2,1570.0,0.3137254901960784,False
2025-11-09,BLR_128152,629.3411869870205,5,764.0,0.7843137254901961,False
2025-11-09,BLR_128153,305.67214009509803,2,1600.0,0.3333333333333333,False
2025-11-09,BLR_128155,739.7063252985247,5,3713.0,0.9215686274509803,True
2025-11-09,BLR_128156,650.2133625667583,5,562.0,0.8235294117647058,False
2025-11-09,BLR_128157,112.09602897303157,1,760.0,0.09803921568627451,False
2025-11-09,BLR_128158,800.8169181612473,5,5618.0,1.0,True
2025-11-09,BLR_128160,767.6844282340442,5,3039.0,0.9607843137254902,True
2025-11-09,BLR_128161,424.8530161945718,2,1639.0,0.5098039215686274,False
2025-11-09,BLR_128162,177.45593475729186,1,2619.0,0.23529411764705882,False
2025-11-09,BLR_128163,232.68169159049296,1,1966.0,0.29411764705882354,False
2025-11-09,BLR_128164,573.6186574906791,3,2735.0,0.7450980392156863,False
2025-11-09,BLR_128165,467.24100967578767,2,3075.0,0.5882352941176471,False
2025-11-09,BLR_128166,115.49091368613603,1,424.0,0.11764705882352941,False
2025-11-09,BLR_128168,566.8192320098755,3,2499.0,0.7254901960784313,False
2025-11-09,BLR_128170,606.9673863743902,3,6371.0,0.7647058823529411,False
2025-11-09,BLR_128171,151.09582294551385,1,1626.0,0.19607843137254902,False
2025-11-09,BLR_128173,425.0105376119974,2,3580.0,0.5294117647058824,False
2025-11-09,BLR_128174,769.7008662521657,5,1799.0,0.9803921568627451,True
2025-11-09,BLR_128175,554.6309756506348,3,2326.0,0.7058823529411765,False
2025-11-09,BLR_128176,700.266580170552,5,1659.0,0.9019607843137255,True
2025-11-09,BLR_128177,359.5108259564825,2,1769.0,0.4117647058823529,False
2025-11-09,BLR_128178,368.6228009577996,2,1392.0,0.45098039215686275,False
2025-11-09,BLR_128179,328.31219677869336,3,98.0,0.35294117647058826,False
2025-11-10,BLR_128445,610.0068719495532,5,534.0,0.8703703703703703,False
2025-11-10,BLR_128446,605.4346881189965,5,636.0,0.8518518518518519,False
2025-11-10,BLR_128447,587.7486683327313,5,56.0,0.8148148148148148,False
2025-11-10,BLR_128448,425.3631571456535,3,1673.0,0.5555555555555556,False
2025-11-10,BLR_128449,356.3105610021932,2,4690.0,0.46296296296296297,False
2025-11-10,BLR_128450,598.567741401487,5,1317.0,0.8333333333333334,False
2025-11-10,BLR_128451,443.3768843698928,3,2234.0,0.6111111111111112,False
2025-11-10,BLR_128452,170.11516880273663,1,1806.0,0.2037037037037037,False
2025-11-10,BLR_128453,326.31483947065294,2,3849.0,0.3888888888888889,False
2025-11-10,BLR_128454,166.98955899449209,1,1422.0,0.18518518518518517,False
2025-11-10,BLR_128455,110.3568828401222,1,3406.0,0.1111111111111111,False
2025-11-10,BLR_128456,661.0876246934065,5,2294.0,0.9629629629629629,True
2025-11-10,BLR_128457,546.829669536444,3,3622.0,0.7592592592592593,False
2025-11-10,BLR_128458,108.87078925227976,1,4000.0,0.09259259259259259,False
2025-11-10,BLR_128459,481.48050148418207,3,1917.0,0.6481481481481481,False
2025-11-10,BLR_128460,23.308966880026933,1,3.0,0.018518518518518517,False
2025-11-10,BLR_128461,170.2876630870017,2,819.0,0.2222222222222222,False
2025-11-10,BLR_128463,710.7342958819706,5,2646.0,0.9814814814814815,True
2025-11-10,BLR_128466,658.6400683180428,5,3528.0,0.9444444444444444,True
2025-11-10,BLR_128467,460.6171679065404,3,3402.0,0.6296296296296297,False
2025-11-10,BLR_128468,66.91251818036405,1,1581.0,0.07407407407407407,False
2025-11-10,BLR_128469,34.19234094729755,1,4.0,0.037037037037037035,False
2025-11-10,BLR_128471,311.03906428344703,2,8085.0,0.37037037037037035,False
2025-11-10,BLR_128472,518.856009309695,3,1708.0,0.6851851851851852,False
2025-11-10,BLR_128473,124.63947277188782,1,2770.0,0.12962962962962962,False
2025-11-10,BLR_128475,187.28321062030258,2,331.0,0.2777777777777778,False
2025-11-10,BLR_128476,249.54715883426925,2,1759.0,0.3148148148148148,False
2025-11-10,BLR_128478,652.5970730834745,5,2535.0,0.9259259259259259,True
2025-11-10,BLR_128479,263.65208679429236,2,1993.0,0.35185185185185186,False
2025-11-10,BLR_128480,441.54634250309124,3,2339.0,0.5925925925925926,False
2025-11-10,BLR_128481,344.88521264728513,3,1694.0,0.42592592592592593,False
2025-11-10,BLR_128482,45.692867320822806,1,2.0,0.05555555555555555,False
2025-11-10,BLR_128483,174.62868206298145,1,3366.0,0.24074074074074073,False
2025-11-10,BLR_128485,203.78878648825864,2,54.0,0.2962962962962963,False
2025-11-10,BLR_128486,545.386055538603,5,1230.0,0.7407407407407407,False
2025-11-10,BLR_128487,520.6133566586417,5,1783.0,0.7037037037037037,False
2025-11-10,BLR_128488,133.2482940942828,1,1380.0,0.14814814814814814,False
2025-11-10,BLR_128489,533.9796170505194,5,2026.0,0.7222222222222222,False
2025-11-10,BLR_128490,349.2450233301298,3,1870.0,0.4444444444444444,False
2025-11-10,BLR_128491,134.3434833122502,1,1710.0,0.16666666666666666,False
2025-11-10,BLR_128492,406.97501516434556,3,2457.0,0.5185185185185185,False
2025-11-10,BLR_128493,363.5084977832435,2,4040.0,0.5,False
2025-11-10,BLR_128494,426.3871349427735,3,2678.0,0.5740740740740741,False
2025-11-10,BLR_128495,616.2937522077061,5,3691.0,0.8888888888888888,False
2025-11-10,BLR_128497,181.16278282102388,1,2750.0,0.25925925925925924,False
2025-11-10,BLR_128498,258.6083419149894,2,1040.0,0.3333333333333333,False
2025-11-10,BLR_128499,570.7373633045531,5,1105.0,0.7962962962962963,False
2025-11-10,BLR_128500,360.07252905642935,2,5143.0,0.48148148148148145,False
2025-11-10,BLR_128501,338.5661232210201,2,3182.0,0.4074074074074074,False
2025-11-10,BLR_128505,409.90013901184767,3,2623.0,0.5370370370370371,False
2025-11-10,BLR_128506,712.0075017894816,9,2183.0,1.0,True
2025-11-10,BLR_128507,640.1585562423323,5,7924.0,0.9074074074074074,True
2025-11-10,BLR_128509,561.8413369709605,4,2738.0,0.7777777777777778,False
2025-11-10,BLR_128510,509.1035776982177,4,2270.0,0.6666666666666666,False
2025-11-11,BLR_128684,637.8731511448902,5,814.0,0.8035714285714286,False
2025-11-11,BLR_128685,639.4588922172841,5,205.0,0.8214285714285714,False
2025-11-11,BLR_128686,146.6019868322855,1,499.0,0.125,False
2025-11-11,BLR_128687,163.20165640367543,1,2017.0,0.16071428571428573,False
2025-11-11,BLR_128688,510.3560052823433,2,8970.0,0.5714285714285714,False
2025-11-11,BLR_128689,303.88665442777517,2,3.0,0.26785714285714285,False
2025-11-11,BLR_128690,785.9785676007431,9,4460.0,0.9821428571428571,True
2025-11-11,BLR_128691,133.46021536325406,1,2191.0,0.08928571428571429,False
2025-11-11,BLR_128693,323.58357595566366,2,2541.0,0.3392857142857143,False
2025-11-11,BLR_128694,248.14223108926143,2,3206.0,0.23214285714285715,False
2025-11-11,BLR_128696,239.2721478668976,2,1152.0,0.19642857142857142,False
2025-11-11,BLR_128698,314.8804518859922,2,4808.0,0.2857142857142857,False
2025-11-11,BLR_128700,503.5840066229068,3,2735.0,0.5535714285714286,False
2025-11-11,BLR_128701,240.67176005404286,1,8261.0,0.21428571428571427,False
2025-11-11,BLR_128702,321.483414266959,2,3606.0,0.32142857142857145,False
2025-11-11,BLR_128703,59.98799773915536,1,852.0,0.017857142857142856,False
2025-11-11,BLR_128705,90.71670078313592,1,1031.0,0.03571428571428571,False
2025-11-11,BLR_128706,115.29165865840353,1,2064.0,0.07142857142857142,False
2025-11-11,BLR_128708,419.1244472254578,3,3231.0,0.48214285714285715,False
2025-11-11,BLR_128709,316.15694526202736,2,2167.0,0.30357142857142855,False
2025-11-11,BLR_128710,414.42759602355983,3,2147.0,0.4642857142857143,False
2025-11-11,BLR_128711,333.5887867961527,2,2274.0,0.35714285714285715,False
2025-11-11,BLR_128712,354.84619588447043,2,3400.0,0.4107142857142857,False
2025-11-11,BLR_128713,348.81665672090986,3,3.0,0.39285714285714285,False
2025-11-11,BLR_128714,104.25412782884774,1,603.0,0.05357142857142857,False
2025-11-11,BLR_128715,385.6964355457733,2,4004.0,0.44642857142857145,False
2025-11-11,BLR_128716,477.17045682213825,3,3677.0,0.5357142857142857,False
2025-11-11,BLR_128717,446.67240531865525,3,2609.0,0.5,False
2025-11-11,BLR_128718,761.2054544638362,5,3289.0,0.9642857142857143,True
2025-11-11,BLR_128719,274.6282798259366,1,6801.0,0.25,False
2025-11-11,BLR_128720,468.09592387862176,3,2243.0,0.5178571428571429,False
2025-11-11,BLR_128721,821.5104375751985,5,7311.0,1.0,True
2025-11-11,BLR_128722,562.8894719362765,3,3588.0,0.6607142857142857,False
2025-11-11,BLR_128723,702.8104304117411,5,3857.0,0.9464285714285714,True
2025-11-11,BLR_128724,578.4553943417478,3,4813.0,0.6785714285714286,False
2025-11-11,BLR_128725,650.1555155563053,5,395.0,0.8392857142857143,False
2025-11-11,BLR_128726,605.7950842498556,5,385.0,0.7142857142857143,False
2025-11-11,BLR_128727,347.78108754827156,2,256.0,0.375,False
2025-11-11,BLR_128729,613.0401293944473,5,1945.0,0.75,False
2025-11-11,BLR_128732,536.6694863043078,3,3018.0,0.6071428571428571,False
2025-11-11,BLR_128733,519.8422016585579,3,1719.0,0.5892857142857143,False
2025-11-11,BLR_128736,665.2884631923612,5,1861.0,0.8571428571428571,False
2025-11-11,BLR_128737,552.1821518854505,3,2509.0,0.625,False
2025-11-11,BLR_128738,611.1701041945332,5,1482.0,0.7321428571428571,False
2025-11-11,BLR_128739,559.1130510084869,3,2562.0,0.6428571428571429,False
2025-11-11,BLR_128740,635.8805219202968,5,1179.0,0.7857142857142857,False
2025-11-11,BLR_128741,690.2790614093482,5,2048.0,0.9107142857142857,True
2025-11-11,BLR_128742,143.1402876658157,1,1345.0,0.10714285714285714,False
2025-11-11,BLR_128743,687.3778039791163,5,1016.0,0.8928571428571429,False
2025-11-11,BLR_128744,358.98620162604465,2,1943.0,0.42857142857142855,False
2025-11-11,BLR_128745,691.1458883237307,5,3773.0,0.9285714285714286,True
2025-11-11,BLR_128746,214.9843622423555,1,3121.0,0.17857142857142858,False
2025-11-11,BLR_128747,671.2107500714785,5,1556.0,0.875,False
2025-11-11,BLR_128748,153.73923655160937,1,475.0,0.14285714285714285,False
2025-11-11,BLR_128749,596.0539184246619,4,4264.0,0.6964285714285714,False
2025-11-11,BLR_128750,625.6755180586503,4,1358.0,0.7678571428571429,False
2025-11-12,BLR_129298,516.9235475321727,5,1364.0,0.9382716049382716,True
2025-11-12,BLR_129299,393.30672105043635,3,2.0,0.6049382716049383,False
2025-11-12,BLR_129300,137.33572226124514,1,1631.0,0.2222222222222222,False
2025-11-12,BLR_129301,393.2961683252172,3,2.0,0.5925925925925926,False
2025-11-12,BLR_129302,226.4743418420998,2,2.0,0.345679012345679,False
2025-11-12,BLR_129303,186.35882535531837,1,4345.0,0.2716049382716049,False
2025-11-12,BLR_129304,482.02432018994375,5,310.0,0.8518518518518519,False
2025-11-12,BLR_129305,454.7399213957851,5,3.0,0.7407407407407407,False
2025-11-12,BLR_129306,455.23211082837827,5,4.0,0.7530864197530864,False
2025-11-12,BLR_129307,0.6929146403332734,1,2.0,0.012345679012345678,False
2025-11-12,BLR_129308,238.16766175779318,2,955.0,0.38271604938271603,False
2025-11-12,BLR_129310,420.244409048362,3,6071.0,0.6666666666666666,False
2025-11-12,BLR_129311,334.7010926423352,3,1726.0,0.5308641975308642,False
2025-11-12,BLR_129312,267.0010320395413,3,2.0,0.41975308641975306,False
2025-11-12,BLR_129313,385.5418220678023,3,4345.0,0.5802469135802469,False
2025-11-12,BLR_129314,454.3502460021944,5,1.0,0.7283950617283951,False
2025-11-12,BLR_129315,105.66792705222545,1,1959.0,0.13580246913580246,False
2025-11-12,BLR_129316,521.9411845012481,5,2575.0,0.9506172839506173,True
2025-11-12,BLR_129317,267.72691830033096,3,2.0,0.43209876543209874,False
2025-11-12,BLR_129318,458.9316429811927,5,3.0,0.7901234567901234,False
2025-11-12,BLR_129319,106.69583063770217,1,1822.0,0.14814814814814814,False
2025-11-12,BLR_129320,458.60487997144867,5,2.0,0.7777777777777778,False
2025-11-12,BLR_129321,268.4349330812648,3,2.0,0.4444444444444444,False
2025-11-12,BLR_129322,571.7863393069922,5,2500.0,0.9629629629629629,True
2025-11-12,BLR_129323,276.4948763724451,2,1962.0,0.4691358024691358,False
2025-11-12,BLR_129324,321.2880402232981,3,1581.0,0.5061728395061729,False
2025-11-12,BLR_129325,159.14964494878737,2,1421.0,0.24691358024691357,False
2025-11-12,BLR_129326,54.176330123464254,1,503.0,0.037037037037037035,False
2025-11-12,BLR_129327,124.52224826258013,2,2.0,0.18518518518518517,False
2025-11-12,BLR_129328,158.8812449706902,2,364.0,0.2345679012345679,False
2025-11-12,BLR_129329,601.3790798550529,5,2523.0,1.0,True
2025-11-12,BLR_129330,376.19658042613395,3,2599.0,0.5555555555555556,False
2025-11-12,BLR_129331,587.8887533466211,9,1874.0,0.9876543209876543,True
2025-11-12,BLR_129332,60.644511834793654,1,509.0,0.04938271604938271,False
2025-11-12,BLR_129333,583.707238910996,5,3350.0,0.9753086419753086,True
2025-11-12,BLR_129334,366.3459516963749,3,1660.0,0.5432098765432098,False
2025-11-12,BLR_129335,221.75964945120566,2,2549.0,0.32098765432098764,False
2025-11-12,BLR_129336,137.27430020854925,2,4.0,0.20987654320987653,False
2025-11-12,BLR_129338,490.6592761831694,5,371.0,0.8888888888888888,False
2025-11-12,BLR_129339,37.945761321832784,1,2.0,0.024691358024691357,False
2025-11-12,BLR_129340,420.8228444853068,3,3052.0,0.6790123456790124,False
2025-11-12,BLR_129341,410.3284080222025,5,2.0,0.6296296296296297,False
2025-11-12,BLR_129342,72.00807978424797,1,574.0,0.06172839506172839,False
2025-11-12,BLR_129343,510.7716495730337,9,5.0,0.9135802469135802,True
2025-11-12,BLR_129344,321.5671650026492,3,3.0,0.5185185185185185,False
2025-11-12,BLR_129345,85.87052210687958,1,751.0,0.1111111111111111,False
2025-11-12,BLR_129346,136.8741429348135,2,2.0,0.19753086419753085,False
2025-11-12,BLR_129347,223.78660172231528,1,6377.0,0.3333333333333333,False
2025-11-12,BLR_129348,175.4679685207317,1,3218.0,0.25925925925925924,False
2025-11-12,BLR_129349,234.48283566767927,2,1459.0,0.35802469135802467,False
2025-11-12,BLR_129350,248.48997343818635,2,4280.0,0.3950617283950617,False
2025-11-12,BLR_129351,235.14635794901187,2,1799.0,0.37037037037037035,False
2025-11-12,BLR_129352,282.55590048849615,2,2762.0,0.48148148148148145,False
2025-11-12,BLR_129353,259.9680396215451,2,1527.0,0.4074074074074074,False
2025-11-12,BLR_129354,413.06817926385287,5,2.0,0.6419753086419753,False
2025-11-12,BLR_129355,490.84520284634584,5,2133.0,0.9012345679012346,True
2025-11-12,BLR_129356,192.5610645789653,2,2.0,0.2839506172839506,False
2025-11-12,BLR_129357,119.52959754026902,1,1795.0,0.16049382716049382,False
2025-11-12,BLR_129358,268.965122494818,2,3467.0,0.4567901234567901,False
2025-11-12,BLR_129359,419.1050267720187,5,6.0,0.654320987654321,False
2025-11-12,BLR_129360,208.582389788343,2,1.0,0.2962962962962963,False
2025-11-12,BLR_129361,78.81199004448375,1,2.0,0.09876543209876543,False
2025-11-12,BLR_129362,456.5919881476676,5,1497.0,0.7654320987654321,False
2025-11-12,BLR_129363,407.9448307544546,3,3071.0,0.6172839506172839,False
2025-11-12,BLR_129364,78.5527251823272,1,2.0,0.08641975308641975,False
2025-11-12,BLR_129365,426.1240379043225,3,2805.0,0.691358024691358,False
2025-11-12,BLR_129366,484.774504410501,5,724.0,0.8641975308641975,False
2025-11-12,BLR_129368,438.36572076236797,5,3.0,0.7037037037037037,False
2025-11-12,BLR_129369,453.7098932447173,3,2579.0,0.7160493827160493,False
2025-11-12,BLR_129371,78.09110259358768,1,1.0,0.07407407407407407,False
2025-11-12,BLR_129372,465.64455938491966,3,3603.0,0.8271604938271605,False
2025-11-12,BLR_129374,377.2284142419309,3,2.0,0.5679012345679012,False
2025-11-12,BLR_129375,462.7309793483734,3,2023.0,0.8024691358024691,False
2025-11-12,BLR_129376,485.14242585438376,5,1322.0,0.8765432098765432,False
2025-11-12,BLR_129377,208.60631797249297,2,2.0,0.30864197530864196,False
2025-11-12,BLR_129378,94.2741019751,1,8.0,0.12345679012345678,False
2025-11-12,BLR_129379,123.98093370858619,1,691.0,0.1728395061728395,False
2025-11-12,BLR_129380,515.0258193945956,5,3068.0,0.9259259259259259,True
2025-11-12,BLR_129381,283.00445362039005,2,1348.0,0.49382716049382713,False
2025-11-12,BLR_129382,464.65974572206983,5,594.0,0.8148148148148148,False
2025-11-12,BLR_129383,478.0390603131407,5,98.0,0.8395061728395061,False
2025-11-13,BLR_129632,537.133668345681,3,3654.0,0.625,False
2025-11-13,BLR_129635,137.93137101169728,1,509.0,0.21428571428571427,False
2025-11-13,BLR_129640,127.39742366597982,1,888.0,0.17857142857142858,False
2025-11-13,BLR_129643,101.66998894478279,1,2.0,0.10714285714285714,False
2025-11-13,BLR_129647,401.3002935770884,3,2551.0,0.48214285714285715,False
2025-11-13,BLR_129652,114.3468813190437,1,1070.0,0.16071428571428573,False
2025-11-13,BLR_129653,91.5577719652601,1,2931.0,0.05357142857142857,False
2025-11-13,BLR_129656,392.3253856235125,2,2554.0,0.44642857142857145,False
2025-11-13,BLR_129660,336.9754098822144,2,1911.0,0.39285714285714285,False
2025-11-13,BLR_129670,417.84905585225385,3,2378.0,0.5,False
2025-11-13,BLR_129676,438.0210277231273,3,2128.0,0.5178571428571429,False
2025-11-13,BLR_129680,267.18436148272497,2,4916.0,0.26785714285714285,False
2025-11-13,BLR_129681,463.8017316462131,3,2798.0,0.5535714285714286,False
2025-11-13,BLR_129682,489.8819714545343,3,2961.0,0.6071428571428571,False
2025-11-13,BLR_129689,95.73554830003235,1,3049.0,0.07142857142857142,False
2025-11-13,BLR_129690,699.9852925430172,5,3976.0,0.9107142857142857,True
2025-11-13,BLR_129691,59.92709003438064,1,537.0,0.03571428571428571,False
2025-11-13,BLR_129696,266.8866537467741,2,1939.0,0.25,False
2025-11-13,BLR_129698,487.2406737651552,3,2507.0,0.5892857142857143,False
2025-11-13,BLR_129700,539.499887181693,3,4373.0,0.6607142857142857,False
2025-11-13,BLR_129701,539.0246834140629,3,3505.0,0.6428571428571429,False
2025-11-13,BLR_129702,307.24586065554155,2,4191.0,0.32142857142857145,False
2025-11-13,BLR_129703,651.0354660049078,5,1026.0,0.8928571428571429,False
2025-11-13,BLR_129704,621.3108988617454,5,122.0,0.8392857142857143,False
2025-11-13,BLR_129705,723.134008498325,5,5123.0,0.9464285714285714,True
2025-11-13,BLR_129707,713.0747649304705,5,2102.0,0.9285714285714286,True
2025-11-13,BLR_129708,743.1681275647447,5,2744.0,1.0,True
2025-11-13,BLR_129709,314.45598928412,2,3369.0,0.35714285714285715,False
2025-11-13,BLR_129710,27.398280977336295,1,2.0,0.017857142857142856,False
2025-11-13,BLR_129711,313.10333772039183,2,3008.0,0.3392857142857143,False
2025-11-13,BLR_129712,735.2711566762106,5,3756.0,0.9821428571428571,True
2025-11-13,BLR_129713,440.5678305307586,3,4.0,0.5357142857142857,False
2025-11-13,BLR_129714,288.3261685313659,2,1221.0,0.2857142857142857,False
2025-11-13,BLR_129715,548.6557304005693,3,3903.0,0.6964285714285714,False
2025-11-13,BLR_129716,546.3917371352669,3,2472.0,0.6785714285714286,False
2025-11-13,BLR_129717,642.4526753000796,5,642.0,0.875,False
2025-11-13,BLR_129718,324.14012797142027,2,1991.0,0.375,False
2025-11-13,BLR_129719,617.2613775237675,5,2439.0,0.8214285714285714,False
2025-11-13,BLR_129720,566.7773517743412,5,1520.0,0.75,False
2025-11-13,BLR_129721,102.37968796469843,1,1629.0,0.125,False
2025-11-13,BLR_129722,563.4221596762034,5,1213.0,0.7321428571428571,False
2025-11-13,BLR_129723,473.83504632906164,3,1.0,0.5714285714285714,False
2025-11-13,BLR_129724,305.8449367591658,2,456.0,0.30357142857142855,False
2025-11-13,BLR_129725,730.1993682793213,9,2947.0,0.9642857142857143,True
2025-11-13,BLR_129727,602.0670527606544,5,559.0,0.7857142857142857,False
2025-11-13,BLR_129728,340.96773886807574,2,2301.0,0.4107142857142857,False
2025-11-13,BLR_129729,570.0182680928622,3,3512.0,0.7678571428571429,False
2025-11-13,BLR_129730,639.0081090818678,5,2286.0,0.8571428571428571,False
2025-11-13,BLR_129731,99.59840591061696,1,1831.0,0.08928571428571429,False
2025-11-13,BLR_129732,104.5797148969063,1,1293.0,0.14285714285714285,False
2025-11-13,BLR_129733,602.9669959837413,5,2334.0,0.8035714285714286,False
2025-11-13,BLR_129735,141.43901487359733,1,2558.0,0.23214285714285715,False
2025-11-13,BLR_129736,135.42349642582957,1,1107.0,0.19642857142857142,False
2025-11-13,BLR_129738,399.5656150379211,2,6150.0,0.4642857142857143,False
2025-11-13,BLR_129739,356.5679042511632,1,13056.0,0.42857142857142855,False
2025-11-13,BLR_129740,561.4851163870011,5,1.0,0.7142857142857143,False
2025-11-14,BLR_120033,618.5170210745708,5,106.0,0.7857142857142857,False
2025-11-14,BLR_120034,645.4200730734974,5,841.0,0.8571428571428571,False
2025-11-14,BLR_120035,501.2326886559035,3,2712.0,0.6071428571428571,False
2025-11-14,BLR_120036,676.1747455880503,5,2511.0,0.9107142857142857,True
2025-11-14,BLR_120037,127.43680720467343,1,3136.0,0.17857142857142858,False
2025-11-14,BLR_120038,644.0513301196668,5,634.0,0.8392857142857143,False
2025-11-14,BLR_120039,140.46275656397182,1,4869.0,0.19642857142857142,False
2025-11-14,BLR_120040,29.756379727586115,1,534.0,0.03571428571428571,False
2025-11-14,BLR_120041,19.051684378859363,1,248.0,0.017857142857142856,False
2025-11-14,BLR_120042,321.5827659627206,2,2000.0,0.44642857142857145,False
2025-11-14,BLR_120043,99.77441623713203,1,1255.0,0.125,False
2025-11-14,BLR_120045,51.86349527749367,1,452.0,0.05357142857142857,False
2025-11-14,BLR_120046,84.6953580926181,1,1028.0,0.07142857142857142,False
2025-11-14,BLR_120047,109.01482636120946,1,2383.0,0.16071428571428573,False
2025-11-14,BLR_120048,427.53396649281586,3,1.0,0.5,False
2025-11-14,BLR_120049,312.1709062505791,2,3939.0,0.4107142857142857,False
2025-11-14,BLR_120050,593.9591392194328,3,4370.0,0.75,False
2025-11-14,BLR_120051,203.56934080626263,2,1756.0,0.26785714285714285,False
2025-11-14,BLR_120053,104.6463207051978,1,1186.0,0.14285714285714285,False
2025-11-14,BLR_120054,713.6428711695012,5,2368.0,0.9642857142857143,True
2025-11-14,BLR_120055,773.1229257463573,5,4191.0,1.0,True
2025-11-14,BLR_120057,685.780803732685,5,1772.0,0.9285714285714286,True
2025-11-14,BLR_120058,252.69991960161886,2,3521.0,0.32142857142857145,False
2025-11-14,BLR_120059,646.094636428243,5,603.0,0.875,False
2025-11-14,BLR_120061,186.31004104824493,2,1072.0,0.25,False
2025-11-14,BLR_120064,222.92725831491916,2,1551.0,0.30357142857142855,False
2025-11-14,BLR_120065,90.35599742521408,1,520.0,0.08928571428571429,False
2025-11-14,BLR_120066,490.90562508155165,3,3289.0,0.5892857142857143,False
2025-11-14,BLR_120067,556.0983665041391,3,3987.0,0.6785714285714286,False
2025-11-14,BLR_120068,181.65346396185032,2,322.0,0.23214285714285715,False
2025-11-14,BLR_120069,318.1186952374416,2,5156.0,0.42857142857142855,False
2025-11-14,BLR_120070,174.54260075103338,2,2.0,0.21428571428571427,False
2025-11-14,BLR_120071,309.7327083649938,2,5436.0,0.39285714285714285,False
2025-11-14,BLR_120072,629.2719363228623,5,2378.0,0.8214285714285714,False
2025-11-14,BLR_120073,287.782840192958,2,2488.0,0.35714285714285715,False
2025-11-14,BLR_120074,279.223748410728,2,2053.0,0.3392857142857143,False
2025-11-14,BLR_120075,567.9760616185297,3,2589.0,0.6964285714285714,False
2025-11-14,BLR_120076,532.73563558541,3,2220.0,0.6607142857142857,False
2025-11-14,BLR_120077,372.0829723192233,2,8251.0,0.4642857142857143,False
2025-11-14,BLR_120078,651.5266934647509,5,5183.0,0.8928571428571429,False
2025-11-14,BLR_120079,570.1548989939492,5,1654.0,0.7142857142857143,False
2025-11-14,BLR_120080,702.5532985145819,5,2513.0,0.9464285714285714,True
2025-11-14,BLR_120081,514.3382970761643,3,2511.0,0.625,False
2025-11-14,BLR_120084,299.2050214520928,3,4.0,0.375,False
2025-11-14,BLR_120085,737.2274484663587,9,3382.0,0.9821428571428571,True
2025-11-14,BLR_120087,454.61403624693156,3,6383.0,0.5178571428571429,False
2025-11-14,BLR_120088,622.8356358883665,5,1818.0,0.8035714285714286,False
2025-11-14,BLR_120089,416.7637483996408,3,5477.0,0.48214285714285715,False
2025-11-14,BLR_120090,92.72810744691482,1,633.0,0.10714285714285714,False
2025-11-14,BLR_120091,608.1096134910181,5,687.0,0.7678571428571429,False
2025-11-14,BLR_120092,475.64380550571525,3,3957.0,0.5714285714285714,False
2025-11-14,BLR_120093,459.4057463005556,3,3451.0,0.5357142857142857,False
2025-11-14,BLR_120094,221.8296111943402,1,5211.0,0.2857142857142857,False
2025-11-14,BLR_120095,474.871103588376,3,4385.0,0.5535714285714286,False
2025-11-14,BLR_120098,578.6577920704897,4,2614.0,0.7321428571428571,False
2025-11-14,BLR_120099,528.2719754072982,4,804.0,0.6428571428571429,False
2025-11-15,BLR_120396,593.7064618234929,5,846.0,0.9213483146067416,True
2025-11-15,BLR_120397,538.3228239043897,5,1.0,0.8202247191011236,False
2025-11-15,BLR_120398,538.0720672905973,5,1.0,0.8089887640449438,False
2025-11-15,BLR_120399,553.006408500138,5,110.0,0.8539325842696629,False
2025-11-15,BLR_120400,121.5343842375606,1,2.0,0.15730337078651685,False
2025-11-15,BLR_120401,292.5453346729233,3,2.0,0.4044943820224719,False
2025-11-15,BLR_120402,284.0302961824426,2,2.0,0.38202247191011235,False
2025-11-15,BLR_120403,526.6592852428042,5,2.0,0.7528089887640449,False
2025-11-15,BLR_120404,325.32451797060247,2,2945.0,0.4606741573033708,False
2025-11-15,BLR_120405,558.8829623590519,5,592.0,0.8651685393258427,False
2025-11-15,BLR_120406,532.8507852668107,5,2.0,0.797752808988764,False
2025-11-15,BLR_120407,532.2089093169601,5,2.0,0.7865168539325843,False
2025-11-15,BLR_120408,122.64240688979086,2,3.0,0.16853932584269662,False
2025-11-15,BLR_120409,328.0430474447134,2,3999.0,0.47191011235955055,False
2025-11-15,BLR_120410,195.66539443606507,1,2391.0,0.25842696629213485,False
2025-11-15,BLR_120411,204.58838785792491,2,1666.0,0.2696629213483146,False
2025-11-15,BLR_120412,251.3203589907015,2,2105.0,0.3258426966292135,False
2025-11-15,BLR_120413,329.10232503000043,2,3766.0,0.48314606741573035,False
2025-11-15,BLR_120414,455.6749690136948,3,656.0,0.6292134831460674,False
2025-11-15,BLR_120415,187.12539374187935,2,2.0,0.2247191011235955,False
2025-11-15,BLR_120416,531.7832955475116,5,1.0,0.7752808988764045,False
2025-11-15,BLR_120417,531.2541626652592,5,1.0,0.7640449438202247,False
2025-11-15,BLR_120418,291.756926426507,3,2.0,0.39325842696629215,False
2025-11-15,BLR_120419,662.6323526106129,5,1841.0,0.9887640449438202,True
2025-11-15,BLR_120420,423.8818237117357,3,2897.0,0.5842696629213483,False
2025-11-15,BLR_120421,424.36655637004094,3,3691.0,0.5955056179775281,False
2025-11-15,BLR_120422,480.0595409289764,3,2977.0,0.6741573033707865,False
2025-11-15,BLR_120423,631.4519692150151,5,2049.0,0.9438202247191011,True
2025-11-15,BLR_120424,448.90001749269976,3,3367.0,0.6179775280898876,False
2025-11-15,BLR_120426,670.8396753813362,5,2936.0,1.0,True
2025-11-15,BLR_120427,361.303533142749,3,2.0,0.5168539325842697,False
2025-11-15,BLR_120428,187.22581873499195,2,2.0,0.23595505617977527,False
2025-11-15,BLR_120429,599.6724469875343,5,2366.0,0.9325842696629213,True
2025-11-15,BLR_120430,110.46124457777799,1,1.0,0.14606741573033707,False
2025-11-15,BLR_120431,187.36699621753255,2,2.0,0.24719101123595505,False
2025-11-15,BLR_120432,305.64606926138237,2,2356.0,0.43820224719101125,False
2025-11-15,BLR_120433,494.6360699379529,3,2820.0,0.6966292134831461,False
2025-11-15,BLR_120434,580.9326579008222,9,2.0,0.8876404494382022,False
2025-11-15,BLR_120435,135.71562855955918,1,763.0,0.19101123595505617,False
2025-11-15,BLR_120436,474.43505065972573,5,2.0,0.651685393258427,False
2025-11-15,BLR_120437,283.67963570722713,2,1706.0,0.3707865168539326,False
2025-11-15,BLR_120438,45.544682549543566,1,1149.0,0.056179775280898875,False
2025-11-15,BLR_120439,367.8522009858729,2,5504.0,0.5280898876404494,False
2025-11-15,BLR_120440,376.8847871783201,3,1.0,0.5393258426966292,False
2025-11-15,BLR_120441,48.767082925108156,1,1191.0,0.06741573033707865,False
2025-11-15,BLR_120442,521.4371025387055,5,393.0,0.7415730337078652,False
2025-11-15,BLR_120443,75.66963686764629,1,1662.0,0.07865168539325842,False
2025-11-15,BLR_120444,479.69393259040066,5,1.0,0.6629213483146067,False
2025-11-15,BLR_120445,25.73076401850133,1,2.0,0.0449438202247191,False
2025-11-15,BLR_120446,25.064466849730003,1,1.0,0.02247191011235955,False
2025-11-15,BLR_120447,445.78484531094216,3,2009.0,0.6067415730337079,False
2025-11-15,BLR_120448,25.408840046791205,1,2.0,0.033707865168539325,False
2025-11-15,BLR_120449,24.51820238763663,1,2.0,0.011235955056179775,False
2025-11-15,BLR_120450,655.1623596007305,9,1349.0,0.9662921348314607,True
2025-11-15,BLR_120451,518.7054376784961,3,3784.0,0.7303370786516854,False
2025-11-15,BLR_120452,389.64274978178736,3,1.0,0.550561797752809,False
2025-11-15,BLR_120453,561.5578273392582,5,2693.0,0.8764044943820225,False
2025-11-15,BLR_120454,294.7364409206695,1,6846.0,0.4157303370786517,False
2025-11-15,BLR_120455,295.8449480756186,1,6263.0,0.42696629213483145,False
2025-11-15,BLR_120456,230.524993481065,2,2.0,0.29213483146067415,False
2025-11-15,BLR_120457,230.7444877982101,2,2.0,0.30337078651685395,False
2025-11-15,BLR_120458,504.2393598270422,3,2259.0,0.7191011235955056,False
2025-11-15,BLR_120459,257.1925651566774,2,363.0,0.3595505617977528,False
2025-11-15,BLR_120460,89.71701707206331,1,523.0,0.11235955056179775,False
2025-11-15,BLR_120461,236.46358450950498,2,1.0,0.3146067415730337,False
2025-11-15,BLR_120462,323.84128235994916,2,1084.0,0.449438202247191,False
2025-11-15,BLR_120463,329.790721310571,2,1725.0,0.4943820224719101,False
2025-11-15,BLR_120464,256.1311576025035,2,1.0,0.33707865168539325,False
2025-11-15,BLR_120465,160.93421465232598,1,2669.0,0.21348314606741572,False
2025-11-15,BLR_120466,470.4957464074006,5,2.0,0.6404494382022472,False
2025-11-15,BLR_120467,82.4231109277897,1,2.0,0.10112359550561797,False
2025-11-15,BLR_120468,581.1093975116559,5,1839.0,0.898876404494382,False
2025-11-15,BLR_120469,543.6937991148271,5,550.0,0.8314606741573034,False
2025-11-15,BLR_120470,403.6981307742906,3,2.0,0.5617977528089888,False
2025-11-15,BLR_120471,81.89215327363166,1,1.0,0.0898876404494382,False
2025-11-15,BLR_120472,503.52684787554085,3,2201.0,0.7078651685393258,False
2025-11-15,BLR_120473,140.91393892250227,1,959.0,0.20224719101123595,False
2025-11-15,BLR_120474,91.70555073064112,1,2.0,0.1348314606741573,False
2025-11-15,BLR_120475,256.833551376748,2,2.0,0.34831460674157305,False
2025-11-15,BLR_120476,419.3132155847897,3,1.0,0.5730337078651685,False
2025-11-15,BLR_120477,341.21772479957593,2,3900.0,0.5056179775280899,False
2025-11-15,BLR_120478,543.9497472227712,3,2233.0,0.8426966292134831,False
2025-11-15,BLR_120479,586.1604557159311,3,4433.0,0.9101123595505618,True
2025-11-15,BLR_120480,640.4132290973971,5,4226.0,0.9550561797752809,True
2025-11-15,BLR_120481,484.9918040019491,5,1.0,0.6853932584269663,False
2025-11-15,BLR_120482,91.15285301284743,1,2.0,0.12359550561797752,False
2025-11-15,BLR_120483,655.3240125798894,5,1829.0,0.9775280898876404,True
2025-11-15,BLR_120484,129.85450765736124,1,420.0,0.1797752808988764,False
2025-11-15,BLR_120485,211.1732581754249,1,1754.0,0.2808988764044944,False
2025-11-16,BLR_120612,622.123579600527,5,112.0,0.8181818181818182,False
2025-11-16,BLR_120613,631.1726336095811,5,853.0,0.8545454545454545,False
2025-11-16,BLR_120614,138.81174156898302,1,1376.0,0.16363636363636364,False
2025-11-16,BLR_120615,326.10043283927837,2,2323.0,0.36363636363636365,False
2025-11-16,BLR_120618,154.86257729783,1,2509.0,0.18181818181818182,False
2025-11-16,BLR_120619,32.267479013376565,1,707.0,0.01818181818181818,False
2025-11-16,BLR_120620,835.5592645003137,5,10474.0,1.0,True
2025-11-16,BLR_120621,365.96876227198396,2,3853.0,0.43636363636363634,False
2025-11-16,BLR_120622,535.3076521924099,3,3407.0,0.6363636363636364,False
2025-11-16,BLR_120623,424.49651264136253,3,3188.0,0.4909090909090909,False
2025-11-16,BLR_120624,92.1204572466306,1,2289.0,0.09090909090909091,False
2025-11-16,BLR_120625,189.4023389954921,2,1267.0,0.21818181818181817,False
2025-11-16,BLR_120627,351.4508664215435,3,1.0,0.4,False
2025-11-16,BLR_120628,591.7380137323028,5,2.0,0.7818181818181819,False
2025-11-16,BLR_120629,173.5311829534663,2,487.0,0.2,False
2025-11-16,BLR_120630,54.682286511811256,1,820.0,0.03636363636363636,False
2025-11-16,BLR_120631,268.63410278419786,2,2873.0,0.32727272727272727,False
2025-11-16,BLR_120632,259.1373332403988,2,1910.0,0.2727272727272727,False
2025-11-16,BLR_120633,591.2599357389444,5,3.0,0.7636363636363637,False
2025-11-16,BLR_120634,61.2239227856113,1,1060.0,0.05454545454545454,False
2025-11-16,BLR_120635,477.1056786982952,3,5348.0,0.5454545454545454,False
2025-11-16,BLR_120637,721.2030843530353,5,2027.0,0.9818181818181818,True
2025-11-16,BLR_120638,670.9929197558267,5,712.0,0.9454545454545454,True
2025-11-16,BLR_120639,91.41995403993617,1,1307.0,0.07272727272727272,False
2025-11-16,BLR_120640,263.50926451722694,2,2201.0,0.2909090909090909,False
2025-11-16,BLR_120641,656.1317160367132,5,670.0,0.9090909090909091,True
2025-11-16,BLR_120642,644.9072304181619,5,518.0,0.8909090909090909,False
2025-11-16,BLR_120643,561.2630311515769,5,752.0,0.6727272727272727,False
2025-11-16,BLR_120644,305.00231411644495,2,2935.0,0.34545454545454546,False
2025-11-16,BLR_120645,229.02938625071639,1,8479.0,0.2545454545454545,False
2025-11-16,BLR_120646,505.15226768415073,3,4272.0,0.5818181818181818,False
2025-11-16,BLR_120648,330.73515677350224,2,3217.0,0.38181818181818183,False
2025-11-16,BLR_120649,476.99021164478285,3,2357.0,0.5272727272727272,False
2025-11-16,BLR_120651,613.6764646878044,5,3380.0,0.8,False
2025-11-16,BLR_120652,389.8231749568509,2,6292.0,0.45454545454545453,False
2025-11-16,BLR_120653,94.21440941155232,1,584.0,0.10909090909090909,False
2025-11-16,BLR_120655,457.5705533209388,3,2261.0,0.509090909090909,False
2025-11-16,BLR_120656,364.8064690993215,2,3876.0,0.41818181818181815,False
2025-11-16,BLR_120657,487.3150695348658,3,2158.0,0.5636363636363636,False
2025-11-16,BLR_120658,263.5651474690123,2,1.0,0.3090909090909091,False
2025-11-16,BLR_120659,587.1762316911323,5,2507.0,0.7454545454545455,False
2025-11-16,BLR_120660,711.4810490225084,9,2050.0,0.9636363636363636,True
2025-11-16,BLR_120661,115.92664073506201,1,1008.0,0.12727272727272726,False
2025-11-16,BLR_120662,411.2519051378604,2,5022.0,0.4727272727272727,False
2025-11-16,BLR_120663,579.3987833833099,5,406.0,0.6909090909090909,False
2025-11-16,BLR_120664,628.6796814388239,5,2187.0,0.8363636363636363,False
2025-11-16,BLR_120665,634.8566638899895,5,1947.0,0.8727272727272727,False
2025-11-16,BLR_120666,134.76168704200097,1,1576.0,0.14545454545454545,False
2025-11-16,BLR_120667,538.9786812641535,3,2802.0,0.6545454545454545,False
2025-11-16,BLR_120668,534.8670805981944,3,4185.0,0.6181818181818182,False
2025-11-16,BLR_120669,511.1987538807119,3,1704.0,0.6,False
2025-11-16,BLR_120671,582.3410297448364,3,3570.0,0.7090909090909091,False
2025-11-16,BLR_120672,669.4546566415594,5,1706.0,0.9272727272727272,True
2025-11-16,BLR_120674,583.0922391175043,3,2825.0,0.7272727272727273,False
2025-11-16,BLR_120675,204.76137019819149,1,4462.0,0.23636363636363636,False
2025-11-17,BLR_120929,555.1805078758156,5,655.0,0.8421052631578947,False
2025-11-17,BLR_120930,533.4036454244568,5,84.0,0.7719298245614035,False
2025-11-17,BLR_120931,455.5803352289866,3,1474.0,0.631578947368421,False
2025-11-17,BLR_120932,588.3728075997188,5,1971.0,0.9298245614035088,True
2025-11-17,BLR_120933,552.6236030652447,5,1.0,0.8245614035087719,False
2025-11-17,BLR_120934,354.64646141038526,3,2152.0,0.5789473684210527,False
2025-11-17,BLR_120935,102.37566592389658,1,673.0,0.10526315789473684,False
2025-11-17,BLR_120936,336.6869926870411,2,4160.0,0.5263157894736842,False
2025-11-17,BLR_120938,315.4898550051436,2,5442.0,0.42105263157894735,False
2025-11-17,BLR_120939,148.976685865551,1,1273.0,0.21052631578947367,False
2025-11-17,BLR_120940,275.19014326430346,2,5773.0,0.3508771929824561,False
2025-11-17,BLR_120941,543.5169951153208,5,5.0,0.7894736842105263,False
2025-11-17,BLR_120942,350.0058264271413,3,1546.0,0.5614035087719298,False
2025-11-17,BLR_120943,89.13330251433217,1,2661.0,0.07017543859649122,False
2025-11-17,BLR_120946,249.27636274190397,2,2879.0,0.3333333333333333,False
2025-11-17,BLR_120947,163.53195857604103,2,2.0,0.22807017543859648,False
2025-11-17,BLR_120949,210.36812247492563,2,924.0,0.2807017543859649,False
2025-11-17,BLR_120950,144.72478372850088,1,4537.0,0.19298245614035087,False
2025-11-17,BLR_120951,622.1040616422889,5,2846.0,0.9824561403508771,True
2025-11-17,BLR_120952,417.1254620206745,3,2853.0,0.6140350877192983,False
2025-11-17,BLR_120953,241.50535516023467,2,1629.0,0.3157894736842105,False
2025-11-17,BLR_120954,564.6327301386494,5,462.0,0.8947368421052632,False
2025-11-17,BLR_120955,605.4832786712929,5,2865.0,0.9473684210526315,True
2025-11-17,BLR_120956,320.8399339816096,3,1.0,0.43859649122807015,False
2025-11-17,BLR_120957,330.3768388752371,3,144.0,0.49122807017543857,False
2025-11-17,BLR_120958,184.75371565599573,2,1.0,0.2631578947368421,False
2025-11-17,BLR_120959,19.10926496473682,1,4.0,0.017543859649122806,False
2025-11-17,BLR_120960,74.38495966265405,1,1471.0,0.03508771929824561,False
2025-11-17,BLR_120961,77.56960301027293,1,1168.0,0.05263157894736842,False
2025-11-17,BLR_120962,624.0483374816054,9,2432.0,1.0,True
2025-11-17,BLR_120963,561.6534307789358,5,2563.0,0.8596491228070176,False
2025-11-17,BLR_120964,106.54544043864013,1,2038.0,0.14035087719298245,False
2025-11-17,BLR_120966,474.921998203269,5,21.0,0.6666666666666666,False
2025-11-17,BLR_120967,91.99656035321291,1,709.0,0.08771929824561403,False
2025-11-17,BLR_120968,323.2999915950834,3,3.0,0.45614035087719296,False
2025-11-17,BLR_120969,304.57028840412954,2,3444.0,0.38596491228070173,False
2025-11-17,BLR_120970,618.3360082009702,5,6818.0,0.9649122807017544,True
2025-11-17,BLR_120971,477.6414259935484,3,4962.0,0.7017543859649122,False
2025-11-17,BLR_120972,105.0650149140902,1,785.0,0.12280701754385964,False
2025-11-17,BLR_120974,551.5620108422968,5,1536.0,0.8070175438596491,False
2025-11-17,BLR_120976,345.63388376451405,3,2.0,0.543859649122807,False
2025-11-17,BLR_120977,332.80944852440825,2,4104.0,0.5087719298245614,False
2025-11-17,BLR_120978,114.47509788162942,1,962.0,0.15789473684210525,False
2025-11-17,BLR_120979,166.45803867823597,1,1905.0,0.24561403508771928,False
2025-11-17,BLR_120980,238.37557965681145,2,298.0,0.2982456140350877,False
2025-11-17,BLR_120983,519.988402423264,5,412.0,0.7543859649122807,False
2025-11-17,BLR_120985,325.4003706325412,2,2835.0,0.47368421052631576,False
2025-11-17,BLR_120987,494.33753708898814,5,215.0,0.7368421052631579,False
2025-11-17,BLR_120988,411.01420138306037,3,2034.0,0.5964912280701754,False
2025-11-17,BLR_120989,300.7474653877111,2,1726.0,0.3684210526315789,False
2025-11-17,BLR_120990,570.9013942961703,3,7321.0,0.9122807017543859,True
2025-11-17,BLR_120991,475.79363192443793,3,4137.0,0.6842105263157895,False
2025-11-17,BLR_120992,310.0907085534247,2,1657.0,0.40350877192982454,False
2025-11-17,BLR_120993,465.2445881439178,3,2026.0,0.6491228070175439,False
2025-11-17,BLR_120995,116.96573772984148,1,747.0,0.17543859649122806,False
2025-11-17,BLR_120996,493.00008184284354,3,2634.0,0.7192982456140351,False
2025-11-17,BLR_120997,561.8192267331182,5,1482.0,0.8771929824561403,False
2025-11-18,BLR_121435,570.8666738899713,5,108.0,0.8,False
2025-11-18,BLR_121436,589.6929199925216,5,1153.0,0.86,False
2025-11-18,BLR_121437,494.2214226132572,3,3246.0,0.64,False
2025-11-18,BLR_121438,286.5223651228256,2,2223.0,0.4,False
2025-11-18,BLR_121439,381.3547062245467,3,6499.0,0.5,False
2025-11-18,BLR_121440,343.7774391446116,3,2001.0,0.46,False
2025-11-18,BLR_121441,391.0227850186598,3,3044.0,0.52,False
2025-11-18,BLR_121442,639.3344936172583,5,3678.0,0.92,True
2025-11-18,BLR_121444,123.30716621793644,1,2021.0,0.22,False
2025-11-18,BLR_121445,417.8638753235205,3,3532.0,0.54,False
2025-11-18,BLR_121446,291.4478939106126,2,3123.0,0.42,False
2025-11-18,BLR_121447,119.5202362755824,1,2423.0,0.18,False
2025-11-18,BLR_121448,447.70212373122416,3,5351.0,0.56,False
2025-11-18,BLR_121450,474.17740826218164,3,4935.0,0.58,False
2025-11-18,BLR_121452,495.2597774051444,3,4095.0,0.66,False
2025-11-18,BLR_121453,27.402570360472446,1,835.0,0.02,False
2025-11-18,BLR_121454,31.008642709473982,1,775.0,0.04,False
2025-11-18,BLR_121456,122.16915011840761,1,4042.0,0.2,False
2025-11-18,BLR_121457,53.392546770126636,1,784.0,0.1,False
2025-11-18,BLR_121458,576.4074418008419,5,608.0,0.84,False
2025-11-18,BLR_121459,125.45624270358657,2,629.0,0.24,False
2025-11-18,BLR_121460,249.42312642501858,2,5844.0,0.34,False
2025-11-18,BLR_121461,701.4598954543362,5,3242.0,0.98,True
2025-11-18,BLR_121463,703.5653246356713,5,3109.0,1.0,True
2025-11-18,BLR_121464,173.54818706032475,2,1476.0,0.3,False
2025-11-18,BLR_121466,652.0327746286276,5,2286.0,0.94,True
2025-11-18,BLR_121467,225.55814062135218,2,2675.0,0.32,False
2025-11-18,BLR_121468,78.97175588727492,1,1240.0,0.12,False
2025-11-18,BLR_121470,627.7447912514342,5,2875.0,0.88,False
2025-11-18,BLR_121472,565.7164375544074,5,2756.0,0.78,False
2025-11-18,BLR_121473,32.269817000082625,1,4.0,0.06,False
2025-11-18,BLR_121474,491.42653219486766,3,3246.0,0.6,False
2025-11-18,BLR_121475,543.9902859336187,5,3028.0,0.72,False
2025-11-18,BLR_121476,79.22994419739464,1,742.0,0.14,False
2025-11-18,BLR_121477,41.37311321393328,1,1.0,0.08,False
2025-11-18,BLR_121479,682.076267920474,9,2513.0,0.96,True
2025-11-18,BLR_121480,493.81334378413794,5,546.0,0.62,False
2025-11-18,BLR_121481,88.65229322543728,1,967.0,0.16,False
2025-11-18,BLR_121482,166.23329604379632,1,3024.0,0.26,False
2025-11-18,BLR_121483,503.7901931903999,3,3462.0,0.68,False
2025-11-18,BLR_121485,512.6416214504735,3,2753.0,0.7,False
2025-11-18,BLR_121487,354.6870570387138,2,9082.0,0.48,False
2025-11-18,BLR_121488,632.2820540920077,5,3896.0,0.9,False
2025-11-18,BLR_121489,166.79424153767744,2,1.0,0.28,False
2025-11-18,BLR_121490,253.44416756377606,2,2311.0,0.36,False
2025-11-18,BLR_121493,560.2191067798623,5,710.0,0.76,False
2025-11-18,BLR_121494,556.6324347197187,3,4706.0,0.74,False
2025-11-18,BLR_121495,259.72196164172203,2,2274.0,0.38,False
2025-11-18,BLR_121496,574.144241710887,5,2448.0,0.82,False
2025-11-18,BLR_121497,327.8192362150827,2,5728.0,0.44,False
2025-11-19,BLR_121752,253.24567242156002,3,1.0,0.3090909090909091,False
2025-11-19,BLR_121753,97.04206580016172,1,470.0,0.16363636363636364,False
2025-11-19,BLR_121754,448.6672457143839,3,1975.0,0.6181818181818182,False
2025-11-19,BLR_121755,346.5653659909796,3,2287.0,0.4909090909090909,False
2025-11-19,BLR_121756,253.84090749786736,2,328.0,0.32727272727272727,False
2025-11-19,BLR_121759,268.53551254820223,2,927.0,0.38181818181818183,False
2025-11-19,BLR_121760,495.34991783813547,5,2.0,0.7090909090909091,False
2025-11-19,BLR_121763,159.314331261786,2,3163.0,0.21818181818181817,False
2025-11-19,BLR_121764,122.21057388731428,1,1073.0,0.18181818181818182,False
2025-11-19,BLR_121765,581.031496159664,5,1967.0,0.8909090909090909,False
2025-11-19,BLR_121766,386.7546054599499,3,2638.0,0.5454545454545454,False
2025-11-19,BLR_121767,264.4983707245592,2,7284.0,0.36363636363636365,False
2025-11-19,BLR_121769,622.447066549341,5,4625.0,0.9818181818181818,True
2025-11-19,BLR_121770,87.32422212215934,1,812.0,0.12727272727272726,False
2025-11-19,BLR_121771,360.7782712695896,3,2035.0,0.509090909090909,False
2025-11-19,BLR_121772,364.34027130017904,3,1728.0,0.5272727272727272,False
2025-11-19,BLR_121775,551.5180967028659,5,358.0,0.8,False
2025-11-19,BLR_121776,64.1611064946205,1,1265.0,0.07272727272727272,False
2025-11-19,BLR_121777,90.1881336812778,1,2144.0,0.14545454545454545,False
2025-11-19,BLR_121778,46.474419660835565,1,442.0,0.01818181818181818,False
2025-11-19,BLR_121779,584.532161719178,5,499.0,0.9090909090909091,True
2025-11-19,BLR_121780,181.7695695685075,1,6284.0,0.23636363636363636,False
2025-11-19,BLR_121782,322.02944104024186,3,1.0,0.45454545454545453,False
2025-11-19,BLR_121783,593.2734834608509,5,417.0,0.9272727272727272,True
2025-11-19,BLR_121784,625.0676301111238,5,3142.0,1.0,True
2025-11-19,BLR_121785,244.02462282021472,2,4438.0,0.2727272727272727,False
2025-11-19,BLR_121786,60.595880861175644,1,323.0,0.05454545454545454,False
2025-11-19,BLR_121788,252.9154818767937,2,2250.0,0.2909090909090909,False
2025-11-19,BLR_121789,269.78764616066326,2,2986.0,0.4,False
2025-11-19,BLR_121790,183.59086102452656,2,1.0,0.2545454545454545,False
2025-11-19,BLR_121791,69.84369493967016,1,504.0,0.09090909090909091,False
2025-11-19,BLR_121792,259.8150920320983,2,2056.0,0.34545454545454546,False
2025-11-19,BLR_121794,576.988642714379,5,562.0,0.8727272727272727,False
2025-11-19,BLR_121795,486.5870186165704,3,5924.0,0.6727272727272727,False
2025-11-19,BLR_121796,553.479665181218,5,2322.0,0.8363636363636363,False
2025-11-19,BLR_121797,417.58331776594434,3,2616.0,0.5818181818181818,False
2025-11-19,BLR_121798,411.0183969916035,3,800.0,0.5636363636363636,False
2025-11-19,BLR_121799,286.82946183020397,2,2712.0,0.43636363636363634,False
2025-11-19,BLR_121800,594.8748219169938,9,185.0,0.9454545454545454,True
2025-11-19,BLR_121802,459.96351730821004,3,2966.0,0.6363636363636364,False
2025-11-19,BLR_121803,438.62951830988317,3,1875.0,0.6,False
2025-11-19,BLR_121804,529.6863184646853,5,2239.0,0.7636363636363637,False
2025-11-19,BLR_121805,467.8811732379398,3,2544.0,0.6545454545454545,False
2025-11-19,BLR_121806,598.6848658692702,5,6730.0,0.9636363636363636,True
2025-11-19,BLR_121807,284.608528839587,2,1593.0,0.41818181818181815,False
2025-11-19,BLR_121808,56.28997880602315,1,111.0,0.03636363636363636,False
2025-11-19,BLR_121809,344.73625314832645,2,5777.0,0.4727272727272727,False
2025-11-19,BLR_121810,548.6196795313964,5,1215.0,0.7818181818181819,False
2025-11-19,BLR_121812,551.7898370623989,5,1470.0,0.8181818181818182,False
2025-11-19,BLR_121813,85.17858493379413,1,1203.0,0.10909090909090909,False
2025-11-19,BLR_121814,511.8769438690778,3,4315.0,0.7454545454545455,False
2025-11-19,BLR_121815,491.71368680774316,5,1.0,0.6909090909090909,False
2025-11-19,BLR_121816,122.6720865076693,1,2022.0,0.2,False
2025-11-19,BLR_121817,504.1494832997367,5,81.0,0.7272727272727273,False
2025-11-19,BLR_121823,566.6910678246556,5,813.0,0.8545454545454545,False
2025-11-20,BLR_122208,612.3096795693486,5,110.0,0.7321428571428571,False
2025-11-20,BLR_122209,644.1766687406238,5,605.0,0.8035714285714286,False
2025-11-20,BLR_122210,125.94947563631253,1,496.0,0.16071428571428573,False
2025-11-20,BLR_122211,127.98129132308551,1,921.0,0.17857142857142858,False
2025-11-20,BLR_122212,628.894521608463,5,836.0,0.7678571428571429,False
2025-11-20,BLR_122213,721.6988523822334,5,5239.0,0.8928571428571429,False
2025-11-20,BLR_122215,356.3863226734128,2,2147.0,0.35714285714285715,False
2025-11-20,BLR_122216,386.9335305978874,2,5496.0,0.4107142857142857,False
2025-11-20,BLR_122218,109.56549151542829,1,973.0,0.125,False
2025-11-20,BLR_122219,64.72597975771377,1,1642.0,0.05357142857142857,False
2025-11-20,BLR_122222,697.5801426388916,5,1719.0,0.8571428571428571,False
2025-11-20,BLR_122223,6.500500029828256,1,1.0,0.017857142857142856,False
2025-11-20,BLR_122224,564.635388510147,3,1954.0,0.625,False
2025-11-20,BLR_122225,754.325540419169,5,3690.0,0.9285714285714286,True
2025-11-20,BLR_122227,134.91895995485217,2,7.0,0.23214285714285715,False
2025-11-20,BLR_122228,400.5187853657075,3,2137.0,0.4642857142857143,False
2025-11-20,BLR_122229,278.4104711971896,2,4724.0,0.30357142857142855,False
2025-11-20,BLR_122230,700.5449070601305,5,2466.0,0.875,False
2025-11-20,BLR_122231,75.42028100397427,1,1688.0,0.07142857142857142,False
2025-11-20,BLR_122232,545.4225790010587,3,5707.0,0.5714285714285714,False
2025-11-20,BLR_122233,981.7796394225544,6,7184.0,1.0,True
2025-11-20,BLR_122234,746.713334164157,6,1.0,0.9107142857142857,True
2025-11-20,BLR_122235,50.19188373652355,1,449.0,0.03571428571428571,False
2025-11-20,BLR_122236,962.1744113701732,6,8485.0,0.9821428571428571,True
2025-11-20,BLR_122237,133.97733874874658,1,4157.0,0.21428571428571427,False
2025-11-20,BLR_122238,211.80515931986648,2,947.0,0.25,False
2025-11-20,BLR_122239,83.4164257036432,1,1075.0,0.08928571428571429,False
2025-11-20,BLR_122240,266.3916042623393,2,2257.0,0.2857142857142857,False
2025-11-20,BLR_122241,283.0522460040826,2,1932.0,0.32142857142857145,False
2025-11-20,BLR_122243,645.7941966507234,5,1527.0,0.8214285714285714,False
2025-11-20,BLR_122244,608.1891496356462,5,657.0,0.7142857142857143,False
2025-11-20,BLR_122245,636.5704861043957,5,2935.0,0.7857142857142857,False
2025-11-20,BLR_122246,875.2026666260812,6,5648.0,0.9642857142857143,True
2025-11-20,BLR_122247,392.14124982236757,2,8058.0,0.42857142857142855,False
2025-11-20,BLR_122248,648.4634942409666,5,2198.0,0.8392857142857143,False
2025-11-20,BLR_122249,510.95499374661216,3,6123.0,0.5,False
2025-11-20,BLR_122251,522.392850685483,3,3823.0,0.5357142857142857,False
2025-11-20,BLR_122252,822.7104745929341,9,2245.0,0.9464285714285714,True
2025-11-20,BLR_122253,364.2982187940393,2,4517.0,0.375,False
2025-11-20,BLR_122254,454.48912326548015,3,595.0,0.48214285714285715,False
2025-11-20,BLR_122255,259.49784055929797,2,1.0,0.26785714285714285,False
2025-11-20,BLR_122256,128.44226850953808,1,2415.0,0.19642857142857142,False
2025-11-20,BLR_122257,521.59797456276,3,3604.0,0.5178571428571429,False
2025-11-20,BLR_122258,400.28721707065745,2,4106.0,0.44642857142857145,False
2025-11-20,BLR_122261,96.35261548468807,1,673.0,0.10714285714285714,False
2025-11-20,BLR_122262,614.8376352991849,5,516.0,0.75,False
2025-11-20,BLR_122263,598.9563503197486,5,452.0,0.6785714285714286,False
2025-11-20,BLR_122265,112.3068045940258,1,968.0,0.14285714285714285,False
2025-11-20,BLR_122266,539.6309743788919,3,2955.0,0.5535714285714286,False
2025-11-20,BLR_122267,553.0371057031518,3,3114.0,0.5892857142857143,False
2025-11-20,BLR_122268,371.13386548627096,1,16379.0,0.39285714285714285,False
2025-11-20,BLR_122269,554.190149231371,3,2189.0,0.6071428571428571,False
2025-11-20,BLR_122270,307.20425259894756,2,395.0,0.3392857142857143,False
2025-11-20,BLR_122272,572.5362273519942,3,2372.0,0.6428571428571429,False
2025-11-20,BLR_122273,590.6427573834535,3,3198.0,0.6607142857142857,False
2025-11-20,BLR_122274,606.2453571489093,5,879.0,0.6964285714285714,False
2025-11-21,BLR_122469,762.8816460213295,6,903.0,0.9322033898305084,True
2025-11-21,BLR_122476,666.0304400141116,5,93.0,0.7627118644067796,False
2025-11-21,BLR_122477,683.9785416389298,5,888.0,0.8135593220338984,False
2025-11-21,BLR_122479,313.3948967131386,2,2.0,0.3220338983050847,False
2025-11-21,BLR_122480,794.1556524135954,9,1956.0,0.9830508474576272,True
2025-11-21,BLR_122482,517.2763584766327,3,4740.0,0.6101694915254238,False
2025-11-21,BLR_122483,403.42680575205657,2,3899.0,0.4915254237288136,False
2025-11-21,BLR_122484,181.39242914785368,1,2203.0,0.2033898305084746,False
2025-11-21,BLR_122485,143.10841074825063,1,632.0,0.15254237288135594,False
2025-11-21,BLR_122486,371.28317465560065,2,3657.0,0.423728813559322,False
2025-11-21,BLR_122487,210.4999946405221,2,2121.0,0.2542372881355932,False
2025-11-21,BLR_122488,319.85385766177365,2,5159.0,0.3389830508474576,False
2025-11-21,BLR_122489,183.66774871345294,2,2.0,0.22033898305084745,False
2025-11-21,BLR_122490,707.3447903807682,5,2321.0,0.847457627118644,False
2025-11-21,BLR_122491,258.39027978750363,2,2329.0,0.2711864406779661,False
2025-11-21,BLR_122492,145.77132128468708,1,1222.0,0.1694915254237288,False
2025-11-21,BLR_122493,758.1797280352778,5,3154.0,0.9152542372881356,True
2025-11-21,BLR_122494,728.8211042645229,5,490.0,0.864406779661017,False
2025-11-21,BLR_122496,766.580073850561,5,2326.0,0.9491525423728814,True
2025-11-21,BLR_122497,287.3377146473147,2,2308.0,0.288135593220339,False
2025-11-21,BLR_122498,539.1631838705746,3,2669.0,0.6271186440677966,False
2025-11-21,BLR_122499,349.4340667592777,2,5953.0,0.4067796610169492,False
2025-11-21,BLR_122500,514.5856280925035,3,2719.0,0.5932203389830508,False
2025-11-21,BLR_122501,792.3853672295744,5,3540.0,0.9661016949152542,True
2025-11-21,BLR_122503,547.441542125356,3,2185.0,0.6440677966101694,False
2025-11-21,BLR_122505,1255.2117178491512,3,3107.0,1.0,True
2025-11-21,BLR_122506,746.9746626454242,5,2875.0,0.8983050847457628,False
2025-11-21,BLR_122507,27.493989550370824,1,531.0,0.03389830508474576,False
2025-11-21,BLR_122508,377.04603548587573,2,4002.0,0.4406779661016949,False
2025-11-21,BLR_122509,671.9746681888342,5,3764.0,0.7966101694915254,False
2025-11-21,BLR_122510,18.918514532180254,1,310.0,0.01694915254237288,False
2025-11-21,BLR_122512,328.8352219235888,2,1703.0,0.3559322033898305,False
2025-11-21,BLR_122513,391.1175752884692,2,3532.0,0.4576271186440678,False
2025-11-21,BLR_122514,551.0276480441357,3,3461.0,0.6610169491525424,False
2025-11-21,BLR_122516,71.86629598275371,1,1643.0,0.06779661016949153,False
2025-11-21,BLR_122518,47.758624720926946,1,813.0,0.05084745762711865,False
2025-11-21,BLR_122519,131.96998007251185,1,3348.0,0.1016949152542373,False
2025-11-21,BLR_122520,578.1146264530463,5,633.0,0.711864406779661,False
2025-11-21,BLR_122521,571.0723282862195,5,569.0,0.6949152542372882,False
2025-11-21,BLR_122522,195.14676647871073,1,4755.0,0.23728813559322035,False
2025-11-21,BLR_122523,702.063759663386,5,3605.0,0.8305084745762712,False
2025-11-21,BLR_122524,337.0525116899322,1,9617.0,0.3898305084745763,False
2025-11-21,BLR_122526,637.4223923661399,3,6575.0,0.7457627118644068,False
2025-11-21,BLR_122527,480.5173360877399,3,488.0,0.576271186440678,False
2025-11-21,BLR_122528,404.09931832357336,3,2309.0,0.5084745762711864,False
2025-11-21,BLR_122529,310.4952010144619,2,345.0,0.3050847457627119,False
2025-11-21,BLR_122530,139.00162670941424,1,1086.0,0.13559322033898305,False
2025-11-21,BLR_122531,159.83690177643237,1,1398.0,0.1864406779661017,False
2025-11-21,BLR_122532,668.6597273223255,5,2052.0,0.7796610169491526,False
2025-11-21,BLR_122533,395.50331243495805,3,980.0,0.4745762711864407,False
2025-11-21,BLR_122534,460.2076743348373,3,3407.0,0.5423728813559322,False
2025-11-21,BLR_122535,733.5990590749013,5,4554.0,0.8813559322033898,False
2025-11-21,BLR_122536,137.14179957561353,1,764.0,0.11864406779661017,False
2025-11-21,BLR_122537,330.0422758726624,2,953.0,0.3728813559322034,False
2025-11-21,BLR_122539,457.4318910509514,3,2644.0,0.5254237288135594,False
2025-11-21,BLR_122540,120.68782974975635,1,2.0,0.0847457627118644,False
2025-11-21,BLR_122541,463.01639378141624,3,2770.0,0.559322033898305,False
2025-11-21,BLR_122542,625.3192981009171,4,3428.0,0.7288135593220338,False
2025-11-21,BLR_122543,561.9290759974938,4,1447.0,0.6779661016949152,False
2025-11-22,BLR_122994,502.69770671010775,5,73.0,0.75,False
2025-11-22,BLR_122995,570.9586869493164,5,646.0,0.8289473684210527,False
2025-11-22,BLR_122996,671.3583525264698,9,1971.0,0.9736842105263158,True
2025-11-22,BLR_122997,269.73167406254083,2,2.0,0.32894736842105265,False
2025-11-22,BLR_122998,457.04593446892846,3,1789.0,0.6447368421052632,False
2025-11-22,BLR_122999,741.8090085662523,5,7582.0,1.0,True
2025-11-22,BLR_123000,115.54203589866238,1,1191.0,0.2236842105263158,False
2025-11-22,BLR_123001,593.8649891970665,5,1872.0,0.868421052631579,False
2025-11-22,BLR_123002,662.4572504261022,5,2861.0,0.9605263157894737,True
2025-11-22,BLR_123003,130.1394281398103,1,1500.0,0.25,False
2025-11-22,BLR_123004,601.6675091391136,5,3.0,0.9078947368421053,True
2025-11-22,BLR_123005,344.7394935477286,2,2489.0,0.4605263157894737,False
2025-11-22,BLR_123006,1.8089263299780058,1,2.0,0.013157894736842105,False
2025-11-22,BLR_123007,280.38770033244845,2,954.0,0.35526315789473684,False
2025-11-22,BLR_123009,601.5478650421779,5,2.0,0.8947368421052632,False
2025-11-22,BLR_123010,47.479993699463975,1,1252.0,0.07894736842105263,False
2025-11-22,BLR_123011,636.2928171250854,5,1901.0,0.9342105263157895,True
2025-11-22,BLR_123012,356.27754680570723,2,8390.0,0.4868421052631579,False
2025-11-22,BLR_123013,86.20191925056585,1,2522.0,0.13157894736842105,False
2025-11-22,BLR_123014,490.0136086224348,3,8160.0,0.6842105263157895,False
2025-11-22,BLR_123015,37.1703849120898,1,544.0,0.05263157894736842,False
2025-11-22,BLR_123016,150.7620915881543,2,376.0,0.2631578947368421,False
2025-11-22,BLR_123017,40.83058292755309,1,531.0,0.06578947368421052,False
2025-11-22,BLR_123018,565.4441969577572,5,1.0,0.8157894736842105,False
2025-11-22,BLR_123019,564.7547234328849,5,3.0,0.8026315789473685,False
2025-11-22,BLR_123020,600.6321488451317,5,483.0,0.881578947368421,False
2025-11-22,BLR_123022,291.0211395247597,3,2.0,0.3815789473684211,False
2025-11-22,BLR_123023,226.18550234397875,2,2675.0,0.3026315789473684,False
2025-11-22,BLR_123024,684.07817523447,5,7135.0,0.9868421052631579,True
2025-11-22,BLR_123025,347.14809609486196,3,779.0,0.47368421052631576,False
2025-11-22,BLR_123026,430.85457125882255,3,3143.0,0.5921052631578947,False
2025-11-22,BLR_123027,502.47318765588403,5,1416.0,0.7368421052631579,False
2025-11-22,BLR_123028,405.721760605793,3,2931.0,0.5131578947368421,False
2025-11-22,BLR_123029,203.96422065804103,2,1414.0,0.2894736842105263,False
2025-11-22,BLR_123030,509.9832161847678,5,1494.0,0.7631578947368421,False
2025-11-22,BLR_123031,24.14404590786304,1,3.0,0.02631578947368421,False
2025-11-22,BLR_123032,473.477147345073,5,448.0,0.6578947368421053,False
2025-11-22,BLR_123033,456.6033587853355,5,2.0,0.631578947368421,False
2025-11-22,BLR_123034,413.7312013951467,3,2352.0,0.5263157894736842,False
2025-11-22,BLR_123035,421.76530080323454,3,2066.0,0.5789473684210527,False
2025-11-22,BLR_123036,487.7190065968928,3,3569.0,0.6710526315789473,False
2025-11-22,BLR_123037,396.02143151821593,3,2.0,0.5,False
2025-11-22,BLR_123038,160.55324046567821,2,2.0,0.27631578947368424,False
2025-11-22,BLR_123039,24.188174561241322,1,2.0,0.039473684210526314,False
2025-11-22,BLR_123040,307.72425269683936,2,4891.0,0.42105263157894735,False
2025-11-22,BLR_123041,336.9917515745731,2,4342.0,0.4473684210526316,False
2025-11-22,BLR_123042,307.12221877583283,2,2510.0,0.40789473684210525,False
2025-11-22,BLR_123043,294.64258015162847,2,1626.0,0.39473684210526316,False
2025-11-22,BLR_123044,585.5372608661651,3,6957.0,0.8552631578947368,False
2025-11-22,BLR_123045,87.89094984311534,1,1298.0,0.14473684210526316,False
2025-11-22,BLR_123046,238.43003498368262,2,2.0,0.3157894736842105,False
2025-11-22,BLR_123047,77.85136161442216,1,1557.0,0.09210526315789473,False
2025-11-22,BLR_123048,414.51588031107286,3,2.0,0.5394736842105263,False
2025-11-22,BLR_123049,128.57349458685482,1,2626.0,0.23684210526315788,False
2025-11-22,BLR_123050,522.7498471412906,5,491.0,0.7763157894736842,False
2025-11-22,BLR_123051,495.82711204787364,3,2680.0,0.7105263157894737,False
2025-11-22,BLR_123053,274.14989461111446,1,7115.0,0.34210526315789475,False
2025-11-22,BLR_123054,288.5330792356524,2,1401.0,0.3684210526315789,False
2025-11-22,BLR_123055,417.02045341138006,3,2.0,0.5526315789473685,False
2025-11-22,BLR_123056,92.18539895152556,1,661.0,0.15789473684210525,False
2025-11-22,BLR_123057,308.596989501552,2,3299.0,0.4342105263157895,False
2025-11-22,BLR_123058,94.2494277171253,2,6.0,0.17105263157894737,False
2025-11-22,BLR_123060,417.4898210920784,3,2.0,0.5657894736842105,False
2025-11-22,BLR_123061,492.66706363463675,3,1779.0,0.6973684210526315,False
2025-11-22,BLR_123062,578.4546458646685,5,2506.0,0.8421052631578947,False
2025-11-22,BLR_123063,106.51013827289486,1,564.0,0.21052631578947367,False
2025-11-22,BLR_123064,84.00901700456946,1,1.0,0.10526315789473684,False
2025-11-22,BLR_123065,431.1444428852035,3,2.0,0.6052631578947368,False
2025-11-22,BLR_123066,94.54034294078399,2,2.0,0.18421052631578946,False
2025-11-22,BLR_123067,94.82737991814257,2,3.0,0.19736842105263158,False
2025-11-22,BLR_123068,84.13726906893523,1,3.0,0.11842105263157894,False
2025-11-22,BLR_123069,563.686153314115,5,1779.0,0.7894736842105263,False
2025-11-22,BLR_123070,431.35058317127897,3,2.0,0.618421052631579,False
2025-11-22,BLR_123071,498.8440172700483,5,3.0,0.7236842105263158,False
2025-11-22,BLR_123072,608.9863761366962,6,1.0,0.9210526315789473,True
2025-11-22,BLR_123073,639.019548489288,6,491.0,0.9473684210526315,True
2025-11-23,BLR_123312,305.91039501720115,2,412.0,0.32786885245901637,False
2025-11-23,BLR_123313,468.0307669055256,3,2860.0,0.6065573770491803,False
2025-11-23,BLR_123314,352.39811495431485,2,1676.0,0.4098360655737705,False
2025-11-23,BLR_123315,145.2432881439303,1,1890.0,0.18032786885245902,False
2025-11-23,BLR_123316,374.0383404917172,3,959.0,0.45901639344262296,False
2025-11-23,BLR_123318,583.1161608259233,5,577.0,0.8032786885245902,False
2025-11-23,BLR_123319,291.1702120675623,2,3.0,0.3114754098360656,False
2025-11-23,BLR_123320,408.8788397916115,3,2198.0,0.5081967213114754,False
2025-11-23,BLR_123321,617.132716415546,5,1773.0,0.9344262295081968,True
2025-11-23,BLR_123322,613.9390338889558,5,2262.0,0.9180327868852459,True
2025-11-23,BLR_123323,128.08197896947735,1,577.0,0.16393442622950818,False
2025-11-23,BLR_123324,319.4320855878987,2,1914.0,0.36065573770491804,False
2025-11-23,BLR_123325,235.94072792643493,2,2154.0,0.2459016393442623,False
2025-11-23,BLR_123326,100.84511793084978,1,3.0,0.08196721311475409,False
2025-11-23,BLR_123328,611.4146984692526,5,403.0,0.9016393442622951,True
2025-11-23,BLR_123329,331.4589876278869,3,3.0,0.39344262295081966,False
2025-11-23,BLR_123330,99.83239121165684,1,1.0,0.06557377049180328,False
2025-11-23,BLR_123332,677.5033213046388,5,3057.0,0.9836065573770492,True
2025-11-23,BLR_123334,599.8229606688087,5,3.0,0.8524590163934426,False
2025-11-23,BLR_123335,634.3608585243495,5,1815.0,0.9508196721311475,True
2025-11-23,BLR_123336,440.61456699064234,3,2604.0,0.5573770491803278,False
2025-11-23,BLR_123337,438.46703972143666,3,3625.0,0.5409836065573771,False
2025-11-23,BLR_123338,104.25221551456424,1,538.0,0.09836065573770492,False
2025-11-23,BLR_123339,649.4774774890315,9,1651.0,0.9672131147540983,True
2025-11-23,BLR_123340,503.2546528714338,3,1104.0,0.639344262295082,False
2025-11-23,BLR_123341,244.8565955153818,2,2593.0,0.26229508196721313,False
2025-11-23,BLR_123342,290.0594728693225,2,4608.0,0.29508196721311475,False
2025-11-23,BLR_123344,216.8967255304797,1,5623.0,0.22950819672131148,False
2025-11-23,BLR_123345,455.8721157748638,3,3982.0,0.5737704918032787,False
2025-11-23,BLR_123346,388.6421054988633,3,5.0,0.47540983606557374,False
2025-11-23,BLR_123347,498.405653010381,3,3998.0,0.6229508196721312,False
2025-11-23,BLR_123348,53.6030328649795,1,712.0,0.01639344262295082,False
2025-11-23,BLR_123349,180.10078120296293,2,1.0,0.21311475409836064,False
2025-11-23,BLR_123350,272.81867979606625,2,1914.0,0.2786885245901639,False
2025-11-23,BLR_123352,680.9080846086955,5,3249.0,1.0,True
2025-11-23,BLR_123353,607.1629289036822,5,3307.0,0.8852459016393442,False
2025-11-23,BLR_123354,95.5971380094507,1,1172.0,0.04918032786885246,False
2025-11-23,BLR_123355,85.3019435012677,1,1053.0,0.03278688524590164,False
2025-11-23,BLR_123356,508.28353218289936,5,12.0,0.6885245901639344,False
2025-11-23,BLR_123357,401.91691410802986,2,6977.0,0.4918032786885246,False
2025-11-23,BLR_123358,114.09174115410879,1,1842.0,0.11475409836065574,False
2025-11-23,BLR_123359,504.6812854532173,3,2219.0,0.6557377049180327,False
2025-11-23,BLR_123360,125.82429070003731,1,1387.0,0.14754098360655737,False
2025-11-23,BLR_123361,518.3291513335975,3,2654.0,0.7213114754098361,False
2025-11-23,BLR_123362,363.15648999829733,2,4518.0,0.4262295081967213,False
2025-11-23,BLR_123363,547.3767639283305,5,2324.0,0.7704918032786885,False
2025-11-23,BLR_123365,527.1753110855491,3,2623.0,0.7377049180327869,False
2025-11-23,BLR_123366,115.77059798002665,1,1168.0,0.13114754098360656,False
2025-11-23,BLR_123367,507.2138653846148,5,530.0,0.6721311475409836,False
2025-11-23,BLR_123368,602.8326319417632,5,2214.0,0.8688524590163934,False
2025-11-23,BLR_123369,370.5409667836197,2,1800.0,0.4426229508196721,False
2025-11-23,BLR_123370,168.51164235993494,1,977.0,0.19672131147540983,False
2025-11-23,BLR_123371,437.37551649565455,2,4760.0,0.5245901639344263,False
2025-11-23,BLR_123372,467.86716961895996,3,5.0,0.5901639344262295,False
2025-11-23,BLR_123373,310.9792383818986,1,8769.0,0.3442622950819672,False
2025-11-23,BLR_123374,569.0577166608347,5,1357.0,0.7868852459016393,False
2025-11-23,BLR_123375,592.0133517637692,5,2069.0,0.8360655737704918,False
2025-11-23,BLR_123376,546.5221988994587,3,2354.0,0.7540983606557377,False
2025-11-23,BLR_123377,325.88453412958825,2,1193.0,0.3770491803278688,False
2025-11-23,BLR_123378,513.6323353900783,5,70.0,0.7049180327868853,False
2025-11-23,BLR_123379,587.5229147206715,5,898.0,0.819672131147541,False
2025-11-24,BLR_123691,571.5958018245717,5,50.0,0.7321428571428571,False
2025-11-24,BLR_123692,589.1700206309534,5,1147.0,0.7857142857142857,False
2025-11-24,BLR_123693,433.4473975779647,3,2838.0,0.5535714285714286,False
2025-11-24,BLR_123694,376.16511560455706,2,6767.0,0.44642857142857145,False
2025-11-24,BLR_123695,422.01489731730675,3,2482.0,0.5357142857142857,False
2025-11-24,BLR_123696,584.2535505952097,5,393.0,0.7678571428571429,False
2025-11-24,BLR_123697,524.4421248286346,3,3787.0,0.6607142857142857,False
2025-11-24,BLR_123698,112.13142810372442,1,681.0,0.10714285714285714,False
2025-11-24,BLR_123699,94.39090342850287,1,3.0,0.08928571428571429,False
2025-11-24,BLR_123700,272.2046584012995,2,275.0,0.26785714285714285,False
2025-11-24,BLR_123701,145.51780301769045,1,1285.0,0.16071428571428573,False
2025-11-24,BLR_123702,406.14940319902985,3,1.0,0.5178571428571429,False
2025-11-24,BLR_123704,200.41820771956145,2,1943.0,0.17857142857142858,False
2025-11-24,BLR_123705,569.6317964165735,5,464.0,0.7142857142857143,False
2025-11-24,BLR_123707,655.0076082545122,5,2824.0,0.9642857142857143,True
2025-11-24,BLR_123709,114.95982876599507,1,695.0,0.125,False
2025-11-24,BLR_123710,43.09645246768927,1,1558.0,0.017857142857142856,False
2025-11-24,BLR_123711,307.71881295511645,2,5178.0,0.35714285714285715,False
2025-11-24,BLR_123712,507.67992475036334,3,3558.0,0.6428571428571429,False
2025-11-24,BLR_123714,68.43836025040297,1,1125.0,0.07142857142857142,False
2025-11-24,BLR_123715,716.7041521813641,5,3519.0,0.9821428571428571,True
2025-11-24,BLR_123717,640.770262050118,5,2647.0,0.9285714285714286,True
2025-11-24,BLR_123718,65.78891018938069,1,1450.0,0.05357142857142857,False
2025-11-24,BLR_123719,262.4504296628464,2,2638.0,0.25,False
2025-11-24,BLR_123720,595.5249589717863,5,676.0,0.8214285714285714,False
2025-11-24,BLR_123721,329.0143477009391,2,4805.0,0.39285714285714285,False
2025-11-24,BLR_123722,46.02761373948373,1,668.0,0.03571428571428571,False
2025-11-24,BLR_123723,246.62362496897538,2,1458.0,0.23214285714285715,False
2025-11-24,BLR_123724,492.64280210482485,5,4.0,0.625,False
2025-11-24,BLR_123725,599.8975708237354,5,3989.0,0.8571428571428571,False
2025-11-24,BLR_123726,652.8861386394759,9,1334.0,0.9464285714285714,True
2025-11-24,BLR_123728,475.8540040452527,3,2830.0,0.5892857142857143,False
2025-11-24,BLR_123729,574.3493620082079,5,3385.0,0.75,False
2025-11-24,BLR_123731,276.27347969082416,2,2145.0,0.2857142857142857,False
2025-11-24,BLR_123732,139.48491741049213,1,3670.0,0.14285714285714285,False
2025-11-24,BLR_123733,730.3644405471987,3,2249.0,1.0,True
2025-11-24,BLR_123736,398.75182942565044,3,3548.0,0.5,False
2025-11-24,BLR_123737,551.732880757174,5,3688.0,0.6964285714285714,False
2025-11-24,BLR_123739,389.99387965781045,3,2343.0,0.4642857142857143,False
2025-11-24,BLR_123740,309.0835248684835,1,8796.0,0.375,False
2025-11-24,BLR_123741,592.6598980124556,5,1945.0,0.8035714285714286,False
2025-11-24,BLR_123742,356.7778008980443,3,894.0,0.42857142857142855,False
2025-11-24,BLR_123743,336.8373351763635,2,4154.0,0.4107142857142857,False
2025-11-24,BLR_123745,222.39349301480982,1,3866.0,0.21428571428571427,False
2025-11-24,BLR_123746,214.35798726867688,1,3392.0,0.19642857142857142,False
2025-11-24,BLR_123747,295.69470016917063,2,1934.0,0.30357142857142855,False
2025-11-24,BLR_123748,441.93677128927214,3,3391.0,0.5714285714285714,False
2025-11-24,BLR_123749,604.7918279982262,5,2854.0,0.875,False
2025-11-24,BLR_123750,304.22149722951997,2,953.0,0.3392857142857143,False
2025-11-24,BLR_123751,394.57658223989705,3,2420.0,0.48214285714285715,False
2025-11-24,BLR_123752,300.34404395495636,2,2695.0,0.32142857142857145,False
2025-11-24,BLR_123753,598.1768178261204,5,2333.0,0.8392857142857143,False
2025-11-24,BLR_123754,629.0656111192541,6,758.0,0.9107142857142857,True
2025-11-24,BLR_123755,606.850009796122,6,4.0,0.8928571428571429,False
2025-11-24,BLR_123756,485.80483456748215,4,1455.0,0.6071428571428571,False
2025-11-24,BLR_123757,549.6992602260391,4,3357.0,0.6785714285714286,False
2025-11-25,BLR_124158,627.1315709285524,6,530.0,0.9180327868852459,True
2025-11-25,BLR_124160,561.4002183075571,5,91.0,0.819672131147541,False
2025-11-25,BLR_124161,605.5702152522531,5,1014.0,0.9016393442622951,True
2025-11-25,BLR_124162,176.29100500152242,1,3757.0,0.22950819672131148,False
2025-11-25,BLR_124163,153.40142644261897,1,3330.0,0.18032786885245902,False
2025-11-25,BLR_124164,58.006873322838636,1,1561.0,0.01639344262295082,False
2025-11-25,BLR_124165,504.04716100119794,3,2926.0,0.639344262295082,False
2025-11-25,BLR_124166,580.7563181511061,5,1752.0,0.8688524590163934,False
2025-11-25,BLR_124167,58.27224199177258,1,1706.0,0.03278688524590164,False
2025-11-25,BLR_124168,330.8330412741204,3,1039.0,0.4262295081967213,False
2025-11-25,BLR_124169,65.24720092750293,1,823.0,0.04918032786885246,False
2025-11-25,BLR_124170,531.0242799988454,5,2.0,0.7213114754098361,False
2025-11-25,BLR_124172,530.3694382046166,5,1.0,0.7049180327868853,False
2025-11-25,BLR_124173,632.0394073720436,5,1738.0,0.9344262295081968,True
2025-11-25,BLR_124175,269.1395673788956,2,2.0,0.3114754098360656,False
2025-11-25,BLR_124176,585.3437798580585,5,2.0,0.8852459016393442,False
2025-11-25,BLR_124177,374.78084577230817,2,7746.0,0.47540983606557374,False
2025-11-25,BLR_124178,291.31077707176536,3,1.0,0.36065573770491804,False
2025-11-25,BLR_124179,653.8589598602848,5,2219.0,0.9672131147540983,True
2025-11-25,BLR_124180,397.32201708987304,3,3857.0,0.4918032786885246,False
2025-11-25,BLR_124181,370.88798275283284,2,3637.0,0.45901639344262296,False
2025-11-25,BLR_124182,687.4225215007635,5,4377.0,1.0,True
2025-11-25,BLR_124183,427.26165434297184,3,3769.0,0.5409836065573771,False
2025-11-25,BLR_124184,154.7082428415774,2,366.0,0.19672131147540983,False
2025-11-25,BLR_124185,652.5137222330644,5,3691.0,0.9508196721311475,True
2025-11-25,BLR_124186,414.77038921447746,3,2707.0,0.5245901639344263,False
2025-11-25,BLR_124187,527.7696116783188,5,734.0,0.6885245901639344,False
2025-11-25,BLR_124188,197.96091261815707,2,1001.0,0.26229508196721313,False
2025-11-25,BLR_124189,555.8055220167487,5,3765.0,0.7704918032786885,False
2025-11-25,BLR_124190,181.60162023762157,1,3844.0,0.2459016393442623,False
2025-11-25,BLR_124191,433.085415792751,3,3696.0,0.5737704918032787,False
2025-11-25,BLR_124192,432.14517273003185,3,1482.0,0.5573770491803278,False
2025-11-25,BLR_124193,217.92877546152388,2,2200.0,0.29508196721311475,False
2025-11-25,BLR_124194,487.30275712774977,3,3748.0,0.6065573770491803,False
2025-11-25,BLR_124196,201.37608986684944,2,1253.0,0.2786885245901639,False
2025-11-25,BLR_124197,136.68357033042997,1,3669.0,0.16393442622950818,False
2025-11-25,BLR_124198,89.96034920395486,1,757.0,0.09836065573770492,False
2025-11-25,BLR_124200,509.6056233741983,3,3848.0,0.6721311475409836,False
2025-11-25,BLR_124201,560.3071863786206,5,3243.0,0.8032786885245902,False
2025-11-25,BLR_124204,401.02361463575505,3,1.0,0.5081967213114754,False
2025-11-25,BLR_124205,283.9628706503843,2,4520.0,0.3442622950819672,False
2025-11-25,BLR_124206,329.4205274693216,2,4681.0,0.4098360655737705,False
2025-11-25,BLR_124207,662.5058184489851,9,1804.0,0.9836065573770492,True
2025-11-25,BLR_124208,98.7402117375628,1,846.0,0.11475409836065574,False
2025-11-25,BLR_124209,106.99189336309809,1,873.0,0.13114754098360656,False
2025-11-25,BLR_124210,509.14390596309056,3,3255.0,0.6557377049180327,False
2025-11-25,BLR_124211,280.6933277205874,2,2063.0,0.32786885245901637,False
2025-11-25,BLR_124212,493.3126019114833,3,2262.0,0.6229508196721312,False
2025-11-25,BLR_124213,80.73188495546495,1,1.0,0.06557377049180328,False
2025-11-25,BLR_124214,136.33587246663953,1,1523.0,0.14754098360655737,False
2025-11-25,BLR_124215,433.94057850577104,3,2.0,0.5901639344262295,False
2025-11-25,BLR_124216,345.8695164650022,2,3823.0,0.4426229508196721,False
2025-11-25,BLR_124217,87.8279380296829,1,1.0,0.08196721311475409,False
2025-11-25,BLR_124218,576.4261399690023,5,2674.0,0.8524590163934426,False
2025-11-25,BLR_124219,532.3325994909744,3,3211.0,0.7377049180327869,False
2025-11-25,BLR_124220,559.6718818980511,5,572.0,0.7868852459016393,False
2025-11-25,BLR_124221,533.8658419019672,5,569.0,0.7540983606557377,False
2025-11-25,BLR_124222,316.0850054803433,2,2279.0,0.39344262295081966,False
2025-11-25,BLR_124223,568.6433168299227,5,2416.0,0.8360655737704918,False
2025-11-25,BLR_124224,168.7668178799618,1,1415.0,0.21311475409836064,False
2025-11-25,BLR_124225,315.995900984557,2,1996.0,0.3770491803278688,False
2025-11-26,BLR_124636,581.3146761172715,5,607.0,0.9047619047619048,True
2025-11-26,BLR_124638,500.731360587076,3,2718.0,0.6984126984126984,False
2025-11-26,BLR_124639,111.95403147871866,1,1.0,0.09523809523809523,False
2025-11-26,BLR_124640,389.02273159175655,3,2457.0,0.5555555555555556,False
2025-11-26,BLR_124641,293.45525123175554,2,989.0,0.36507936507936506,False
2025-11-26,BLR_124642,273.4002742289398,2,234.0,0.3492063492063492,False
2025-11-26,BLR_124643,548.0811558302016,5,1.0,0.7777777777777778,False
2025-11-26,BLR_124644,335.6823996316434,2,5006.0,0.42857142857142855,False
2025-11-26,BLR_124645,557.3362916782584,5,374.0,0.8095238095238095,False
2025-11-26,BLR_124647,387.7676267094304,3,2543.0,0.5396825396825397,False
2025-11-26,BLR_124648,631.8700270965238,9,1585.0,0.9523809523809523,True
2025-11-26,BLR_124649,316.15669691316907,3,1.0,0.3968253968253968,False
2025-11-26,BLR_124650,128.07677727998663,1,1766.0,0.12698412698412698,False
2025-11-26,BLR_124651,249.5927077303773,1,8812.0,0.30158730158730157,False
2025-11-26,BLR_124652,40.75681821907353,1,838.0,0.031746031746031744,False
2025-11-26,BLR_124653,32.95176092315702,1,735.0,0.015873015873015872,False
2025-11-26,BLR_124654,316.78934371217736,3,2.0,0.4126984126984127,False
2025-11-26,BLR_124655,582.1590590225367,5,1693.0,0.9206349206349206,True
2025-11-26,BLR_124656,753.0840152784731,5,4753.0,1.0,True
2025-11-26,BLR_124657,200.4816938507112,1,4148.0,0.2222222222222222,False
2025-11-26,BLR_124658,55.99903219251293,1,750.0,0.047619047619047616,False
2025-11-26,BLR_124660,128.83545489853142,2,1.0,0.14285714285714285,False
2025-11-26,BLR_124661,632.3194059660383,5,2371.0,0.9682539682539683,True
2025-11-26,BLR_124662,220.43208066559308,2,2360.0,0.23809523809523808,False
2025-11-26,BLR_124663,559.2865046011198,5,83.0,0.8253968253968254,False
2025-11-26,BLR_124664,182.56486123044064,1,4283.0,0.19047619047619047,False
2025-11-26,BLR_124665,395.63388934770194,3,2835.0,0.5714285714285714,False
2025-11-26,BLR_124666,360.7391235113856,3,759.0,0.49206349206349204,False
2025-11-26,BLR_124668,351.8918237574852,2,7637.0,0.47619047619047616,False
2025-11-26,BLR_124669,584.8318796483388,5,891.0,0.9365079365079365,True
2025-11-26,BLR_124670,561.9561210091263,5,373.0,0.8571428571428571,False
2025-11-26,BLR_124671,340.31494525071014,3,1.0,0.4603174603174603,False
2025-11-26,BLR_124674,420.0355213117446,3,1911.0,0.5873015873015873,False
2025-11-26,BLR_124675,133.73964680895017,1,2415.0,0.15873015873015872,False
2025-11-26,BLR_124676,339.83037021768064,2,5096.0,0.4444444444444444,False
2025-11-26,BLR_124677,432.2324532935535,3,3274.0,0.6190476190476191,False
2025-11-26,BLR_124678,526.8597371517693,3,4016.0,0.746031746031746,False
2025-11-26,BLR_124679,561.3878150824593,5,4212.0,0.8412698412698413,False
2025-11-26,BLR_124680,494.3991912710438,3,4293.0,0.6825396825396826,False
2025-11-26,BLR_124681,183.1733610381238,2,1.0,0.20634920634920634,False
2025-11-26,BLR_124682,446.58285060584893,5,1.0,0.6349206349206349,False
2025-11-26,BLR_124683,103.83397443592186,1,534.0,0.06349206349206349,False
2025-11-26,BLR_124684,240.45212441269277,2,781.0,0.2857142857142857,False
2025-11-26,BLR_124685,259.4909702350167,2,1692.0,0.31746031746031744,False
2025-11-26,BLR_124686,109.93794610324109,1,366.0,0.07936507936507936,False
2025-11-26,BLR_124687,126.5359611071805,1,916.0,0.1111111111111111,False
2025-11-26,BLR_124688,139.2571396156929,1,993.0,0.1746031746031746,False
2025-11-26,BLR_124690,509.1172809240373,5,2052.0,0.7142857142857143,False
2025-11-26,BLR_124691,370.90272771008046,2,3527.0,0.5238095238095238,False
2025-11-26,BLR_124692,463.1251597659709,3,2414.0,0.6666666666666666,False
2025-11-26,BLR_124694,306.8559125398547,2,1900.0,0.38095238095238093,False
2025-11-26,BLR_124695,236.97645570795703,2,1.0,0.25396825396825395,False
2025-11-26,BLR_124696,237.25215035848137,2,1.0,0.2698412698412698,False
2025-11-26,BLR_124697,537.0834059288475,3,3206.0,0.7619047619047619,False
2025-11-26,BLR_124698,454.1092884371745,5,1.0,0.6507936507936508,False
2025-11-26,BLR_124699,580.7317417054398,5,2698.0,0.8888888888888888,False
2025-11-26,BLR_124700,271.31862950256874,2,1382.0,0.3333333333333333,False
2025-11-26,BLR_124701,363.45634902258035,2,4649.0,0.5079365079365079,False
2025-11-26,BLR_124702,422.3914033981533,3,2.0,0.6031746031746031,False
2025-11-26,BLR_124703,509.7338496133821,3,2429.0,0.7301587301587301,False
2025-11-26,BLR_124704,575.7159889801662,5,3047.0,0.873015873015873,False
2025-11-26,BLR_124705,550.2991850344292,5,1608.0,0.7936507936507936,False
2025-11-26,BLR_124706,661.8160385988887,5,4166.0,0.9841269841269841,True
2025-11-27,BLR_125006,521.9969235810642,5,120.0,0.8,False
2025-11-27,BLR_125007,562.3309315607621,5,828.0,0.8727272727272727,False
2025-11-27,BLR_125008,378.78145901215635,2,6300.0,0.4909090909090909,False
2025-11-27,BLR_125009,137.73018699006627,1,1033.0,0.2,False
2025-11-27,BLR_125010,142.30048222267652,1,1276.0,0.21818181818181817,False
2025-11-27,BLR_125011,442.3812302579364,3,379.0,0.6181818181818182,False
2025-11-27,BLR_125012,314.5377358285957,2,1367.0,0.32727272727272727,False
2025-11-27,BLR_125013,317.54322550776556,3,1.0,0.34545454545454546,False
2025-11-27,BLR_125014,227.96853492602574,2,1993.0,0.2727272727272727,False
2025-11-27,BLR_125015,597.6512122442841,5,2510.0,0.9272727272727272,True
2025-11-27,BLR_125016,497.9209423716127,5,1.0,0.7090909090909091,False
2025-11-27,BLR_125017,386.56105634542035,3,1690.0,0.5272727272727272,False
2025-11-27,BLR_125018,631.8463880420175,5,2991.0,1.0,True
2025-11-27,BLR_125019,551.395172136343,5,2.0,0.8545454545454545,False
2025-11-27,BLR_125021,430.13404507976037,3,3069.0,0.6,False
2025-11-27,BLR_125022,391.7762082937668,3,901.0,0.5454545454545454,False
2025-11-27,BLR_125023,307.22616456237853,2,2896.0,0.3090909090909091,False
2025-11-27,BLR_125024,100.80311971229403,1,1.0,0.14545454545454545,False
2025-11-27,BLR_125025,578.4323767034568,5,703.0,0.9090909090909091,True
2025-11-27,BLR_125026,225.84103771307954,2,1019.0,0.2545454545454545,False
2025-11-27,BLR_125027,217.76892618066748,2,567.0,0.23636363636363636,False
2025-11-27,BLR_125029,444.65163063414036,3,2264.0,0.6363636363636364,False
2025-11-27,BLR_125030,608.5413632855131,5,2510.0,0.9454545454545454,True
2025-11-27,BLR_125031,333.51599425086334,2,7417.0,0.4,False
2025-11-27,BLR_125032,118.01379855350395,1,1269.0,0.16363636363636364,False
2025-11-27,BLR_125033,29.232030698712226,1,611.0,0.01818181818181818,False
2025-11-27,BLR_125034,379.11731506953595,3,1.0,0.509090909090909,False
2025-11-27,BLR_125036,92.3496139255071,1,2487.0,0.10909090909090909,False
2025-11-27,BLR_125037,57.06703772008917,1,905.0,0.03636363636363636,False
2025-11-27,BLR_125039,615.8443810144654,5,2725.0,0.9636363636363636,True
2025-11-27,BLR_125040,489.0972729799492,5,584.0,0.6727272727272727,False
2025-11-27,BLR_125041,405.2860166524228,3,546.0,0.5636363636363636,False
2025-11-27,BLR_125042,69.59562147967563,1,1038.0,0.07272727272727272,False
2025-11-27,BLR_125043,324.9859398619746,2,4645.0,0.36363636363636365,False
2025-11-27,BLR_125044,416.4446855103931,3,836.0,0.5818181818181818,False
2025-11-27,BLR_125045,364.2488274747273,1,11953.0,0.43636363636363634,False
2025-11-27,BLR_125046,375.6512252742644,2,5428.0,0.4727272727272727,False
2025-11-27,BLR_125047,519.6056693802301,5,1897.0,0.7818181818181819,False
2025-11-27,BLR_125048,495.1130877510333,5,1795.0,0.6909090909090909,False
2025-11-27,BLR_125050,469.53751985390176,3,3882.0,0.6545454545454545,False
2025-11-27,BLR_125051,79.95572271886131,1,938.0,0.09090909090909091,False
2025-11-27,BLR_125053,508.40341707479536,5,781.0,0.7454545454545455,False
2025-11-27,BLR_125054,328.9070388200331,2,2244.0,0.38181818181818183,False
2025-11-27,BLR_125055,530.4645955253449,3,2952.0,0.8181818181818182,False
2025-11-27,BLR_125057,96.48084234664162,1,929.0,0.12727272727272726,False
2025-11-27,BLR_125058,575.7943799707774,5,2451.0,0.8909090909090909,False
2025-11-27,BLR_125059,62.12652914858474,1,2.0,0.05454545454545454,False
2025-11-27,BLR_125060,370.86583470393805,2,2334.0,0.45454545454545453,False
2025-11-27,BLR_125061,621.0528234895893,9,1579.0,0.9818181818181818,True
2025-11-27,BLR_125064,504.27338494452187,3,2709.0,0.7272727272727273,False
2025-11-27,BLR_125065,352.31679617594494,2,2427.0,0.41818181818181815,False
2025-11-27,BLR_125066,255.07613120975552,1,5661.0,0.2909090909090909,False
2025-11-27,BLR_125067,542.6789276227405,3,3111.0,0.8363636363636363,False
2025-11-27,BLR_125068,133.7107163025124,1,1039.0,0.18181818181818182,False
2025-11-27,BLR_125069,519.0444443383487,5,1718.0,0.7636363636363637,False
2025-11-28,BLR_125429,620.0075238416123,5,126.0,0.8627450980392157,False
2025-11-28,BLR_125430,603.2784808407162,5,1.0,0.8235294117647058,False
2025-11-28,BLR_125431,642.6808345898946,5,1175.0,0.8725490196078431,False
2025-11-28,BLR_125432,611.851738693257,5,4.0,0.8431372549019608,False
2025-11-28,BLR_125433,318.6311893871007,2,3371.0,0.4411764705882353,False
2025-11-28,BLR_125434,136.77289097360534,1,839.0,0.18627450980392157,False
2025-11-28,BLR_125435,341.2821232255191,3,3.0,0.4803921568627451,False
2025-11-28,BLR_125436,480.5182089157846,3,2872.0,0.6470588235294118,False
2025-11-28,BLR_125437,101.06282438245195,1,1.0,0.09803921568627451,False
2025-11-28,BLR_125438,450.67508559900085,3,918.0,0.6078431372549019,False
2025-11-28,BLR_125439,610.522635933623,5,2.0,0.8333333333333334,False
2025-11-28,BLR_125440,414.1734477673006,3,4.0,0.5490196078431373,False
2025-11-28,BLR_125441,414.29389003501115,3,3.0,0.5588235294117647,False
2025-11-28,BLR_125442,463.1881714543207,3,2885.0,0.6176470588235294,False
2025-11-28,BLR_125443,316.5983360515082,2,2654.0,0.43137254901960786,False
2025-11-28,BLR_125444,1.8624039509170693,1,5.0,0.029411764705882353,False
2025-11-28,BLR_125445,681.6137474896191,9,3.0,0.9411764705882353,True
2025-11-28,BLR_125446,703.5319275652708,5,4864.0,0.9509803921568627,True
2025-11-28,BLR_125447,148.1948049432991,1,1935.0,0.22549019607843138,False
2025-11-28,BLR_125448,119.1039986014148,2,3.0,0.16666666666666666,False
2025-11-28,BLR_125449,150.9515088168978,2,465.0,0.2549019607843137,False
2025-11-28,BLR_125450,741.3864187784644,5,2978.0,0.9803921568627451,True
2025-11-28,BLR_125451,247.78057883391054,2,3859.0,0.35294117647058826,False
2025-11-28,BLR_125452,642.6867952748175,5,3.0,0.8823529411764706,False
2025-11-28,BLR_125453,382.49970926355513,3,2.0,0.5098039215686274,False
2025-11-28,BLR_125454,138.8965079408733,2,2.0,0.20588235294117646,False
2025-11-28,BLR_125455,0.6189068390753667,1,1.0,0.00980392156862745,False
2025-11-28,BLR_125456,383.85046633755854,3,3.0,0.5196078431372549,False
2025-11-28,BLR_125457,138.8952985048042,2,3.0,0.19607843137254902,False
2025-11-28,BLR_125458,0.9817555901599369,1,2.0,0.0196078431372549,False
2025-11-28,BLR_125459,196.8863754522085,2,985.0,0.28431372549019607,False
2025-11-28,BLR_125460,96.29833277532381,1,2404.0,0.08823529411764706,False
2025-11-28,BLR_125461,563.7899689708199,3,2671.0,0.7450980392156863,False
2025-11-28,BLR_125462,715.6590631434282,5,1802.0,0.9705882352941176,True
2025-11-28,BLR_125463,566.9938463175833,3,3804.0,0.7843137254901961,False
2025-11-28,BLR_125464,51.92194088478906,1,784.0,0.058823529411764705,False
2025-11-28,BLR_125465,116.08334605298357,1,1445.0,0.1568627450980392,False
2025-11-28,BLR_125466,681.5840734544784,5,2155.0,0.9313725490196079,True
2025-11-28,BLR_125467,664.7867438325015,5,490.0,0.9117647058823529,True
2025-11-28,BLR_125468,428.967860585598,3,2.0,0.5686274509803921,False
2025-11-28,BLR_125469,28.2299729904362,1,5.0,0.0392156862745098,False
2025-11-28,BLR_125470,149.3298977141407,2,2.0,0.24509803921568626,False
2025-11-28,BLR_125471,216.3671718215117,2,2527.0,0.30392156862745096,False
2025-11-28,BLR_125472,658.6609533056222,5,2152.0,0.9019607843137255,True
2025-11-28,BLR_125473,249.540601290283,2,2190.0,0.3627450980392157,False
2025-11-28,BLR_125474,528.950145042187,5,2.0,0.7156862745098039,False
2025-11-28,BLR_125475,119.74733896096019,1,2080.0,0.17647058823529413,False
2025-11-28,BLR_125476,528.6287802358656,5,3.0,0.7058823529411765,False
2025-11-28,BLR_125477,36.81923939448988,1,2.0,0.049019607843137254,False
2025-11-28,BLR_125478,510.4116976391028,3,2287.0,0.6862745098039216,False
2025-11-28,BLR_125479,89.31382832968575,1,1055.0,0.06862745098039216,False
2025-11-28,BLR_125480,554.7611422214114,5,1805.0,0.7254901960784313,False
2025-11-28,BLR_125481,265.95594221671325,1,5442.0,0.39215686274509803,False
2025-11-28,BLR_125482,171.52510079911005,1,1933.0,0.2647058823529412,False
2025-11-28,BLR_125483,313.33511114112156,2,4534.0,0.4215686274509804,False
2025-11-28,BLR_125484,495.87822159522614,5,5.0,0.6764705882352942,False
2025-11-28,BLR_125485,433.16847629208377,3,3.0,0.5882352941176471,False
2025-11-28,BLR_125486,108.70266812656702,1,653.0,0.14705882352941177,False
2025-11-28,BLR_125487,191.7698925248337,2,6.0,0.27450980392156865,False
2025-11-28,BLR_125488,391.4942388923436,2,7305.0,0.5294117647058824,False
2025-11-28,BLR_125489,211.6086775419815,2,6.0,0.29411764705882354,False
2025-11-28,BLR_125490,494.97253332993415,5,3.0,0.6666666666666666,False
2025-11-28,BLR_125491,680.1054430824846,9,1.0,0.9215686274509803,True
2025-11-28,BLR_125492,139.8800445345813,1,1456.0,0.21568627450980393,False
2025-11-28,BLR_125493,288.4865327707566,2,1958.0,0.4019607843137255,False
2025-11-28,BLR_125494,485.95646204248754,3,2943.0,0.6568627450980392,False
2025-11-28,BLR_125495,230.06846521231537,2,7.0,0.3137254901960784,False
2025-11-28,BLR_125496,94.68477856138826,1,1.0,0.0784313725490196,False
2025-11-28,BLR_125497,230.1755180160155,2,3.0,0.3235294117647059,False
2025-11-28,BLR_125498,149.00521098871303,1,1218.0,0.23529411764705882,False
2025-11-28,BLR_125499,404.13489668104023,3,3332.0,0.5392156862745098,False
2025-11-28,BLR_125500,230.71218167653313,2,2.0,0.3333333333333333,False
2025-11-28,BLR_125501,230.7991882460107,2,3.0,0.3431372549019608,False
2025-11-28,BLR_125502,590.2598630926249,5,3040.0,0.8137254901960784,False
2025-11-28,BLR_125503,586.999055668333,5,525.0,0.803921568627451,False
2025-11-28,BLR_125504,560.2730914242492,5,4.0,0.7352941176470589,False
2025-11-28,BLR_125505,658.2011538453237,5,2805.0,0.8921568627450981,False
2025-11-28,BLR_125506,321.10078085399,3,5.0,0.45098039215686275,False
2025-11-28,BLR_125507,374.4598052129381,3,2495.0,0.49019607843137253,False
2025-11-28,BLR_125508,328.1458354986884,2,2500.0,0.46078431372549017,False
2025-11-28,BLR_125509,104.87609825743552,1,5.0,0.13725490196078433,False
2025-11-28,BLR_125510,379.33769242578023,2,5679.0,0.5,False
2025-11-28,BLR_125511,294.2113110434776,3,1.0,0.4117647058823529,False
2025-11-28,BLR_125512,438.2076652322623,3,2406.0,0.5980392156862745,False
2025-11-28,BLR_125513,474.35459078316865,3,4129.0,0.6372549019607843,False
2025-11-28,BLR_125514,566.7608052590211,5,3.0,0.7647058823529411,False
2025-11-28,BLR_125515,432.2973399176975,3,3522.0,0.5784313725490197,False
2025-11-28,BLR_125516,566.9725264027057,5,3.0,0.7745098039215687,False
2025-11-28,BLR_125517,104.21967384044943,1,3.0,0.12745098039215685,False
2025-11-28,BLR_125518,329.5998972564851,3,4.0,0.47058823529411764,False
2025-11-28,BLR_125519,566.188337052433,5,2.0,0.7549019607843137,False
2025-11-28,BLR_125520,574.379675330258,5,519.0,0.7941176470588235,False
2025-11-28,BLR_125521,262.28693716408304,2,5.0,0.37254901960784315,False
2025-11-28,BLR_125522,103.83945456885132,1,3.0,0.11764705882352941,False
2025-11-28,BLR_125523,103.77385787607567,1,4.0,0.10784313725490197,False
2025-11-28,BLR_125524,704.7599341306927,5,8008.0,0.9607843137254902,True
2025-11-28,BLR_125525,263.4132072310706,2,5.0,0.38235294117647056,False
2025-11-28,BLR_125526,865.9651285417381,9,5468.0,1.0,True
2025-11-28,BLR_125529,757.1599259214698,9,1552.0,0.9901960784313726,True
2025-11-28,BLR_125535,618.3277679895024,4,2419.0,0.8529411764705882,False
2025-11-28,BLR_125536,524.0585518646837,4,1325.0,0.696078431372549,False
2025-11-28,BLR_125537,467.23201906121795,4,2.0,0.6274509803921569,False
2025-11-29,BLR_125850,643.9379946066675,5,94.0,0.7692307692307693,False
2025-11-29,BLR_125851,669.8860997866894,5,800.0,0.8461538461538461,False
2025-11-29,BLR_125852,683.8039928362364,5,2143.0,0.9102564102564102,True
2025-11-29,BLR_125853,728.212470208566,5,3243.0,0.9615384615384616,True
2025-11-29,BLR_125854,333.09736532089715,2,3559.0,0.358974358974359,False
2025-11-29,BLR_125855,559.7219023479167,3,4730.0,0.6282051282051282,False
2025-11-29,BLR_125856,385.07164559822377,2,3262.0,0.4230769230769231,False
2025-11-29,BLR_125857,144.8441036641024,2,1.0,0.19230769230769232,False
2025-11-29,BLR_125858,321.4668957289341,2,5016.0,0.32051282051282054,False
2025-11-29,BLR_125859,447.8765010739382,3,2995.0,0.5,False
2025-11-29,BLR_125860,415.1809476929899,3,2206.0,0.44871794871794873,False
2025-11-29,BLR_125861,542.4469113962531,3,3830.0,0.6025641025641025,False
2025-11-29,BLR_125862,663.4730576123354,5,1.0,0.8333333333333334,False
2025-11-29,BLR_125863,838.0024403621995,5,3724.0,1.0,True
2025-11-29,BLR_125864,727.8646993068907,5,1896.0,0.9487179487179487,True
2025-11-29,BLR_125865,647.4116991009746,5,1.0,0.7948717948717948,False
2025-11-29,BLR_125866,274.9710989616241,2,4084.0,0.2564102564102564,False
2025-11-29,BLR_125867,354.1838402001841,2,6443.0,0.38461538461538464,False
2025-11-29,BLR_125868,647.7850639863977,5,2.0,0.8076923076923077,False
2025-11-29,BLR_125869,116.07813861745163,1,612.0,0.1794871794871795,False
2025-11-29,BLR_125870,198.31196779400295,1,2636.0,0.21794871794871795,False
2025-11-29,BLR_125871,364.2316495960278,3,2.0,0.3974358974358974,False
2025-11-29,BLR_125872,506.37567928366735,3,3889.0,0.5641025641025641,False
2025-11-29,BLR_125873,593.0019979237014,3,4872.0,0.717948717948718,False
2025-11-29,BLR_125874,671.5631868482826,5,425.0,0.8589743589743589,False
2025-11-29,BLR_125875,402.83988217766756,3,1.0,0.4358974358974359,False
2025-11-29,BLR_125876,103.28765478940197,1,1440.0,0.16666666666666666,False
2025-11-29,BLR_125877,300.21503276764145,2,2424.0,0.2948717948717949,False
2025-11-29,BLR_125878,674.517946022514,5,1958.0,0.8717948717948718,False
2025-11-29,BLR_125879,570.6066434074024,5,1.0,0.6666666666666666,False
2025-11-29,BLR_125880,775.1906322414914,9,1720.0,0.9743589743589743,True
2025-11-29,BLR_125881,574.1851287943842,3,4159.0,0.6794871794871795,False
2025-11-29,BLR_125882,444.8501505553622,3,1.0,0.47435897435897434,False
2025-11-29,BLR_125883,570.4552231605023,5,2.0,0.6538461538461539,False
2025-11-29,BLR_125884,7.015616712123089,1,1.0,0.02564102564102564,False
2025-11-29,BLR_125885,445.88006458193536,3,3.0,0.48717948717948717,False
2025-11-29,BLR_125886,294.9901036893072,2,2240.0,0.28205128205128205,False
2025-11-29,BLR_125887,576.9204660292338,5,477.0,0.6923076923076923,False
2025-11-29,BLR_125888,484.66996938809194,3,700.0,0.5256410256410257,False
2025-11-29,BLR_125889,322.3621019642127,2,1774.0,0.3333333333333333,False
2025-11-29,BLR_125890,534.9131789580995,5,1.0,0.5897435897435898,False
2025-11-29,BLR_125891,6.707013430462997,1,1.0,0.01282051282051282,False
2025-11-29,BLR_125892,165.97459349790032,1,6909.0,0.20512820512820512,False
2025-11-29,BLR_125893,58.48661762572486,1,701.0,0.0641025641025641,False
2025-11-29,BLR_125894,825.8236267645959,5,8556.0,0.9871794871794872,True
2025-11-29,BLR_125895,70.04905721813604,1,970.0,0.08974358974358974,False
2025-11-29,BLR_125896,371.70386199518333,2,2382.0,0.41025641025641024,False
2025-11-29,BLR_125897,547.0696449318026,5,4.0,0.6153846153846154,False
2025-11-29,BLR_125898,534.2833504136313,3,2544.0,0.5769230769230769,False
2025-11-29,BLR_125899,608.8485945096911,3,4560.0,0.7564102564102564,False
2025-11-29,BLR_125900,473.99427593198453,3,1.0,0.5128205128205128,False
2025-11-29,BLR_125901,568.049550656133,3,2741.0,0.6410256410256411,False
2025-11-29,BLR_125902,645.4712257190279,5,1909.0,0.782051282051282,False
2025-11-29,BLR_125903,696.593462497486,5,1585.0,0.9358974358974359,True
2025-11-29,BLR_125904,73.93275895807034,1,615.0,0.10256410256410256,False
2025-11-29,BLR_125905,35.93180254703846,1,2.0,0.038461538461538464,False
2025-11-29,BLR_125906,262.4871227030822,2,1.0,0.24358974358974358,False
2025-11-29,BLR_125907,331.1529507362202,2,1094.0,0.34615384615384615,False
2025-11-29,BLR_125908,96.42892214718702,1,1256.0,0.1282051282051282,False
2025-11-29,BLR_125909,101.12860360161791,1,1435.0,0.14102564102564102,False
2025-11-29,BLR_125910,301.5848118622795,2,413.0,0.3076923076923077,False
2025-11-29,BLR_125911,50.98798140735244,1,1.0,0.05128205128205128,False
2025-11-29,BLR_125912,601.221814789403,5,1.0,0.7307692307692307,False
2025-11-29,BLR_125913,59.81936482675749,1,2.0,0.07692307692307693,False
2025-11-29,BLR_125914,583.3775814822452,3,2930.0,0.7051282051282052,False
2025-11-29,BLR_125915,95.21341562722567,1,1258.0,0.11538461538461539,False
2025-11-29,BLR_125916,246.4245894638527,1,4094.0,0.23076923076923078,False
2025-11-29,BLR_125917,601.2568647987366,5,1.0,0.7435897435897436,False
2025-11-29,BLR_125918,280.91072954612235,2,2.0,0.2692307692307692,False
2025-11-29,BLR_125919,344.21214613027735,1,8089.0,0.3717948717948718,False
2025-11-29,BLR_125920,423.91397034050607,2,2375.0,0.46153846153846156,False
2025-11-29,BLR_125921,101.64524713934063,1,2.0,0.15384615384615385,False
2025-11-29,BLR_125922,505.75024034260906,3,2.0,0.5384615384615384,False
2025-11-29,BLR_125923,506.0501267368715,3,2.0,0.5512820512820513,False
2025-11-29,BLR_125924,683.1165658521255,5,3236.0,0.8846153846153846,False
2025-11-29,BLR_125925,687.515492380238,9,1.0,0.9230769230769231,True
2025-11-29,BLR_125926,663.1100691498406,5,695.0,0.8205128205128205,False
2025-11-29,BLR_125927,683.1514179779978,9,3.0,0.8974358974358975,False
2025-11-30,BLR_126047,515.9907273846127,3,2547.0,0.6538461538461539,False
2025-11-30,BLR_126048,305.3853201733371,2,2221.0,0.36538461538461536,False
2025-11-30,BLR_126049,339.1172891007927,2,3789.0,0.4230769230769231,False
2025-11-30,BLR_126050,306.2092397483695,1,12565.0,0.38461538461538464,False
2025-11-30,BLR_126051,154.53923676139812,1,4064.0,0.21153846153846154,False
2025-11-30,BLR_126052,36.52605292769392,1,741.0,0.019230769230769232,False
2025-11-30,BLR_126053,379.07832330530607,3,3389.0,0.4423076923076923,False
2025-11-30,BLR_126054,398.259789531002,3,2793.0,0.5,False
2025-11-30,BLR_126055,407.59981178684444,3,2607.0,0.5769230769230769,False
2025-11-30,BLR_126056,220.74732412310192,2,2441.0,0.25,False
2025-11-30,BLR_126057,627.0556217821311,5,414.0,0.8846153846153846,False
2025-11-30,BLR_126058,539.7222078851458,3,4762.0,0.6923076923076923,False
2025-11-30,BLR_126059,47.8460863202654,1,600.0,0.038461538461538464,False
2025-11-30,BLR_126060,248.29292335539958,2,3049.0,0.2692307692307692,False
2025-11-30,BLR_126061,463.5013827606192,3,2160.0,0.5961538461538461,False
2025-11-30,BLR_126062,610.8047241629331,5,3508.0,0.8076923076923077,False
2025-11-30,BLR_126063,185.26917259074426,2,318.0,0.23076923076923078,False
2025-11-30,BLR_126064,117.67131269586906,1,2443.0,0.11538461538461539,False
2025-11-30,BLR_126065,573.4929273433822,5,2330.0,0.7307692307692307,False
2025-11-30,BLR_126066,90.7981098049431,1,1149.0,0.07692307692307693,False
2025-11-30,BLR_126067,401.90912629999923,3,716.0,0.5384615384615384,False
2025-11-30,BLR_126068,135.10930224601964,1,1574.0,0.15384615384615385,False
2025-11-30,BLR_126069,287.95758311691026,2,4640.0,0.3269230769230769,False
2025-11-30,BLR_126070,495.2921532345648,3,3361.0,0.6153846153846154,False
2025-11-30,BLR_126071,634.9901177431063,5,3700.0,0.9423076923076923,True
2025-11-30,BLR_126072,258.9962081708728,2,2019.0,0.28846153846153844,False
2025-11-30,BLR_126073,401.807991077346,3,1.0,0.5192307692307693,False
2025-11-30,BLR_126074,85.3973652747859,1,510.0,0.057692307692307696,False
2025-11-30,BLR_126075,621.3038494565285,5,3239.0,0.8269230769230769,False
2025-11-30,BLR_126076,632.5675502059934,5,2764.0,0.9038461538461539,True
2025-11-30,BLR_126077,147.86697890815276,1,2424.0,0.17307692307692307,False
2025-11-30,BLR_126078,584.6392267795688,5,506.0,0.7692307692307693,False
2025-11-30,BLR_126079,287.87141426259274,2,1893.0,0.3076923076923077,False
2025-11-30,BLR_126080,398.00971474738094,2,6666.0,0.4807692307692308,False
2025-11-30,BLR_126081,151.12172966965446,1,1933.0,0.19230769230769232,False
2025-11-30,BLR_126082,396.65402283598826,2,4157.0,0.46153846153846156,False
2025-11-30,BLR_126083,326.8311162764656,2,1919.0,0.40384615384615385,False
2025-11-30,BLR_126084,626.903182592007,5,1881.0,0.8653846153846154,False
2025-11-30,BLR_126085,133.7473528045079,1,1320.0,0.1346153846153846,False
2025-11-30,BLR_126086,676.6689492077566,5,3156.0,1.0,True
2025-11-30,BLR_126087,608.0403487613816,5,465.0,0.7884615384615384,False
2025-11-30,BLR_126088,111.53874639374072,1,154.0,0.09615384615384616,False
2025-11-30,BLR_126089,401.9423735980192,3,1.0,0.5576923076923077,False
2025-11-30,BLR_126090,573.029368426203,3,5704.0,0.7115384615384616,False
2025-11-30,BLR_126091,660.7989890964765,5,1754.0,0.9807692307692307,True
2025-11-30,BLR_126092,574.3049926490993,3,5462.0,0.75,False
2025-11-30,BLR_126093,503.15585355309616,3,2168.0,0.6346153846153846,False
2025-11-30,BLR_126094,535.292220710794,3,2524.0,0.6730769230769231,False
2025-11-30,BLR_126095,654.3117289554755,5,1500.0,0.9615384615384616,True
2025-11-30,BLR_126096,299.15469655643426,2,1085.0,0.34615384615384615,False
2025-11-30,BLR_126097,624.0888872250364,5,93.0,0.8461538461538461,False
2025-11-30,BLR_126098,634.7274566128118,5,913.0,0.9230769230769231,True
2025-12-01,BLR_126282,538.598803426047,3,2672.0,0.6290322580645161,False
2025-12-01,BLR_126283,578.0756591493246,5,1.0,0.7096774193548387,False
2025-12-01,BLR_126284,159.51179282727665,1,1133.0,0.1935483870967742,False
2025-12-01,BLR_126285,506.4501087289342,3,3332.0,0.5806451612903226,False
2025-12-01,BLR_126286,153.61317712943813,1,1812.0,0.1774193548387097,False
2025-12-01,BLR_126287,667.6917010828512,5,610.0,0.8709677419354839,False
2025-12-01,BLR_126288,347.9119784446859,2,2358.0,0.41935483870967744,False
2025-12-01,BLR_126289,351.68584176864186,2,2131.0,0.43548387096774194,False
2025-12-01,BLR_126290,550.8841291038175,3,3004.0,0.6612903225806451,False
2025-12-01,BLR_126292,2.0845129823339215,1,2.0,0.016129032258064516,False
2025-12-01,BLR_126293,213.7342110113497,2,2509.0,0.27419354838709675,False
2025-12-01,BLR_126294,56.22061068470997,1,1296.0,0.06451612903225806,False
2025-12-01,BLR_126295,639.465290426083,5,1.0,0.7903225806451613,False
2025-12-01,BLR_126296,36.82503580515664,1,567.0,0.03225806451612903,False
2025-12-01,BLR_126297,767.9560758846754,5,3534.0,0.9516129032258065,True
2025-12-01,BLR_126298,564.5474670624371,3,2976.0,0.6774193548387096,False
2025-12-01,BLR_126299,177.92306186116724,2,436.0,0.20967741935483872,False
2025-12-01,BLR_126300,651.8338043588726,5,572.0,0.8225806451612904,False
2025-12-01,BLR_126301,488.4965931195355,3,1.0,0.5645161290322581,False
2025-12-01,BLR_126302,787.8519331640854,5,3264.0,0.9838709677419355,True
2025-12-01,BLR_126303,549.2826621555527,3,2665.0,0.6451612903225806,False
2025-12-01,BLR_126304,246.18296620419986,1,8401.0,0.2903225806451613,False
2025-12-01,BLR_126306,69.30680989882582,1,1248.0,0.08064516129032258,False
2025-12-01,BLR_126307,452.7737978705253,3,1.0,0.5483870967741935,False
2025-12-01,BLR_126308,786.5662170286647,5,4140.0,0.967741935483871,True
2025-12-01,BLR_126309,513.2852958748116,3,4114.0,0.5967741935483871,False
2025-12-01,BLR_126310,193.59136008553762,2,1154.0,0.24193548387096775,False
2025-12-01,BLR_126311,723.9492498805079,5,2552.0,0.9193548387096774,True
2025-12-01,BLR_126313,293.3158855937488,2,5643.0,0.3225806451612903,False
2025-12-01,BLR_126314,72.95758942981821,1,828.0,0.0967741935483871,False
2025-12-01,BLR_126315,48.00830884727963,1,1.0,0.04838709677419355,False
2025-12-01,BLR_126316,315.24300319579146,2,4445.0,0.3387096774193548,False
2025-12-01,BLR_126317,385.57323954020944,3,2043.0,0.45161290322580644,False
2025-12-01,BLR_126318,715.3831112495157,5,2226.0,0.9032258064516129,True
2025-12-01,BLR_126319,117.39164768754817,1,1525.0,0.12903225806451613,False
2025-12-01,BLR_126320,397.4068119762344,3,2773.0,0.46774193548387094,False
2025-12-01,BLR_126321,198.87404811433964,1,3647.0,0.25806451612903225,False
2025-12-01,BLR_126323,73.4525416424763,1,2.0,0.11290322580645161,False
2025-12-01,BLR_126324,347.7058368799753,2,6302.0,0.4032258064516129,False
2025-12-01,BLR_126325,434.3425767653549,3,3642.0,0.5161290322580645,False
2025-12-01,BLR_126326,133.57813398127166,1,1811.0,0.14516129032258066,False
2025-12-01,BLR_126327,286.3858544725402,2,2093.0,0.3064516129032258,False
2025-12-01,BLR_126328,180.01987748076596,1,2712.0,0.22580645161290322,False
2025-12-01,BLR_126329,144.74749539702617,1,962.0,0.16129032258064516,False
2025-12-01,BLR_126330,587.1138431519253,5,617.0,0.7419354838709677,False
2025-12-01,BLR_126331,617.2661469335598,5,2429.0,0.7580645161290323,False
2025-12-01,BLR_126332,513.6643206961073,3,3544.0,0.6129032258064516,False
2025-12-01,BLR_126333,448.6358813269279,3,2901.0,0.532258064516129,False
2025-12-01,BLR_126334,406.0865804408628,2,8531.0,0.4838709677419355,False
2025-12-01,BLR_126335,347.15017681634765,2,3322.0,0.3870967741935484,False
2025-12-01,BLR_126336,644.2977795802318,5,4815.0,0.8064516129032258,False
2025-12-01,BLR_126337,654.8010670211987,5,3286.0,0.8387096774193549,False
2025-12-01,BLR_126338,327.6065382328601,2,1264.0,0.3548387096774194,False
2025-12-01,BLR_126339,885.4424040121968,5,8119.0,1.0,True
2025-12-01,BLR_126340,409.75540512469576,3,989.0,0.5,False
2025-12-01,BLR_126341,339.1750040184885,2,2762.0,0.3709677419354839,False
2025-12-01,BLR_126342,586.379662912781,5,90.0,0.7258064516129032,False
2025-12-01,BLR_126343,666.269905940675,5,782.0,0.8548387096774194,False
2025-12-01,BLR_126357,705.625253314845,9,1.0,0.8870967741935484,False
2025-12-01,BLR_126358,733.2033545003554,9,400.0,0.9354838709677419,True
2025-12-01,BLR_126359,567.4456275448433,4,1363.0,0.6935483870967742,False
2025-12-01,BLR_126360,631.5861373979616,4,3220.0,0.7741935483870968,False
2025-12-02,BLR_126790,479.27685912680084,2,6242.0,0.43333333333333335,False
2025-12-02,BLR_126791,908.432459587324,5,5377.0,0.9666666666666667,True
2025-12-02,BLR_126792,474.03286044119653,2,2595.0,0.4166666666666667,False
2025-12-02,BLR_126793,187.12824629578216,1,2022.0,0.16666666666666666,False
2025-12-02,BLR_126794,787.8125959707722,5,1.0,0.7833333333333333,False
2025-12-02,BLR_126795,185.92501468451377,2,2.0,0.13333333333333333,False
2025-12-02,BLR_126796,642.7004442355609,3,3913.0,0.5833333333333334,False
2025-12-02,BLR_126797,187.5526772214377,1,879.0,0.18333333333333332,False
2025-12-02,BLR_126798,142.43079169997517,1,2395.0,0.06666666666666667,False
2025-12-02,BLR_126799,273.40493747964473,2,2360.0,0.23333333333333334,False
2025-12-02,BLR_126800,128.97809385247064,1,4189.0,0.05,False
2025-12-02,BLR_126801,25.89281750785888,1,2.0,0.016666666666666666,False
2025-12-02,BLR_126802,325.7238661908752,2,3526.0,0.2833333333333333,False
2025-12-02,BLR_126803,88.50053260794193,1,1568.0,0.03333333333333333,False
2025-12-02,BLR_126804,175.98821843907055,1,3277.0,0.1,False
2025-12-02,BLR_126805,638.9085076357037,3,3798.0,0.5666666666666667,False
2025-12-02,BLR_126806,888.558661195265,5,2340.0,0.9333333333333333,True
2025-12-02,BLR_126808,229.18599713100457,1,2824.0,0.2,False
2025-12-02,BLR_126809,851.7002932633876,5,2653.0,0.8833333333333333,False
2025-12-02,BLR_126810,186.65443309327378,1,2306.0,0.15,False
2025-12-02,BLR_126812,658.6074294522052,3,2400.0,0.6,False
2025-12-02,BLR_126814,712.0427431061089,3,3271.0,0.6666666666666666,False
2025-12-02,BLR_126815,929.795963242812,5,3311.0,0.9833333333333333,True
2025-12-02,BLR_126818,783.4751063868406,3,5566.0,0.75,False
2025-12-02,BLR_126819,898.839869683858,5,2422.0,0.95,True
2025-12-02,BLR_126820,309.39958300380374,2,3335.0,0.25,False
2025-12-02,BLR_126821,375.4906247036596,2,3773.0,0.3,False
2025-12-02,BLR_126822,675.5188733917514,3,2519.0,0.6333333333333333,False
2025-12-02,BLR_126823,714.6557449756086,3,2312.0,0.7,False
2025-12-02,BLR_126824,152.26788957514958,1,1204.0,0.08333333333333333,False
2025-12-02,BLR_126825,420.609399764099,3,1.0,0.35,False
2025-12-02,BLR_126826,412.4272235613201,2,5851.0,0.31666666666666665,False
2025-12-02,BLR_126827,987.7864094977753,5,4259.0,1.0,True
2025-12-02,BLR_126828,440.29753639625955,2,2019.0,0.38333333333333336,False
2025-12-02,BLR_126829,887.7007203273796,5,2406.0,0.9166666666666666,True
2025-12-02,BLR_126830,419.52833986843973,2,2940.0,0.3333333333333333,False
2025-12-02,BLR_126831,526.7252409278474,2,5668.0,0.48333333333333334,False
2025-12-02,BLR_126832,466.67607783824457,2,1632.0,0.4,False
2025-12-02,BLR_126833,438.14435471950634,2,2769.0,0.36666666666666664,False
2025-12-02,BLR_126834,520.1923559812675,3,1339.0,0.4666666666666667,False
2025-12-02,BLR_126835,792.4291794269806,5,2035.0,0.8,False
2025-12-02,BLR_126836,493.53754534569765,2,5544.0,0.45,False
2025-12-02,BLR_126837,703.3526564370798,5,2.0,0.65,False
2025-12-02,BLR_126838,544.6965199942712,3,2326.0,0.5,False
2025-12-02,BLR_126840,238.43235835121007,1,3266.0,0.21666666666666667,False
2025-12-02,BLR_126841,751.3102627250289,5,1039.0,0.7333333333333333,False
2025-12-02,BLR_126842,668.4688130015154,5,9.0,0.6166666666666667,False
2025-12-02,BLR_126843,185.20071786353785,1,1722.0,0.11666666666666667,False
2025-12-02,BLR_126844,569.6787685814686,3,2620.0,0.5166666666666667,False
2025-12-02,BLR_126846,317.84492741128753,1,6835.0,0.26666666666666666,False
2025-12-02,BLR_126847,817.6553661932345,5,3634.0,0.8333333333333334,False
2025-12-02,BLR_126848,816.0211250366749,5,2861.0,0.8166666666666667,False
2025-12-02,BLR_126849,610.571454454749,3,3581.0,0.5333333333333333,False
2025-12-02,BLR_126850,830.5646474637374,5,1686.0,0.85,False
2025-12-02,BLR_126851,612.530558497677,3,3954.0,0.55,False
2025-12-02,BLR_126852,786.6058094315157,5,1108.0,0.7666666666666667,False
2025-12-02,BLR_126853,831.3594962809512,5,1228.0,0.8666666666666667,False
2025-12-02,BLR_126855,879.5574764101908,9,200.0,0.9,False
2025-12-02,BLR_126856,734.0168178789008,4,2388.0,0.7166666666666667,False
2025-12-02,BLR_126857,713.023541939907,4,1759.0,0.6833333333333333,False
2025-12-03,BLR_127222,776.6536487823759,9,891.0,0.9833333333333333,True
2025-12-03,BLR_127230,668.5386694019267,5,196.0,0.7666666666666667,False
2025-12-03,BLR_127231,723.7906388965072,5,894.0,0.8666666666666667,False
2025-12-03,BLR_127232,605.5523893622483,3,3674.0,0.6666666666666666,False
2025-12-03,BLR_127234,674.8442766947752,5,2.0,0.7833333333333333,False
2025-12-03,BLR_127236,125.5499188606937,1,2.0,0.1,False
2025-12-03,BLR_127237,1.2841867153543438,1,2.0,0.016666666666666666,False
2025-12-03,BLR_127238,564.7087685869202,3,3104.0,0.5833333333333334,False
2025-12-03,BLR_127239,634.134375208499,3,3925.0,0.7333333333333333,False
2025-12-03,BLR_127240,381.72892358113575,2,2213.0,0.4166666666666667,False
2025-12-03,BLR_127241,173.9928582035478,1,1152.0,0.16666666666666666,False
2025-12-03,BLR_127242,611.2526391244317,3,2649.0,0.6833333333333333,False
2025-12-03,BLR_127243,713.4483169130343,5,2487.0,0.85,False
2025-12-03,BLR_127245,752.0889942466173,5,2238.0,0.9166666666666666,True
2025-12-03,BLR_127246,582.7154718878087,3,3413.0,0.65,False
2025-12-03,BLR_127247,817.5107966483748,5,4459.0,1.0,True
2025-12-03,BLR_127249,421.3329272657859,2,8007.0,0.4666666666666667,False
2025-12-03,BLR_127250,727.6224163324418,5,959.0,0.8833333333333333,False
2025-12-03,BLR_127251,533.7034312795255,3,967.0,0.55,False
2025-12-03,BLR_127252,538.8928999256823,3,2363.0,0.5666666666666667,False
2025-12-03,BLR_127253,147.27129224074852,2,1.0,0.15,False
2025-12-03,BLR_127254,309.19277546573215,1,7240.0,0.2833333333333333,False
2025-12-03,BLR_127255,63.89987466109655,1,1484.0,0.03333333333333333,False
2025-12-03,BLR_127257,325.13992901106207,2,5060.0,0.3,False
2025-12-03,BLR_127258,365.6137236518111,2,5340.0,0.36666666666666664,False
2025-12-03,BLR_127259,348.1171884251506,2,5534.0,0.35,False
2025-12-03,BLR_127260,66.37159640006837,1,1134.0,0.05,False
2025-12-03,BLR_127261,249.60363116364678,1,5325.0,0.23333333333333334,False
2025-12-03,BLR_127262,763.0999826026145,5,2322.0,0.95,True
2025-12-03,BLR_127263,73.79831852377161,1,839.0,0.06666666666666667,False
2025-12-03,BLR_127264,705.3291017964892,5,1070.0,0.8333333333333334,False
2025-12-03,BLR_127265,93.34991788742724,1,1303.0,0.08333333333333333,False
2025-12-03,BLR_127266,300.58766466020217,2,1487.0,0.26666666666666666,False
2025-12-03,BLR_127267,572.1933162012831,5,2.0,0.6333333333333333,False
2025-12-03,BLR_127268,458.0046593718935,3,2024.0,0.48333333333333334,False
2025-12-03,BLR_127269,333.7495880609729,2,2338.0,0.3333333333333333,False
2025-12-03,BLR_127270,682.8820535832689,5,1858.0,0.8,False
2025-12-03,BLR_127271,509.3282872311776,3,4610.0,0.5333333333333333,False
2025-12-03,BLR_127272,292.9762514774315,2,630.0,0.25,False
2025-12-03,BLR_127273,630.5387339276032,5,2264.0,0.7166666666666667,False
2025-12-03,BLR_127274,376.23005756439113,2,2612.0,0.38333333333333336,False
2025-12-03,BLR_127275,332.6693797892459,2,1841.0,0.31666666666666665,False
2025-12-03,BLR_127276,479.37189244962053,3,2375.0,0.5,False
2025-12-03,BLR_127277,743.4792919444795,5,4891.0,0.9,False
2025-12-03,BLR_127278,383.10227557105173,2,2897.0,0.43333333333333335,False
2025-12-03,BLR_127279,178.44372909553087,1,2883.0,0.18333333333333332,False
2025-12-03,BLR_127280,379.2651016468245,2,2496.0,0.4,False
2025-12-03,BLR_127281,615.6080322034716,5,1.0,0.7,False
2025-12-03,BLR_127282,221.93038319181875,1,3127.0,0.21666666666666667,False
2025-12-03,BLR_127283,564.8221219162205,3,4610.0,0.6,False
2025-12-03,BLR_127284,764.0908789443076,5,1985.0,0.9666666666666667,True
2025-12-03,BLR_127285,129.54366380222334,1,1052.0,0.11666666666666667,False
2025-12-03,BLR_127286,754.2609846587566,5,3046.0,0.9333333333333333,True
2025-12-03,BLR_127288,132.13304579782837,1,658.0,0.13333333333333333,False
2025-12-03,BLR_127289,419.8463076801928,3,1.0,0.45,False
2025-12-03,BLR_127290,200.17402224295023,1,1676.0,0.2,False
2025-12-03,BLR_127291,483.2464250551736,3,3015.0,0.5166666666666667,False
2025-12-03,BLR_127292,704.6086588724767,5,853.0,0.8166666666666667,False
2025-12-03,BLR_127293,571.6172930807018,4,603.0,0.6166666666666667,False
2025-12-03,BLR_127294,656.8782054284075,4,2411.0,0.75,False
2025-12-04,BLR_127473,697.5621217903779,5,2943.0,0.8727272727272727,False
2025-12-04,BLR_127474,363.1629429011204,2,5028.0,0.38181818181818183,False
2025-12-04,BLR_127475,480.70704168278644,3,1699.0,0.5272727272727272,False
2025-12-04,BLR_127476,361.65893213489255,2,3944.0,0.36363636363636365,False
2025-12-04,BLR_127477,277.3939172189179,2,2677.0,0.2545454545454545,False
2025-12-04,BLR_127478,599.0122430530045,5,1010.0,0.7272727272727273,False
2025-12-04,BLR_127479,203.88291979943514,1,2490.0,0.2,False
2025-12-04,BLR_127480,621.3943334826544,5,2405.0,0.7818181818181819,False
2025-12-04,BLR_127482,524.5364046139463,3,3202.0,0.6,False
2025-12-04,BLR_127483,574.693626782757,3,3857.0,0.6363636363636364,False
2025-12-04,BLR_127484,576.7466180880675,3,1236.0,0.6727272727272727,False
2025-12-04,BLR_127485,196.55825104079673,2,564.0,0.18181818181818182,False
2025-12-04,BLR_127486,612.1468333379511,5,815.0,0.7636363636363637,False
2025-12-04,BLR_127487,598.5108198406768,5,245.0,0.7090909090909091,False
2025-12-04,BLR_127488,140.48711594861217,1,1256.0,0.10909090909090909,False
2025-12-04,BLR_127489,344.86334019071376,2,8903.0,0.34545454545454546,False
2025-12-04,BLR_127490,725.9148164528616,5,4114.0,0.9454545454545454,True
2025-12-04,BLR_127491,654.6187103882296,5,1297.0,0.8181818181818182,False
2025-12-04,BLR_127492,484.69366537837686,3,1.0,0.5454545454545454,False
2025-12-04,BLR_127493,603.9096088516318,5,4.0,0.7454545454545455,False
2025-12-04,BLR_127494,317.3205277607855,2,3130.0,0.3090909090909091,False
2025-12-04,BLR_127495,250.12578428422924,2,1239.0,0.21818181818181817,False
2025-12-04,BLR_127496,575.198393748945,3,4531.0,0.6545454545454545,False
2025-12-04,BLR_127497,40.85617509192252,1,1026.0,0.01818181818181818,False
2025-12-04,BLR_127498,736.6271392013714,5,2949.0,0.9818181818181818,True
2025-12-04,BLR_127499,300.5371213547675,2,2357.0,0.2909090909090909,False
2025-12-04,BLR_127500,145.6720266372034,1,2717.0,0.14545454545454545,False
2025-12-04,BLR_127501,690.2179909520426,5,1901.0,0.8545454545454545,False
2025-12-04,BLR_127502,634.8791192651867,3,4438.0,0.8,False
2025-12-04,BLR_127503,262.9236855437858,1,7965.0,0.23636363636363636,False
2025-12-04,BLR_127504,70.83132421753763,1,1182.0,0.03636363636363636,False
2025-12-04,BLR_127505,709.6688102231608,5,2233.0,0.9272727272727272,True
2025-12-04,BLR_127506,749.1774502364402,5,3102.0,1.0,True
2025-12-04,BLR_127507,329.70494054304055,2,2728.0,0.32727272727272727,False
2025-12-04,BLR_127508,91.92747935961303,1,1100.0,0.05454545454545454,False
2025-12-04,BLR_127509,402.90800601787765,2,3188.0,0.41818181818181815,False
2025-12-04,BLR_127510,102.18248671099494,1,1204.0,0.07272727272727272,False
2025-12-04,BLR_127511,515.0394850781846,3,2458.0,0.5818181818181818,False
2025-12-04,BLR_127515,401.8390013704651,3,2581.0,0.4,False
2025-12-04,BLR_127516,728.1010735663186,5,2639.0,0.9636363636363636,True
2025-12-04,BLR_127518,709.4985636697171,5,660.0,0.9090909090909091,True
2025-12-04,BLR_127520,467.5541732822664,3,4645.0,0.4909090909090909,False
2025-12-04,BLR_127521,509.4868197655794,3,2788.0,0.5636363636363636,False
2025-12-04,BLR_127522,667.0464202883666,5,1.0,0.8363636363636363,False
2025-12-04,BLR_127524,148.0970275632047,1,1407.0,0.16363636363636364,False
2025-12-04,BLR_127525,143.39536184108144,1,1540.0,0.12727272727272726,False
2025-12-04,BLR_127526,466.7673885181415,3,3256.0,0.4727272727272727,False
2025-12-04,BLR_127528,417.48140311012764,2,3569.0,0.43636363636363634,False
2025-12-04,BLR_127529,470.96921696979905,3,2689.0,0.509090909090909,False
2025-12-04,BLR_127530,115.93910684114465,1,1362.0,0.09090909090909091,False
2025-12-04,BLR_127531,708.1025074583902,5,2846.0,0.8909090909090909,False
2025-12-04,BLR_127532,293.329382858241,1,5077.0,0.2727272727272727,False
2025-12-04,BLR_127533,432.46568923331074,2,5174.0,0.45454545454545453,False
2025-12-04,BLR_127534,547.8798791909264,4,742.0,0.6181818181818182,False
2025-12-04,BLR_127537,577.8460144717287,4,2105.0,0.6909090909090909,False
2025-12-05,BLR_127735,840.5261101770571,5,110.0,0.9444444444444444,True
2025-12-05,BLR_127736,686.7704941198364,5,796.0,0.7666666666666667,False
2025-12-05,BLR_127737,181.28333698123436,1,1263.0,0.2222222222222222,False
2025-12-05,BLR_127738,369.6854106172739,2,1.0,0.4,False
2025-12-05,BLR_127739,0.5370498081161881,1,1.0,0.022222222222222223,False
2025-12-05,BLR_127740,341.845781680681,1,7536.0,0.3111111111111111,False
2025-12-05,BLR_127741,0.4210270915827447,1,1.0,0.011111111111111112,False
2025-12-05,BLR_127742,674.8744576704825,5,603.0,0.7444444444444445,False
2025-12-05,BLR_127743,375.0742842434252,3,1.0,0.4111111111111111,False
2025-12-05,BLR_127744,0.7613679551698311,1,2.0,0.03333333333333333,False
2025-12-05,BLR_127745,375.7306029735741,3,1.0,0.4222222222222222,False
2025-12-05,BLR_127746,57.42970818680708,1,1494.0,0.06666666666666667,False
2025-12-05,BLR_127747,747.5518845582526,5,2589.0,0.8,False
2025-12-05,BLR_127748,434.30438413167644,2,2714.0,0.5,False
2025-12-05,BLR_127749,402.1071600083196,2,3161.0,0.4666666666666667,False
2025-12-05,BLR_127750,629.182604138956,3,1046.0,0.6777777777777778,False
2025-12-05,BLR_127751,670.4733517977166,5,1.0,0.7222222222222222,False
2025-12-05,BLR_127752,215.81421466285556,1,10353.0,0.23333333333333334,False
2025-12-05,BLR_127753,785.8016160136339,5,3982.0,0.8666666666666667,False
2025-12-05,BLR_127754,383.88446741823196,3,1.0,0.43333333333333335,False
2025-12-05,BLR_127755,24.642193209618675,1,2.0,0.044444444444444446,False
2025-12-05,BLR_127756,99.24413443221162,1,1290.0,0.1111111111111111,False
2025-12-05,BLR_127757,752.6751509094469,5,2341.0,0.8111111111111111,False
2025-12-05,BLR_127758,45.11246078388254,1,1.0,0.05555555555555555,False
2025-12-05,BLR_127759,915.7630299478338,5,8639.0,0.9777777777777777,True
2025-12-05,BLR_127760,455.22958892665105,2,9174.0,0.5333333333333333,False
2025-12-05,BLR_127761,103.35212006835148,1,1884.0,0.12222222222222222,False
2025-12-05,BLR_127762,507.27127030434775,3,7070.0,0.5777777777777777,False
2025-12-05,BLR_127763,400.60749786401504,3,4.0,0.45555555555555555,False
2025-12-05,BLR_127764,277.61769431477506,2,1453.0,0.26666666666666666,False
2025-12-05,BLR_127765,400.394712880401,3,1.0,0.4444444444444444,False
2025-12-05,BLR_127766,732.8337837258075,5,1.0,0.7888888888888889,False
2025-12-05,BLR_127767,732.4140874019745,5,1.0,0.7777777777777778,False
2025-12-05,BLR_127768,466.4679354397109,3,1829.0,0.5444444444444444,False
2025-12-05,BLR_127769,351.4252954356389,2,3696.0,0.34444444444444444,False
2025-12-05,BLR_127770,414.5500503937577,3,1.0,0.4777777777777778,False
2025-12-05,BLR_127771,258.5393114159317,2,1.0,0.25555555555555554,False
2025-12-05,BLR_127772,307.9741932025974,2,1218.0,0.28888888888888886,False
2025-12-05,BLR_127773,415.1786454629109,3,2.0,0.4888888888888889,False
2025-12-05,BLR_127774,366.1136761031324,2,3153.0,0.3888888888888889,False
2025-12-05,BLR_127775,96.2342357002224,1,576.0,0.1,False
2025-12-05,BLR_127776,72.59829473845049,1,1.0,0.07777777777777778,False
2025-12-05,BLR_127777,757.5773691329242,5,629.0,0.8555555555555555,False
2025-12-05,BLR_127778,686.125828753018,3,9034.0,0.7555555555555555,False
2025-12-05,BLR_127780,107.72230594173152,1,661.0,0.13333333333333333,False
2025-12-05,BLR_127781,807.7539657142692,5,1558.0,0.9222222222222223,True
2025-12-05,BLR_127782,81.81965539840567,1,1.0,0.08888888888888889,False
2025-12-05,BLR_127783,755.5275435689288,5,1.0,0.8444444444444444,False
2025-12-05,BLR_127784,344.17954271540214,2,1581.0,0.32222222222222224,False
2025-12-05,BLR_127785,126.14348308683414,1,1250.0,0.15555555555555556,False
2025-12-05,BLR_127786,754.900591828713,5,1.0,0.8222222222222222,False
2025-12-05,BLR_127787,441.00247043961366,3,1.0,0.5222222222222223,False
2025-12-05,BLR_127788,304.73916843739534,2,1.0,0.2777777777777778,False
2025-12-05,BLR_127789,524.4285669637634,3,2310.0,0.5888888888888889,False
2025-12-05,BLR_127790,627.6744407860066,3,5166.0,0.6555555555555556,False
2025-12-05,BLR_127791,121.44242945068969,1,789.0,0.14444444444444443,False
2025-12-05,BLR_127792,755.0150711696117,5,1.0,0.8333333333333334,False
2025-12-05,BLR_127793,156.904642422361,1,1511.0,0.2,False
2025-12-05,BLR_127794,789.6145288844651,5,767.0,0.8888888888888888,False
2025-12-05,BLR_127795,484.77253459320855,3,1.0,0.5666666666666667,False
2025-12-05,BLR_127796,613.0735706675862,3,2959.0,0.6333333333333333,False
2025-12-05,BLR_127797,1076.8358758954766,5,8325.0,1.0,True
2025-12-05,BLR_127798,359.3032827683917,2,1500.0,0.35555555555555557,False
2025-12-05,BLR_127799,788.4332332425379,5,2.0,0.8777777777777778,False
2025-12-05,BLR_127800,651.4538486520631,3,3587.0,0.7,False
2025-12-05,BLR_127801,472.11780975203123,2,5640.0,0.5555555555555556,False
2025-12-05,BLR_127802,336.1965582414984,2,1.0,0.3,False
2025-12-05,BLR_127803,362.3495458913401,1,7822.0,0.36666666666666664,False
2025-12-05,BLR_127804,362.63245264492133,2,455.0,0.37777777777777777,False
2025-12-05,BLR_127805,527.9384616501643,3,1.0,0.6,False
2025-12-05,BLR_127806,137.63032930861698,1,2.0,0.17777777777777778,False
2025-12-05,BLR_127807,344.8474322386181,2,1.0,0.3333333333333333,False
2025-12-05,BLR_127808,528.5356519375666,3,1.0,0.6111111111111112,False
2025-12-05,BLR_127810,137.35684020189655,1,1.0,0.16666666666666666,False
2025-12-05,BLR_127811,837.8541748466943,5,1389.0,0.9333333333333333,True
2025-12-05,BLR_127812,634.3357144156398,3,2911.0,0.6888888888888889,False
2025-12-05,BLR_127813,229.79007887769998,1,2015.0,0.24444444444444444,False
2025-12-05,BLR_127814,150.18310176698245,1,1.0,0.18888888888888888,False
2025-12-05,BLR_127815,800.5644337259332,5,2.0,0.9111111111111111,True
2025-12-05,BLR_127816,435.7235016818972,2,4595.0,0.5111111111111111,False
2025-12-05,BLR_127817,549.5481158194851,3,5.0,0.6222222222222222,False
2025-12-05,BLR_127818,800.0419829616168,5,1.0,0.9,False
2025-12-05,BLR_127819,1076.4578940903716,5,8829.0,0.9888888888888889,True
2025-12-05,BLR_127820,855.22650676943,5,1907.0,0.9666666666666667,True
2025-12-05,BLR_127821,625.7898534778403,3,2818.0,0.6444444444444445,False
2025-12-05,BLR_127822,170.4485011444593,2,1.0,0.2111111111111111,False
2025-12-05,BLR_127823,674.82899533352,3,3329.0,0.7333333333333333,False
2025-12-05,BLR_127824,628.3622899977413,5,1.0,0.6666666666666666,False
2025-12-05,BLR_127825,853.0643189643724,3,8565.0,0.9555555555555556,True
2025-12-05,BLR_127826,657.9958402130516,3,1264.0,0.7111111111111111,False
2025-12-06,BLR_128159,656.0000674228733,5,605.0,0.8461538461538461,False
2025-12-06,BLR_128160,251.69651413920113,1,4309.0,0.2692307692307692,False
2025-12-06,BLR_128161,606.5402755910225,5,2702.0,0.7692307692307693,False
2025-12-06,BLR_128162,567.6077475702074,5,849.0,0.75,False
2025-12-06,BLR_128163,618.9506606279888,5,1695.0,0.8076923076923077,False
2025-12-06,BLR_128164,697.6791236864992,5,2692.0,0.9423076923076923,True
2025-12-06,BLR_128165,709.1961644853089,3,2170.0,0.9807692307692307,True
2025-12-06,BLR_128167,176.98598242914207,1,921.0,0.17307692307692307,False
2025-12-06,BLR_128168,191.25871541600225,1,1900.0,0.19230769230769232,False
2025-12-06,BLR_128169,567.4387435882612,5,841.0,0.7307692307692307,False
2025-12-06,BLR_128172,358.48348598652717,2,1572.0,0.4230769230769231,False
2025-12-06,BLR_128174,556.8483559433021,3,4689.0,0.6923076923076923,False
2025-12-06,BLR_128175,119.32863964592012,1,2711.0,0.11538461538461539,False
2025-12-06,BLR_128176,97.72450010136633,1,911.0,0.09615384615384616,False
2025-12-06,BLR_128178,411.3205964874254,3,2106.0,0.4807692307692308,False
2025-12-06,BLR_128179,339.14728449813634,2,2720.0,0.38461538461538464,False
2025-12-06,BLR_128180,616.0617704997367,5,2689.0,0.7884615384615384,False
2025-12-06,BLR_128182,673.4033844038732,5,2678.0,0.9038461538461539,True
2025-12-06,BLR_128183,305.57905365547754,2,4624.0,0.3269230769230769,False
2025-12-06,BLR_128184,240.10761487007312,2,2058.0,0.23076923076923078,False
2025-12-06,BLR_128185,451.2967497053949,3,2594.0,0.5192307692307693,False
2025-12-06,BLR_128187,457.94651156500726,3,2324.0,0.5384615384615384,False
2025-12-06,BLR_128188,42.73726685595098,1,785.0,0.019230769230769232,False
2025-12-06,BLR_128189,93.74993462314733,1,1234.0,0.07692307692307693,False
2025-12-06,BLR_128190,663.268588989396,5,2209.0,0.8846153846153846,False
2025-12-06,BLR_128191,333.6063959906111,2,3272.0,0.36538461538461536,False
2025-12-06,BLR_128192,54.15458704584481,1,862.0,0.057692307692307696,False
2025-12-06,BLR_128193,353.7316934841598,2,5603.0,0.40384615384615385,False
2025-12-06,BLR_128194,460.49348926573697,3,2527.0,0.5769230769230769,False
2025-12-06,BLR_128196,474.31100854485055,3,1532.0,0.5961538461538461,False
2025-12-06,BLR_128197,490.80787856116393,3,3062.0,0.6153846153846154,False
2025-12-06,BLR_128200,43.76719581131528,1,1.0,0.038461538461538464,False
2025-12-06,BLR_128201,706.2848525737944,5,2928.0,0.9615384615384616,True
2025-12-06,BLR_128202,299.15315334656526,2,2716.0,0.3076923076923077,False
2025-12-06,BLR_128203,314.81563551278214,2,2335.0,0.34615384615384615,False
2025-12-06,BLR_128204,270.426553577794,2,535.0,0.28846153846153844,False
2025-12-06,BLR_128205,505.79231166162174,3,2305.0,0.6346153846153846,False
2025-12-06,BLR_128206,688.1239558558929,5,3444.0,0.9230769230769231,True
2025-12-06,BLR_128207,518.9913849514371,3,1982.0,0.6538461538461539,False
2025-12-06,BLR_128209,248.45548799983771,1,4846.0,0.25,False
2025-12-06,BLR_128210,394.02975240699806,2,1859.0,0.46153846153846156,False
2025-12-06,BLR_128211,557.7052923599767,3,2079.0,0.7115384615384616,False
2025-12-06,BLR_128212,460.0975490622641,3,1.0,0.5576923076923077,False
2025-12-06,BLR_128213,413.8243111704954,2,4584.0,0.5,False
2025-12-06,BLR_128215,521.0357506275428,3,3147.0,0.6730769230769231,False
2025-12-06,BLR_128216,204.26693555094596,1,3683.0,0.21153846153846154,False
2025-12-06,BLR_128218,392.70006987936335,2,6910.0,0.4423076923076923,False
2025-12-06,BLR_128219,173.0631227862253,1,1544.0,0.15384615384615385,False
2025-12-06,BLR_128221,733.8786832964073,5,2997.0,1.0,True
2025-12-06,BLR_128222,146.6703169666931,1,1412.0,0.1346153846153846,False
2025-12-06,BLR_128224,652.0456459800921,5,134.0,0.8269230769230769,False
2025-12-06,BLR_128225,660.1746113862808,5,1226.0,0.8653846153846154,False
2025-12-07,BLR_128368,219.42750139124848,1,2864.0,0.20689655172413793,False
2025-12-07,BLR_128369,146.59586654534016,1,1072.0,0.15517241379310345,False
2025-12-07,BLR_128370,368.5940274597827,2,3911.0,0.3275862068965517,False
2025-12-07,BLR_128371,396.18102818875246,2,2486.0,0.41379310344827586,False
2025-12-07,BLR_128372,764.7157198242094,5,718.0,0.896551724137931,False
2025-12-07,BLR_128373,606.726028086136,3,3155.0,0.6724137931034483,False
2025-12-07,BLR_128374,500.25685236877723,3,4006.0,0.5344827586206896,False
2025-12-07,BLR_128375,531.069167273839,3,3080.0,0.5689655172413793,False
2025-12-07,BLR_128377,546.5578351460036,3,2755.0,0.5862068965517241,False
2025-12-07,BLR_128378,633.8791863106861,5,842.0,0.7241379310344828,False
2025-12-07,BLR_128379,443.4070646077937,3,2.0,0.4482758620689655,False
2025-12-07,BLR_128380,722.9174839027696,5,4012.0,0.8275862068965517,False
2025-12-07,BLR_128381,363.9560402801819,2,8204.0,0.3103448275862069,False
2025-12-07,BLR_128382,528.493176087191,3,2809.0,0.5517241379310345,False
2025-12-07,BLR_128383,340.7008466856589,2,4757.0,0.29310344827586204,False
2025-12-07,BLR_128384,570.4161653143143,3,3636.0,0.603448275862069,False
2025-12-07,BLR_128385,745.064198396219,5,3010.0,0.8448275862068966,False
2025-12-07,BLR_128386,722.3944892924923,5,2778.0,0.8103448275862069,False
2025-12-07,BLR_128387,204.19632027969195,2,1.0,0.1896551724137931,False
2025-12-07,BLR_128389,1.2866894107704492,1,2.0,0.017241379310344827,False
2025-12-07,BLR_128390,462.4316832241133,3,2.0,0.46551724137931033,False
2025-12-07,BLR_128391,661.9589298065637,5,2.0,0.7413793103448276,False
2025-12-07,BLR_128392,37.17751192839964,1,1126.0,0.034482758620689655,False
2025-12-07,BLR_128393,47.25648169278228,1,1061.0,0.05172413793103448,False
2025-12-07,BLR_128394,613.0511418768474,3,3308.0,0.6896551724137931,False
2025-12-07,BLR_128395,770.7753236921461,5,2834.0,0.9310344827586207,True
2025-12-07,BLR_128396,770.6035243954333,5,3328.0,0.9137931034482759,True
2025-12-07,BLR_128397,497.6055906609398,3,1.0,0.5,False
2025-12-07,BLR_128399,76.05644643690047,1,1519.0,0.06896551724137931,False
2025-12-07,BLR_128400,394.49318670968114,2,6678.0,0.39655172413793105,False
2025-12-07,BLR_128401,94.1531172942498,1,1272.0,0.08620689655172414,False
2025-12-07,BLR_128402,498.160273195669,3,1.0,0.5172413793103449,False
2025-12-07,BLR_128404,791.4480555221736,5,3822.0,0.9482758620689655,True
2025-12-07,BLR_128405,310.9194089379736,2,2141.0,0.25862068965517243,False
2025-12-07,BLR_128406,599.0181909974938,3,4395.0,0.6551724137931034,False
2025-12-07,BLR_128408,852.6266515056554,5,3753.0,1.0,True
2025-12-07,BLR_128409,594.2637192766659,3,3689.0,0.6379310344827587,False
2025-12-07,BLR_128410,98.71213074253801,1,1370.0,0.10344827586206896,False
2025-12-07,BLR_128413,99.24573193629006,1,1314.0,0.1206896551724138,False
2025-12-07,BLR_128414,573.431446980078,3,1495.0,0.6206896551724138,False
2025-12-07,BLR_128415,379.86290310803196,2,1845.0,0.3620689655172414,False
2025-12-07,BLR_128416,129.333817754004,1,3157.0,0.13793103448275862,False
2025-12-07,BLR_128417,425.2042916276558,2,3452.0,0.43103448275862066,False
2025-12-07,BLR_128418,713.0729802183499,3,3009.0,0.7931034482758621,False
2025-12-07,BLR_128419,801.1855938197019,5,3169.0,0.9827586206896551,True
2025-12-07,BLR_128420,323.089142918149,2,593.0,0.27586206896551724,False
2025-12-07,BLR_128423,370.1083640681899,2,1918.0,0.3448275862068966,False
2025-12-07,BLR_128424,299.9117553920758,1,8046.0,0.2413793103448276,False
2025-12-07,BLR_128425,663.1252479347374,3,3406.0,0.7586206896551724,False
2025-12-07,BLR_128426,289.11251227500287,1,6779.0,0.22413793103448276,False
2025-12-07,BLR_128428,381.0254230817007,2,2486.0,0.3793103448275862,False
2025-12-07,BLR_128429,477.31934310942137,2,5615.0,0.4827586206896552,False
2025-12-07,BLR_128430,754.8457866562617,5,116.0,0.8620689655172413,False
2025-12-07,BLR_128431,162.68427592197136,1,1280.0,0.1724137931034483,False
2025-12-07,BLR_128432,762.4073055776311,5,219.0,0.8793103448275862,False
2025-12-07,BLR_128433,795.4748023838922,5,1721.0,0.9655172413793104,True
2025-12-07,BLR_128434,623.7610457121508,4,814.0,0.7068965517241379,False
2025-12-07,BLR_128435,672.9050833843794,4,2021.0,0.7758620689655172,False
2025-12-08,BLR_128726,712.7273503306343,5,2902.0,0.9622641509433962,True
2025-12-08,BLR_128727,164.50200087171729,1,2069.0,0.16981132075471697,False
2025-12-08,BLR_128728,541.0312968576698,5,658.0,0.6226415094339622,False
2025-12-08,BLR_128729,352.80329054327393,2,3038.0,0.41509433962264153,False
2025-12-08,BLR_128730,165.39539826589106,1,2435.0,0.18867924528301888,False
2025-12-08,BLR_128731,661.4793058811453,5,4094.0,0.8301886792452831,False
2025-12-08,BLR_128735,598.0099537690335,5,1543.0,0.7169811320754716,False
2025-12-08,BLR_128736,86.19728802306102,1,1887.0,0.03773584905660377,False
2025-12-08,BLR_128737,308.6668596245809,2,1401.0,0.3584905660377358,False
2025-12-08,BLR_128738,368.7240801193246,2,3666.0,0.4339622641509434,False
2025-12-08,BLR_128741,347.1365380238513,1,8386.0,0.39622641509433965,False
2025-12-08,BLR_128742,654.7608989740544,5,2079.0,0.8113207547169812,False
2025-12-08,BLR_128743,548.1266701182628,3,3135.0,0.6415094339622641,False
2025-12-08,BLR_128748,415.78390841839604,3,2358.0,0.5283018867924528,False
2025-12-08,BLR_128750,126.84233052963994,1,972.0,0.11320754716981132,False
2025-12-08,BLR_128751,104.16543724920493,1,1528.0,0.07547169811320754,False
2025-12-08,BLR_128752,383.42998461989544,3,930.0,0.4528301886792453,False
2025-12-08,BLR_128753,587.2416550296128,5,511.0,0.6981132075471698,False
2025-12-08,BLR_128755,126.98901445345818,1,1449.0,0.1320754716981132,False
2025-12-08,BLR_128756,92.88810326014782,1,748.0,0.05660377358490566,False
2025-12-08,BLR_128757,128.47277448929074,1,1686.0,0.1509433962264151,False
2025-12-08,BLR_128759,290.1854930010855,2,4193.0,0.3018867924528302,False
2025-12-08,BLR_128760,451.10376719390064,3,3421.0,0.5660377358490566,False
2025-12-08,BLR_128762,81.59970521133458,1,1.0,0.018867924528301886,False
2025-12-08,BLR_128763,645.70469093276,5,2893.0,0.7924528301886793,False
2025-12-08,BLR_128764,200.00586370621326,1,2832.0,0.20754716981132076,False
2025-12-08,BLR_128765,415.73363884756253,3,2195.0,0.5094339622641509,False
2025-12-08,BLR_128766,664.5156424243874,5,3023.0,0.8679245283018868,False
2025-12-08,BLR_128767,720.7636154230206,5,2977.0,0.9811320754716981,True
2025-12-08,BLR_128768,618.0528527155519,5,1.0,0.7735849056603774,False
2025-12-08,BLR_128769,435.17717349276967,3,2387.0,0.5471698113207547,False
2025-12-08,BLR_128770,919.1062355652194,5,8561.0,1.0,True
2025-12-08,BLR_128771,262.77567026981814,2,1608.0,0.2641509433962264,False
2025-12-08,BLR_128772,263.0015328157966,2,1807.0,0.2830188679245283,False
2025-12-08,BLR_128773,708.1023278804986,5,1775.0,0.9245283018867925,True
2025-12-08,BLR_128774,555.9246116209501,3,4795.0,0.660377358490566,False
2025-12-08,BLR_128775,525.574396491936,3,3899.0,0.5849056603773585,False
2025-12-08,BLR_128776,575.0290598549907,3,3843.0,0.6792452830188679,False
2025-12-08,BLR_128777,292.4990729347092,2,2374.0,0.32075471698113206,False
2025-12-08,BLR_128778,250.12589535961112,2,556.0,0.24528301886792453,False
2025-12-08,BLR_128779,600.1063955137114,3,4484.0,0.7358490566037735,False
2025-12-08,BLR_128780,122.5449152315752,1,548.0,0.09433962264150944,False
2025-12-08,BLR_128781,294.70186606218977,2,1800.0,0.33962264150943394,False
2025-12-08,BLR_128782,405.5601307848404,2,4923.0,0.49056603773584906,False
2025-12-08,BLR_128783,712.0883230707605,5,1332.0,0.9433962264150944,True
2025-12-08,BLR_128785,608.2110192165682,3,3236.0,0.7547169811320755,False
2025-12-08,BLR_128786,242.8483723239088,1,4715.0,0.22641509433962265,False
2025-12-08,BLR_128787,664.2931924855515,5,3.0,0.8490566037735849,False
2025-12-08,BLR_128789,531.7712206876168,3,2095.0,0.6037735849056604,False
2025-12-08,BLR_128790,330.60354650558037,2,1806.0,0.37735849056603776,False
2025-12-08,BLR_128792,403.8322428112901,2,5083.0,0.4716981132075472,False
2025-12-08,BLR_128793,680.5962975813886,5,153.0,0.8867924528301887,False
2025-12-08,BLR_128794,686.2838704516668,5,768.0,0.9056603773584906,True
