order_id,priority_num,predicted_high_risk_probability,order_completion_minutes,total_volume_cm3,total_weight_kg,high_risk,probability_bin,volume_bucket,weight_bucket,probability_bin_order
BLR_127930,5,0.35525453408308916,516.4605163654101,140348.561568,24.44035,False,0.3-0.4,100k-200k,20-50,3
BLR_127931,5,0.5744631643734898,543.1864351618493,456486.714708,164.99730161290321,False,0.5-0.6,200k-500k,>50,5
BLR_127932,2,0.00015377476368012553,221.09275341275776,115.5,0.001,False,0.0-0.1,<=50k,<=5,0
BLR_127933,1,4.506531860605889e-05,138.01136062002058,265176.4650856,34.27532,False,0.0-0.1,200k-500k,20-50,0
BLR_127935,1,5.661561259534442e-05,140.73211739129653,365160.3047136,65.94548,False,0.0-0.1,200k-500k,>50,0
BLR_127936,5,0.8641954947889869,573.2616669034226,1258375.641331,348.57726,True,0.8-0.9,>500k,>50,8
BLR_127937,3,0.09887097651115907,471.6666916648815,1807900.680986,553.3804,False,0.0-0.1,>500k,>50,0
BLR_127938,3,0.026295000908472855,407.2104452331635,1020854.8549868554,307.78333496774195,False,0.0-0.1,>500k,>50,0
BLR_127939,1,0.00027345590274736105,145.53607985710988,1148804.296538,237.24283,False,0.0-0.1,>500k,>50,0
BLR_127940,1,8.915731221257985e-05,40.93435264417576,531733.9184552,104.11632,False,0.0-0.1,>500k,>50,0
BLR_127941,3,0.036134056472307365,463.7658520565819,1108736.4004832,290.82039612903225,False,0.0-0.1,>500k,>50,0
BLR_127942,5,0.5093127389713115,523.0385480434973,357477.61808559997,57.628479999999996,False,0.5-0.6,200k-500k,>50,5
BLR_127943,5,0.7273457825655362,585.775399915113,780682.3641262,267.9505570322581,True,0.7-0.8,>500k,>50,7
BLR_127946,1,0.00016958139438309565,69.46300014778181,956639.1914722554,313.90153941935483,False,0.0-0.1,>500k,>50,0
BLR_127947,1,6.206483562329927e-05,33.81244494069946,458887.143944,62.25409,False,0.0-0.1,200k-500k,>50,0
BLR_127949,3,0.007779350288444238,417.77320282603785,341206.1985256,61.77783,False,0.0-0.1,200k-500k,>50,0
BLR_127950,2,0.0010088163395219206,225.59594899455905,481194.3779284,69.051995,False,0.0-0.1,200k-500k,>50,0
BLR_127951,2,0.00015377476368012553,126.04123807288555,115.5,0.001,False,0.0-0.1,<=50k,<=5,0
BLR_127952,5,0.7746822205611597,587.9522449732193,895212.3417496,252.48726,True,0.7-0.8,>500k,>50,7
BLR_127953,1,0.02587724164292708,356.4541625627236,3439580.6517554,841.5146545806451,False,0.0-0.1,>500k,>50,0
BLR_127954,1,0.0008316663579951246,150.13565151987217,1916405.3483334002,388.92503899999997,False,0.0-0.1,>500k,>50,0
BLR_127955,2,0.0011435188819983696,237.5264272208542,556981.2728694,97.2853,False,0.0-0.1,>500k,>50,0
BLR_127957,1,4.421995424657358e-05,75.2482018290906,250983.395444,43.57344,False,0.0-0.1,200k-500k,20-50,0
BLR_127958,5,0.693350496308163,569.1877977618295,716805.8306940779,230.61077696774194,True,0.6-0.7,>500k,>50,6
BLR_127959,2,0.0009729488651761356,173.14622821577976,521076.5251856,147.10735,False,0.0-0.1,>500k,>50,0
BLR_127962,1,8.399039967258404e-05,97.43647932373602,546991.8684950554,157.422604,False,0.0-0.1,>500k,>50,0
BLR_127963,2,0.0007371317937609281,177.26222743123654,417039.6065464045,192.204456,False,0.0-0.1,200k-500k,>50,0
BLR_127964,3,0.03427056451634009,444.8619017493353,1034192.9262508,239.28303322580646,False,0.0-0.1,>500k,>50,0
BLR_127966,3,0.031889367064153136,442.74985231587175,1082992.5081476,265.05684,False,0.0-0.1,>500k,>50,0
BLR_127967,2,0.0008948060304114825,191.51231648981718,473766.5641072,141.45444838709676,False,0.0-0.1,200k-500k,>50,0
BLR_127968,3,0.019818801995793077,398.4934240336618,900308.9442244045,289.1113552903226,False,0.0-0.1,>500k,>50,0
BLR_127969,5,0.7781952053281134,556.1246013451818,880764.9073606,218.40631612903226,False,0.7-0.8,>500k,>50,7
BLR_127970,3,0.14885364716467503,365.51100681609404,1945566.030686,399.26557483870965,False,0.1-0.2,>500k,>50,1
BLR_127971,5,0.9600255376894301,559.9527436435169,2103201.9657223998,588.5191876774194,False,0.9-1.0,>500k,>50,9
BLR_127972,2,0.01802319189992937,303.70486919901913,2186331.1106378,469.37291258064516,False,0.0-0.1,>500k,>50,0
BLR_127973,3,0.021510571398746067,293.5308440838189,823059.7142056,167.58743064516128,False,0.0-0.1,>500k,>50,0
BLR_127974,2,0.0013393444660471769,221.8943534440379,624669.8295224,120.65371,False,0.0-0.1,>500k,>50,0
BLR_127975,3,0.0351009766899795,372.3848472143265,1068489.222184,304.54794,False,0.0-0.1,>500k,>50,0
BLR_127976,5,0.6628673642308377,470.2836635989574,628181.9768538389,220.85893503225807,False,0.6-0.7,>500k,>50,6
BLR_127977,2,0.0006855023962526075,205.17349141583102,313951.944416,70.0349741935484,False,0.0-0.1,200k-500k,>50,0
BLR_127979,2,0.0009201980872168617,216.01447639701183,532131.9922552,65.37595,False,0.0-0.1,>500k,>50,0
BLR_127981,5,0.49949789581609033,492.2283867481439,321577.0248398,45.34428,False,0.4-0.5,200k-500k,20-50,4
BLR_127982,1,0.004876889063056241,267.5562587522881,2677939.2778828,555.2709824193548,False,0.0-0.1,>500k,>50,0
BLR_127984,2,0.0004238664601490586,215.80089968501724,144371.384944,30.5848,False,0.0-0.1,100k-200k,20-50,0
BLR_127985,2,0.0014201077382022963,244.27979879910222,709605.174204,111.41734,False,0.0-0.1,>500k,>50,0
BLR_127986,2,0.004683091168188321,332.9774162823161,1593587.6442212001,492.38911161290326,False,0.0-0.1,>500k,>50,0
BLR_127987,3,0.30178164900088456,456.84001982550797,2431673.2665620553,688.368678967742,False,0.3-0.4,>500k,>50,3
BLR_127988,1,0.0008500557330796497,179.34721636681994,1931037.0477988,395.3215112903226,False,0.0-0.1,>500k,>50,0
BLR_127989,5,0.7380957622461051,527.541395052308,753859.627776239,204.86325503225805,False,0.7-0.8,>500k,>50,7
BLR_127990,3,0.060921402974071844,374.5377967662793,1569379.142634239,435.443046,False,0.0-0.1,>500k,>50,0
BLR_127991,5,0.9233939472448632,568.5965468275803,1554203.8907413976,379.3509308387097,True,0.9-1.0,>500k,>50,9
BLR_127992,5,0.5556738871929193,544.7542871090501,453493.141311,75.27691,False,0.5-0.6,200k-500k,>50,5
BLR_127993,9,0.9999423705078873,578.5300147159654,206471.046517,36.8445,True,0.9-1.0,200k-500k,20-50,9
BLR_127994,4,0.07998833071540545,443.320615111892,274366.597624,74.72214,False,0.0-0.1,200k-500k,>50,0
BLR_127995,4,0.18526557315112446,511.5949329194603,809572.5942800001,224.93298,False,0.1-0.2,>500k,>50,1
BLR_128118,5,0.6467354502003135,693.0574612546628,548266.346881,108.65863,False,0.6-0.7,>500k,>50,6
BLR_128119,5,0.36704260242657544,521.0837636855987,221211.674,42.807694,False,0.3-0.4,200k-500k,20-50,3
BLR_128120,5,0.9823373568427798,658.3943994215291,2760434.64654,625.6288332258065,False,0.9-1.0,>500k,>50,9
BLR_128121,5,0.9989102401361766,760.8417886209756,3810086.0380042046,783.186874,True,0.9-1.0,>500k,>50,9
BLR_128122,2,0.06119625853944726,384.9058658472477,3080049.370711,588.4506193548388,False,0.0-0.1,>500k,>50,0
BLR_128123,2,0.005204577408275397,336.58697138382905,1250390.5852302,194.85118161290322,False,0.0-0.1,>500k,>50,0
BLR_128124,2,0.0023245957579463897,220.58156917839776,983121.749875,194.65517,False,0.0-0.1,>500k,>50,0
BLR_128126,1,0.07380722654718701,345.72639756434097,4386595.00488403,954.6128806451613,False,0.0-0.1,>500k,>50,0
BLR_128129,3,0.036420251106192236,510.90103870844626,1185118.829936,266.4239528387097,False,0.0-0.1,>500k,>50,0
BLR_128130,3,0.020313761498506253,404.57042393408216,740864.28039,236.79821129032257,False,0.0-0.1,>500k,>50,0
BLR_128131,1,6.59103347424789e-05,136.4653007391884,455996.79531,169.30030451612905,False,0.0-0.1,200k-500k,>50,0
BLR_128133,1,1.2894607414648172e-05,1.4257053199876737,115.5,0.001,False,0.0-0.1,<=50k,<=5,0
BLR_128134,5,0.8800415169606611,633.2624783436218,1288297.027766,288.35086322580645,False,0.8-0.9,>500k,>50,8
BLR_128135,1,5.264143521815805e-05,22.3134309165719,258161.410438,69.93993,False,0.0-0.1,200k-500k,>50,0
BLR_128136,2,0.0014771414199347638,229.63843067622096,729861.057759,146.33899483870968,False,0.0-0.1,>500k,>50,0
BLR_128137,5,0.8449760803212863,671.7196500384422,1120805.323111,285.779184,False,0.8-0.9,>500k,>50,8
BLR_128138,3,0.02948976582203873,438.1283760398452,943789.668482,224.8437458064516,False,0.0-0.1,>500k,>50,0
BLR_128140,1,0.0008565372885922121,129.9701877951239,1921832.1024508046,480.03009358064514,False,0.0-0.1,>500k,>50,0
BLR_128141,3,0.03230003472427368,427.2989875579349,1179760.0054048044,405.1969082580645,False,0.0-0.1,>500k,>50,0
BLR_128142,1,0.00011733481534564923,62.162663167513344,705438.155886,156.87368,False,0.0-0.1,>500k,>50,0
BLR_128143,2,0.21359939749071846,360.6400051101995,3907970.2374876,908.8771490322581,False,0.2-0.3,>500k,>50,2
BLR_128144,1,0.0002008027805829462,115.85934690608856,1073004.5809086,190.58747,False,0.0-0.1,>500k,>50,0
BLR_128146,1,0.0005852977806828356,164.14867991076548,1760403.499384,408.6158018064516,False,0.0-0.1,>500k,>50,0
BLR_128147,3,0.046159908321844384,489.65380863422234,1220017.766088639,308.9434208387097,False,0.0-0.1,>500k,>50,0
BLR_128148,3,0.0430719258181434,528.191538308133,1310321.544209,385.8453212903226,False,0.0-0.1,>500k,>50,0
BLR_128149,1,0.00010479588975473307,112.07298933759328,630722.2106710001,127.203788,False,0.0-0.1,>500k,>50,0
BLR_128150,3,0.0641032451826198,537.1435174675757,1578217.846782,421.1761712903226,False,0.0-0.1,>500k,>50,0
BLR_128151,2,0.0015109911044618278,261.4313528020296,791992.298031,193.13602,False,0.0-0.1,>500k,>50,0
BLR_128152,5,0.6123666575817274,629.3411869870205,540992.781571,108.34955,False,0.6-0.7,>500k,>50,6
BLR_128153,2,0.002819882003345552,305.67214009509803,1051622.984093,171.21951,False,0.0-0.1,>500k,>50,0
BLR_128155,5,0.9685424802970346,739.7063252985247,2302396.3553628046,530.064312,True,0.9-1.0,>500k,>50,9
BLR_128156,5,0.5220286398790862,650.2133625667583,342031.575691,69.23128,False,0.5-0.6,200k-500k,>50,5
BLR_128157,1,8.718694110814245e-05,112.09602897303157,537969.477574,87.07878451612903,False,0.0-0.1,>500k,>50,0
BLR_128158,5,0.960936758755053,800.8169181612473,1973588.15271,513.7461403225807,True,0.9-1.0,>500k,>50,9
BLR_128160,5,0.8806591686793449,767.6844282340442,1762312.218705,453.79864,True,0.8-0.9,>500k,>50,8
BLR_128161,2,0.0008673902663274079,424.8530161945718,789819.86204,143.78175,False,0.0-0.1,>500k,>50,0
BLR_128162,1,0.00035568281111214307,177.45593475729186,1392233.872399,259.32812451612904,False,0.0-0.1,>500k,>50,0
BLR_128163,1,0.00023494342906089517,232.68169159049296,1311352.42944,207.6395364516129,False,0.0-0.1,>500k,>50,0
BLR_128164,3,0.017205619953535662,573.6186574906791,1044766.829655,330.87627,False,0.0-0.1,>500k,>50,0
BLR_128165,2,0.01994830655287955,467.24100967578767,2575834.235932556,457.626848,False,0.0-0.1,>500k,>50,0
BLR_128166,1,3.6340053232268014e-05,115.49091368613603,182805.3958,31.7186,False,0.0-0.1,100k-200k,20-50,0
BLR_128168,3,0.02697008829023696,566.8192320098755,1211862.3158105998,239.1462729032258,False,0.0-0.1,>500k,>50,0
BLR_128170,3,0.09964256381646114,606.9673863743902,1423252.485809,370.94763774193547,False,0.0-0.1,>500k,>50,0
BLR_128171,1,9.216030492276136e-05,151.09582294551385,574965.8344905,210.10775,False,0.0-0.1,>500k,>50,0
BLR_128173,2,0.01784400680649752,425.0105376119974,2348753.636001,536.76399,False,0.0-0.1,>500k,>50,0
BLR_128174,5,0.5523264322545282,769.7008662521657,636374.1695000001,118.82208,True,0.5-0.6,>500k,>50,5
BLR_128175,3,0.03632848959160264,554.6309756506348,1425455.709191,272.0905916129032,False,0.0-0.1,>500k,>50,0
BLR_128176,5,0.7555047401540768,700.266580170552,993008.8660325999,149.63352,True,0.7-0.8,>500k,>50,7
BLR_128177,2,0.0027106944929818316,359.5108259564825,1216513.925957,330.7591125806452,False,0.0-0.1,>500k,>50,0
BLR_128178,2,0.0015614656358589574,368.6228009577996,900170.9019028045,128.166426,False,0.0-0.1,>500k,>50,0
BLR_128179,3,0.0021076359745756806,328.31219677869336,22030.1374,4.361,False,0.0-0.1,<=50k,<=5,0
BLR_128445,5,0.6502439597275383,610.0068719495532,630997.5368116,123.07751999999999,False,0.6-0.7,>500k,>50,6
BLR_128446,5,0.5072373021121928,605.4346881189965,300924.825483,89.71724,False,0.5-0.6,200k-500k,>50,5
BLR_128447,5,0.2963437263245483,587.7486683327313,146280.7644,18.24388,False,0.2-0.3,100k-200k,10-20,2
BLR_128448,3,0.024794702798707532,425.3631571456535,975450.943184,241.30592419354838,False,0.0-0.1,>500k,>50,0
BLR_128449,2,0.01773641830516184,356.3105610021932,2060480.8992786,477.4213064516129,False,0.0-0.1,>500k,>50,0
BLR_128450,5,0.7383786452992058,598.567741401487,805832.0328810434,214.7768868387097,False,0.7-0.8,>500k,>50,7
BLR_128451,3,0.02859308352091275,443.3768843698928,979045.7429866849,260.37934,False,0.0-0.1,>500k,>50,0
BLR_128452,1,0.00018988599273009083,170.11516880273663,991054.521399639,238.76933729032257,False,0.0-0.1,>500k,>50,0
BLR_128453,2,0.007962210025622727,326.31483947065294,1568388.23248,364.7617636451613,False,0.0-0.1,>500k,>50,0
BLR_128454,1,0.00015026698588950106,166.98955899449209,915613.586538,190.404958,False,0.0-0.1,>500k,>50,0
BLR_128455,1,0.00042989105196190544,110.3568828401222,1484074.169567,398.1622066451613,False,0.0-0.1,>500k,>50,0
BLR_128456,5,0.8203873320384923,661.0876246934065,1024437.299422639,243.11174180645162,True,0.8-0.9,>500k,>50,8
BLR_128457,3,0.0986789498604312,546.829669536444,2080687.589889,591.5848958064516,False,0.0-0.1,>500k,>50,0
BLR_128458,1,0.00025136076643664284,108.87078925227976,892954.0606130001,230.24504,False,0.0-0.1,>500k,>50,0
BLR_128459,3,0.026895440657898548,481.48050148418207,1009076.002313,251.5341258064516,False,0.0-0.1,>500k,>50,0
BLR_128460,1,1.2891647361045651e-05,23.308966880026933,0.283024,0.001,False,0.0-0.1,<=50k,<=5,0
BLR_128461,2,0.0008665959592341157,170.2876630870017,482700.767643,121.41377,False,0.0-0.1,200k-500k,>50,0
BLR_128463,5,0.9145843180416178,710.7342958819706,1648356.409707,360.3097219354839,True,0.9-1.0,>500k,>50,9
BLR_128466,5,0.8710021009701396,658.6400683180428,1277478.5924330554,396.051338,True,0.8-0.9,>500k,>50,8
BLR_128467,3,0.024051833222312833,460.6171679065404,792189.3289822,262.26831612903226,False,0.0-0.1,>500k,>50,0
BLR_128468,1,0.00011443254247259857,66.91251818036405,693246.6954,174.46247,False,0.0-0.1,>500k,>50,0
BLR_128469,1,1.288961398080106e-05,34.19234094729755,0.427024,0.0015,False,0.0-0.1,<=50k,<=5,0
BLR_128471,2,0.1052289606826686,311.03906428344703,2944654.750244685,671.7886916129032,False,0.1-0.2,>500k,>50,1
BLR_128472,3,0.0213205943973961,518.856009309695,971383.1171575,261.798936,False,0.0-0.1,>500k,>50,0
BLR_128473,1,0.0002532758954211809,124.63947277188782,1300880.512712,404.0644467741936,False,0.0-0.1,>500k,>50,0
BLR_128475,2,0.0007011660213976003,187.28321062030258,328426.431524,45.744350000000004,False,0.0-0.1,200k-500k,20-50,0
BLR_128476,2,0.002579192304154168,249.54715883426925,1100861.910581,259.89662,False,0.0-0.1,>500k,>50,0
BLR_128478,5,0.8865636179673535,652.5970730834745,1464471.53063,321.2066609677419,True,0.8-0.9,>500k,>50,8
BLR_128479,2,0.0022864529891480044,263.65208679429236,999008.6762910001,229.237405,False,0.0-0.1,>500k,>50,0
BLR_128480,3,0.024298699912485053,441.54634250309124,996865.268107,322.5415732258065,False,0.0-0.1,>500k,>50,0
BLR_128481,3,0.02046877258877418,344.88521264728513,813716.6656770848,190.8300506451613,False,0.0-0.1,>500k,>50,0
BLR_128482,1,1.2888679246605779e-05,45.692867320822806,0.283024,0.001,False,0.0-0.1,<=50k,<=5,0
BLR_128483,1,0.0008236590502370049,174.62868206298145,1842793.87335,419.0144329032258,False,0.0-0.1,>500k,>50,0
BLR_128485,2,0.00020843122611183452,203.78878648825864,19268.250048,1.3402,False,0.0-0.1,<=50k,<=5,0
BLR_128486,5,0.6974997665725974,545.386055538603,667551.320032,160.03894,False,0.6-0.7,>500k,>50,6
BLR_128487,5,0.7403828713191972,520.6133566586417,795058.8556370045,230.5643695483871,False,0.7-0.8,>500k,>50,7
BLR_128488,1,0.00017834399927353845,133.2482940942828,1073781.595105,228.40215,False,0.0-0.1,>500k,>50,0
BLR_128489,5,0.8368284036327442,533.9796170505194,1216359.95426,328.53194451612904,False,0.8-0.9,>500k,>50,8
BLR_128490,3,0.022688172153930538,349.2450233301298,981905.3137010554,301.8600088387097,False,0.0-0.1,>500k,>50,0
BLR_128491,1,0.00011388843747744707,134.3434833122502,717041.19203,200.7865448387097,False,0.0-0.1,>500k,>50,0
BLR_128492,3,0.02386794874683396,406.97501516434556,868835.8365676389,225.083876,False,0.0-0.1,>500k,>50,0
BLR_128493,2,0.008468392840053327,363.5084977832435,1871105.8328129998,501.36771999999996,False,0.0-0.1,>500k,>50,0
BLR_128494,3,0.03190574038603249,426.3871349427735,1080816.365211,288.71293258064514,False,0.0-0.1,>500k,>50,0
BLR_128495,5,0.8873021585716615,616.2937522077061,1342209.899129,397.13842258064517,False,0.8-0.9,>500k,>50,8
BLR_128497,1,0.0005531835457939837,181.16278282102388,1564198.730683,321.7973970967742,False,0.0-0.1,>500k,>50,0
BLR_128498,2,0.0009367969397023807,258.6083419149894,526772.886058,148.92902,False,0.0-0.1,>500k,>50,0
BLR_128499,5,0.632245268854729,570.7373633045531,579332.9288396,160.1389806451613,False,0.6-0.7,>500k,>50,6
BLR_128500,2,0.011138406074160652,360.07252905642935,1758765.135662,458.1963359354839,False,0.0-0.1,>500k,>50,0
BLR_128501,2,0.003981181441968513,338.5661232210201,1204900.094505239,282.918646,False,0.0-0.1,>500k,>50,0
BLR_128505,3,0.03461107466092476,409.90013901184767,1222321.469678,338.87495,False,0.0-0.1,>500k,>50,0
BLR_128506,9,0.9999928363183259,712.0075017894816,1380167.7645410001,285.73675000000003,True,0.9-1.0,>500k,>50,9
BLR_128507,5,0.9788263903408244,640.1585562423323,2116620.047958,598.1959106451613,True,0.9-1.0,>500k,>50,9
BLR_128509,4,0.2705189410662864,561.8413369709605,1183160.7241104,335.89133129032257,False,0.2-0.3,>500k,>50,2
BLR_128510,4,0.20219168545516272,509.1035776982177,801974.12794,221.9729416129032,False,0.2-0.3,>500k,>50,2
BLR_128684,5,0.5879875215803276,637.8731511448902,404044.042493,84.64883064516128,False,0.5-0.6,200k-500k,>50,5
BLR_128685,5,0.45134119545180756,639.4588922172841,293575.377,40.06694,False,0.4-0.5,200k-500k,20-50,4
BLR_128686,1,5.4184032741362046e-05,146.6019868322855,358584.963412,79.27852,False,0.0-0.1,200k-500k,>50,0
BLR_128687,1,0.00019424197158620182,163.20165640367543,1002274.189835,252.02659,False,0.0-0.1,>500k,>50,0
BLR_128688,2,0.24305121931425602,510.3560052823433,3667611.8335403,827.156796,False,0.2-0.3,>500k,>50,2
BLR_128689,2,0.00015377476368012553,303.88665442777517,115.5,0.001,False,0.0-0.1,<=50k,<=5,0
BLR_128690,9,0.9999952393003737,785.9785676007431,1276016.318815,281.9977648387097,True,0.9-1.0,>500k,>50,9
BLR_128691,1,0.0006097668071796106,133.46021536325406,1686862.2352316,287.226475,False,0.0-0.1,>500k,>50,0
BLR_128693,2,0.0035381244694290435,323.58357595566366,1200528.2831008001,242.51416,False,0.0-0.1,>500k,>50,0
BLR_128694,2,0.003985569336909785,248.14223108926143,1166462.979505,267.263584516129,False,0.0-0.1,>500k,>50,0
BLR_128696,2,0.0014745184490114103,239.2721478668976,788593.9699066001,181.90406,False,0.0-0.1,>500k,>50,0
BLR_128698,2,0.01030781693971358,314.8804518859922,1719542.386813,459.45298225806454,False,0.0-0.1,>500k,>50,0
BLR_128700,3,0.05066567373090867,503.5840066229068,1378401.5264546,369.02012580645163,False,0.0-0.1,>500k,>50,0
BLR_128701,1,0.006111334444428716,240.67176005404286,2678513.3658122,654.71973,False,0.0-0.1,>500k,>50,0
BLR_128702,2,0.003241151772972466,321.483414266959,1150710.5926970001,337.569014516129,False,0.0-0.1,>500k,>50,0
BLR_128703,1,8.49735520250056e-05,59.98799773915536,552041.355192,78.2109,False,0.0-0.1,>500k,>50,0
BLR_128705,1,0.00010575435685463818,90.71670078313592,687537.9250667,114.03532,False,0.0-0.1,>500k,>50,0
BLR_128706,1,0.00020227296309664045,115.29165865840353,1023091.1737278,215.14676,False,0.0-0.1,>500k,>50,0
BLR_128708,3,0.026181195757687965,419.1244472254578,836334.648528,212.78168,False,0.0-0.1,>500k,>50,0
BLR_128709,2,0.0038973493669049787,316.15694526202736,1224957.5114866,233.8938295483871,False,0.0-0.1,>500k,>50,0
BLR_128710,3,0.02918279702372373,414.42759602355983,972674.670891239,208.74077051612903,False,0.0-0.1,>500k,>50,0
BLR_128711,2,0.0025214872885132205,333.5887867961527,1019011.657385,264.3727212903226,False,0.0-0.1,>500k,>50,0
BLR_128712,2,0.005063107497063002,354.84619588447043,1340739.6316471999,309.27216,False,0.0-0.1,>500k,>50,0
BLR_128713,3,0.0018310240848813813,348.81665672090986,115.5,0.001,False,0.0-0.1,<=50k,<=5,0
BLR_128714,1,6.397586264369921e-05,104.25412782884774,398730.103628,49.9647,False,0.0-0.1,200k-500k,20-50,0
BLR_128715,2,0.007411523406806236,385.6964355457733,1550222.1098506,365.03165,False,0.0-0.1,>500k,>50,0
BLR_128716,3,0.11777879499567381,477.17045682213825,1939698.7487438,449.62666,False,0.1-0.2,>500k,>50,1
BLR_128717,3,0.02659733604763647,446.67240531865525,877568.6600800001,215.149145,False,0.0-0.1,>500k,>50,0
BLR_128718,5,0.8587899601503323,761.2054544638362,1112868.689928639,275.443426,True,0.8-0.9,>500k,>50,8
BLR_128719,1,0.0028805966075997023,274.6282798259366,2234382.2624336556,511.636224,False,0.0-0.1,>500k,>50,0
BLR_128720,3,0.0263547407486292,468.09592387862176,969256.8510800045,254.93989341935486,False,0.0-0.1,>500k,>50,0
BLR_128721,5,0.9991746077009497,821.5104375751985,4607401.3993882295,1141.8637306451612,True,0.9-1.0,>500k,>50,9
BLR_128722,3,0.05898492710330015,562.8894719362765,1382111.4033686388,322.40182412903226,False,0.0-0.1,>500k,>50,0
BLR_128723,5,0.9473634227248621,702.8104304117411,1983853.8415440044,512.6708030967742,True,0.9-1.0,>500k,>50,9
BLR_128724,3,0.2836655563674889,578.4553943417478,2605036.1412146846,581.8755663870968,False,0.2-0.3,>500k,>50,2
BLR_128725,5,0.4645848214766254,650.1555155563053,242776.8663696,98.89044,False,0.4-0.5,200k-500k,>50,4
BLR_128726,5,0.4349021649754789,605.7950842498556,533229.20372,56.76867,False,0.4-0.5,>500k,>50,4
BLR_128727,2,0.0003007281785173929,347.78108754827156,315032.647128,59.128479999999996,False,0.0-0.1,200k-500k,>50,0
BLR_128729,5,0.6613396588131043,613.0401293944473,846101.305886,158.5868712903226,False,0.6-0.7,>500k,>50,6
BLR_128732,3,0.0344829672818916,536.6694863043078,1138591.4392968,335.598529516129,False,0.0-0.1,>500k,>50,0
BLR_128733,3,0.021434178237578483,519.8422016585579,843416.7402166,193.44308,False,0.0-0.1,>500k,>50,0
BLR_128736,5,0.6482909215803319,665.2884631923612,808276.7266708044,179.30768051612904,False,0.6-0.7,>500k,>50,6
BLR_128737,3,0.01806479080147606,552.1821518854505,1163951.159511,363.5964822580645,False,0.0-0.1,>500k,>50,0
BLR_128738,5,0.5413397380134238,611.1701041945332,749905.5275650113,212.291994,False,0.5-0.6,>500k,>50,5
BLR_128739,3,0.030150241150282857,559.1130510084869,992647.446833,253.50825870967742,False,0.0-0.1,>500k,>50,0
BLR_128740,5,0.6761149615780616,635.8805219202968,710437.648943,156.48606451612903,False,0.6-0.7,>500k,>50,6
BLR_128741,5,0.417742233122367,690.2790614093482,305390.8137932,63.15429999999999,True,0.4-0.5,200k-500k,>50,4
BLR_128742,1,6.911410414236937e-05,143.1402876658157,732972.425680956,193.16975,False,0.0-0.1,>500k,>50,0
BLR_128743,5,0.520053375621028,687.3778039791163,729853.9039771999,121.08207,False,0.5-0.6,>500k,>50,5
BLR_128744,2,0.0021853815673539205,358.98620162604465,840634.360104,139.28852,False,0.0-0.1,>500k,>50,0
BLR_128745,5,0.8952493369462915,691.1458883237307,1396966.7206294045,371.3197630967742,True,0.8-0.9,>500k,>50,8
BLR_128746,1,0.0004892569369081547,214.9843622423555,1539393.7152168,382.22875967741936,False,0.0-0.1,>500k,>50,0
BLR_128747,5,0.7164615971989945,671.2107500714785,777478.599105,200.3115558064516,False,0.7-0.8,>500k,>50,7
BLR_128748,1,2.2238167458243347e-05,153.73923655160937,222950.375146,34.19153225806452,False,0.0-0.1,200k-500k,20-50,0
BLR_128749,4,0.3643263692101445,596.0539184246619,1257475.138869,389.2371616129032,False,0.3-0.4,>500k,>50,3
BLR_128750,4,0.0905801680771746,625.6755180586503,523260.356978,133.034,False,0.0-0.1,>500k,>50,0
BLR_129298,5,0.7483206790040303,516.9235475321727,833168.2717776,132.41669,True,0.7-0.8,>500k,>50,7
BLR_129299,3,0.0018306032844954264,393.30672105043635,115.5,0.001,False,0.0-0.1,<=50k,<=5,0
BLR_129300,1,0.000160891602029425,137.33572226124514,876266.1553322,199.4461,False,0.0-0.1,>500k,>50,0
BLR_129301,3,0.0018306032844954264,393.2961683252172,115.5,0.001,False,0.0-0.1,<=50k,<=5,0
BLR_129302,2,0.0001537393642625239,226.4743418420998,115.5,0.001,False,0.0-0.1,<=50k,<=5,0
BLR_129303,1,0.0008087852319583529,186.35882535531837,1629154.9634826,351.44652096774195,False,0.0-0.1,>500k,>50,0
BLR_129304,5,0.46085736111894016,482.02432018994375,261165.448,57.466300000000004,False,0.4-0.5,200k-500k,>50,4
BLR_129305,5,0.20695052656779395,454.7399213957851,115.5,0.001,False,0.2-0.3,<=50k,<=5,2
BLR_129306,5,0.2068816079789654,455.23211082837827,471.339936,0.54,False,0.2-0.3,<=50k,<=5,2
BLR_129307,1,1.2891638618707765e-05,0.6929146403332734,115.5,0.001,False,0.0-0.1,<=50k,<=5,0
BLR_129308,2,0.0011176374907698589,238.16766175779318,578174.97196,113.21397,False,0.0-0.1,>500k,>50,0
BLR_129310,3,0.18437687730189237,420.244409048362,1973348.574617,450.17929,False,0.1-0.2,>500k,>50,1
BLR_129311,3,0.025679613149700554,334.7010926423352,933123.873565,211.49275516129032,False,0.0-0.1,>500k,>50,0
BLR_129312,3,0.0018306032844954264,267.0010320395413,115.5,0.001,False,0.0-0.1,<=50k,<=5,0
BLR_129313,3,0.14916511134384472,385.5418220678023,2085410.953893839,523.1284196129033,False,0.1-0.2,>500k,>50,1
BLR_129314,5,0.20687495367966868,454.3502460021944,115.5,0.001,False,0.2-0.3,<=50k,<=5,2
BLR_129315,1,0.00030269819116973993,105.66792705222545,1416602.486023,366.45775270967744,False,0.0-0.1,>500k,>50,0
BLR_129316,5,0.808204873641242,521.9411845012481,943947.9512768,237.88327,True,0.8-0.9,>500k,>50,8
BLR_129317,3,0.0018306032844954264,267.72691830033096,115.5,0.001,False,0.0-0.1,<=50k,<=5,0
BLR_129318,5,0.20695052656779395,458.9316429811927,115.5,0.001,False,0.2-0.3,<=50k,<=5,2
BLR_129319,1,0.0002254886392223182,106.69583063770217,1231853.099378,346.5724158064516,False,0.0-0.1,>500k,>50,0
BLR_129320,5,0.20691273757361034,458.60487997144867,115.5,0.001,False,0.2-0.3,<=50k,<=5,2
BLR_129321,3,0.0018306032844954264,268.4349330812648,115.5,0.001,False,0.0-0.1,<=50k,<=5,0
BLR_129322,5,0.7619522980437055,571.7863393069922,930906.141697,297.47519587096775,True,0.7-0.8,>500k,>50,7
BLR_129323,2,0.001815809399073499,276.4948763724451,866086.5661126,209.68619,False,0.0-0.1,>500k,>50,0
BLR_129324,3,0.01654261409847691,321.2880402232981,783121.9232,209.31535,False,0.0-0.1,>500k,>50,0
BLR_129325,2,0.001273185803018901,159.14964494878737,636525.9192340554,99.391994,False,0.0-0.1,>500k,>50,0
BLR_129326,1,4.8963594401695926e-05,54.176330123464254,297581.26975,65.03131,False,0.0-0.1,200k-500k,>50,0
BLR_129327,2,0.0001537393642625239,124.52224826258013,115.5,0.001,False,0.0-0.1,<=50k,<=5,0
BLR_129328,2,0.00046725536154180124,158.8812449706902,280399.5715,51.4116,False,0.0-0.1,200k-500k,>50,0
BLR_129329,5,0.8552613387100837,601.3790798550529,1635915.786314,608.0460770967742,True,0.8-0.9,>500k,>50,8
BLR_129330,3,0.025589889158268993,376.19658042613395,887842.090038,219.09635903225808,False,0.0-0.1,>500k,>50,0
BLR_129331,9,0.9999809416938285,587.8887533466211,773316.8567059999,176.4197587096774,True,0.9-1.0,>500k,>50,9
BLR_129332,1,6.425627673468809e-05,60.644511834793654,432173.826691,102.24029999999999,False,0.0-0.1,200k-500k,>50,0
BLR_129333,5,0.871112161298527,583.707238910996,1235844.6962456,334.31022967741933,True,0.8-0.9,>500k,>50,8
BLR_129334,3,0.023840135669467792,366.3459516963749,865260.73023,175.21010129032257,False,0.0-0.1,>500k,>50,0
BLR_129335,2,0.002632653705566428,221.75964945120566,1041032.619377,277.91529,False,0.0-0.1,>500k,>50,0
BLR_129336,2,0.00015371020567126882,137.27430020854925,471.339936,0.54,False,0.0-0.1,<=50k,<=5,0
BLR_129338,5,0.5004389495910421,490.6592761831694,306157.661,47.86125,False,0.5-0.6,200k-500k,20-50,5
BLR_129339,1,1.2891638618707765e-05,37.945761321832784,115.5,0.001,False,0.0-0.1,<=50k,<=5,0
BLR_129340,3,0.030446371672775092,420.8228444853068,994146.3314,264.90709129032257,False,0.0-0.1,>500k,>50,0
BLR_129341,5,0.20691273757361034,410.3284080222025,115.5,0.001,False,0.2-0.3,<=50k,<=5,2
BLR_129342,1,4.947873943322354e-05,72.00807978424797,304272.835,55.81438,False,0.0-0.1,200k-500k,>50,0
BLR_129343,9,0.9998107660658364,510.7716495730337,115.5,0.001,True,0.9-1.0,<=50k,<=5,9
BLR_129344,3,0.0018298726222945503,321.5671650026492,197.931648,0.171,False,0.0-0.1,<=50k,<=5,0
BLR_129345,1,6.427256716631966e-05,85.87052210687958,419548.5541,64.4222,False,0.0-0.1,200k-500k,>50,0
BLR_129346,2,0.0001537393642625239,136.8741429348135,115.5,0.001,False,0.0-0.1,<=50k,<=5,0
BLR_129347,1,0.001275870968920323,223.78660172231528,1760821.582563,428.41783741935484,False,0.0-0.1,>500k,>50,0
BLR_129348,1,0.00026745694322540545,175.4679685207317,1077483.448,265.19843000000003,False,0.0-0.1,>500k,>50,0
BLR_129349,2,0.0011995443378700107,234.48283566767927,743874.3949340554,226.18070529032258,False,0.0-0.1,>500k,>50,0
BLR_129350,2,0.0053819929344500065,248.48997343818635,1409482.3429154046,415.01043696774195,False,0.0-0.1,>500k,>50,0
BLR_129351,2,0.0021057166537131146,235.14635794901187,943926.499328,201.50638,False,0.0-0.1,>500k,>50,0
BLR_129352,2,0.0020232540451195634,282.55590048849615,838942.140407,203.60713,False,0.0-0.1,>500k,>50,0
BLR_129353,2,0.0014035265724056897,259.9680396215451,734657.815233,155.64683,False,0.0-0.1,>500k,>50,0
BLR_129354,5,0.20691273757361034,413.06817926385287,115.5,0.001,False,0.2-0.3,<=50k,<=5,2
BLR_129355,5,0.7700244487801403,490.84520284634584,816383.3492910553,172.337974,True,0.7-0.8,>500k,>50,7
BLR_129356,2,0.0001537393642625239,192.5610645789653,115.5,0.001,False,0.0-0.1,<=50k,<=5,0
BLR_129357,1,0.00010003161508631407,119.52959754026902,631401.597171,161.238484,False,0.0-0.1,>500k,>50,0
BLR_129358,2,0.006022824397453196,268.965122494818,1462601.6546006,356.220899516129,False,0.0-0.1,>500k,>50,0
BLR_129359,5,0.2069192059477465,419.1050267720187,504.408288,0.371,False,0.2-0.3,<=50k,<=5,2
BLR_129360,2,0.00015370397299272213,208.582389788343,115.5,0.001,False,0.0-0.1,<=50k,<=5,0
BLR_129361,1,1.2891638618707765e-05,78.81199004448375,115.5,0.001,False,0.0-0.1,<=50k,<=5,0
BLR_129362,5,0.734372695144212,456.5919881476676,809451.36533,177.44137741935484,False,0.7-0.8,>500k,>50,7
BLR_129363,3,0.03249368695088776,407.9448307544546,1064820.5985376,302.6391588387097,False,0.0-0.1,>500k,>50,0
BLR_129364,1,1.2891638618707765e-05,78.5527251823272,115.5,0.001,False,0.0-0.1,<=50k,<=5,0
BLR_129365,3,0.03862544566068708,426.1240379043225,1096192.5924450555,232.88274283870967,False,0.0-0.1,>500k,>50,0
BLR_129366,5,0.6416840028898992,484.774504410501,578185.8750392001,91.71539,False,0.6-0.7,>500k,>50,6
BLR_129368,5,0.20695052656779395,438.36572076236797,115.5,0.001,False,0.2-0.3,<=50k,<=5,2
BLR_129369,3,0.026437260381470415,453.7098932447173,963506.98056,253.00205322580646,False,0.0-0.1,>500k,>50,0
BLR_129371,1,1.2888670506280666e-05,78.09110259358768,115.5,0.001,False,0.0-0.1,<=50k,<=5,0
BLR_129372,3,0.0322096861236904,465.64455938491966,927673.864235,229.29245096774193,False,0.0-0.1,>500k,>50,0
BLR_129374,3,0.0018306032844954264,377.2284142419309,115.5,0.001,False,0.0-0.1,<=50k,<=5,0
BLR_129375,3,0.01906918822622141,462.7309793483734,816853.531759,226.90810322580646,False,0.0-0.1,>500k,>50,0
BLR_129376,5,0.7327894351706249,485.14242585438376,772056.2930000001,180.07602,False,0.7-0.8,>500k,>50,7
BLR_129377,2,0.0001537393642625239,208.60631797249297,115.5,0.001,False,0.0-0.1,<=50k,<=5,0
BLR_129378,1,1.2904216164682375e-05,94.2741019751,893.3165759999999,0.741,False,0.0-0.1,<=50k,<=5,0
BLR_129379,1,8.148384414040037e-05,123.98093370858619,525250.3253592,91.85917,False,0.0-0.1,>500k,>50,0
BLR_129380,5,0.8483810309761555,515.0258193945956,1133366.408816,275.44177096774195,True,0.8-0.9,>500k,>50,8
BLR_129381,2,0.0016196685301930879,283.00445362039005,777833.5694798001,135.28942,False,0.0-0.1,>500k,>50,0
BLR_129382,5,0.48296097464688975,464.65974572206983,313619.60818,79.2062,False,0.4-0.5,200k-500k,>50,4
BLR_129383,5,0.35514860451543423,478.0390603131407,159183.1424,12.756,False,0.3-0.4,100k-200k,10-20,3
BLR_129632,3,0.09833539348038033,537.133668345681,1811317.086885,447.2709612903226,False,0.0-0.1,>500k,>50,0
BLR_129635,1,5.975361346130239e-05,137.93137101169728,415026.8289286,86.8156,False,0.0-0.1,200k-500k,>50,0
BLR_129640,1,7.08454923224634e-05,127.39742366597982,487079.9703098,102.30547,False,0.0-0.1,200k-500k,>50,0
BLR_129643,1,1.2891638618707765e-05,101.66998894478279,115.5,0.001,False,0.0-0.1,<=50k,<=5,0
BLR_129647,3,0.04177055898674134,401.3002935770884,1262205.056862,304.58409261290325,False,0.0-0.1,>500k,>50,0
BLR_129652,1,8.69053377858864e-05,114.3468813190437,597787.9991108,127.047,False,0.0-0.1,>500k,>50,0
BLR_129653,1,0.0003654298251014765,91.5577719652601,1373829.0275524,348.18702451612904,False,0.0-0.1,>500k,>50,0
BLR_129656,2,0.0036291985771538574,392.3253856235125,1177747.0070736,219.41632,False,0.0-0.1,>500k,>50,0
BLR_129660,2,0.0014802070798527727,336.9754098822144,748859.3551846,187.94163,False,0.0-0.1,>500k,>50,0
BLR_129670,3,0.02951791006421369,417.84905585225385,1102086.2093496,313.5840386451613,False,0.0-0.1,>500k,>50,0
BLR_129676,3,0.02816149675547674,438.0210277231273,1130151.3972166046,341.6637930967742,False,0.0-0.1,>500k,>50,0
BLR_129680,2,0.011897270164710497,267.18436148272497,1752448.8635996,400.21437129032256,False,0.0-0.1,>500k,>50,0
BLR_129681,3,0.036927558935712465,463.8017316462131,1184293.2252686,331.4933192903226,False,0.0-0.1,>500k,>50,0
BLR_129682,3,0.03614293250202734,489.8819714545343,1138545.2830416,308.16478112903224,False,0.0-0.1,>500k,>50,0
BLR_129689,1,0.00038467153962985735,95.73554830003235,1380282.000935,345.11274,False,0.0-0.1,>500k,>50,0
BLR_129690,5,0.9350788186428333,699.9852925430172,1757026.6866436,435.40014903225807,True,0.9-1.0,>500k,>50,9
BLR_129691,1,6.329572691046e-05,59.92709003438064,376074.2634286,68.5517,False,0.0-0.1,200k-500k,>50,0
BLR_129696,2,0.002806313218664715,266.8866537467741,1103876.7852091999,242.90677,False,0.0-0.1,>500k,>50,0
BLR_129698,3,0.03143437754116247,487.2406737651552,1141651.384308239,330.5762812903226,False,0.0-0.1,>500k,>50,0
BLR_129700,3,0.08868774750530935,539.499887181693,1635859.8255584,420.024148,False,0.0-0.1,>500k,>50,0
BLR_129701,3,0.049433927061574845,539.0246834140629,1426287.623324,429.1503252903226,False,0.0-0.1,>500k,>50,0
BLR_129702,2,0.008478792022260224,307.24586065554155,1693357.997798,429.90725677419357,False,0.0-0.1,>500k,>50,0
BLR_129703,5,0.5880376034171055,651.0354660049078,460787.372269,126.01714,False,0.5-0.6,200k-500k,>50,5
BLR_129704,5,0.3580790602207625,621.3108988617454,141572.4333476,17.0511,False,0.3-0.4,100k-200k,10-20,3
BLR_129705,5,0.9688257420306311,723.134008498325,1981108.7798100554,439.98047238709677,True,0.9-1.0,>500k,>50,9
BLR_129707,5,0.7608031804159465,713.0747649304705,915013.073816,248.00226225806452,True,0.7-0.8,>500k,>50,7
BLR_129708,5,0.847824600627634,743.1681275647447,1181450.334190239,297.42683696774196,True,0.8-0.9,>500k,>50,8
BLR_129709,2,0.0035774735397998865,314.45598928412,1177837.2029762,297.7784812903226,False,0.0-0.1,>500k,>50,0
BLR_129710,1,1.2891638618707765e-05,27.398280977336295,115.5,0.001,False,0.0-0.1,<=50k,<=5,0
BLR_129711,2,0.0025612598100619,313.10333772039183,1016211.8359139999,290.092854516129,False,0.0-0.1,>500k,>50,0
BLR_129712,5,0.8991737421278746,735.2711566762106,1355623.3651955,322.04906290322583,True,0.8-0.9,>500k,>50,8
BLR_129713,3,0.0018298339661886034,440.5678305307586,504.408288,0.371,False,0.0-0.1,<=50k,<=5,0
BLR_129714,2,0.0009639981004508157,288.3261685313659,553591.5731886,140.92680000000001,False,0.0-0.1,>500k,>50,0
BLR_129715,3,0.05133560403427553,548.6557304005693,1285262.4099088,318.73888193548385,False,0.0-0.1,>500k,>50,0
BLR_129716,3,0.02607850744076308,546.3917371352669,980915.3926604944,269.88282161290323,False,0.0-0.1,>500k,>50,0
BLR_129717,5,0.6068329146631473,642.4526753000796,472902.7874958,92.95664,False,0.6-0.7,200k-500k,>50,6
BLR_129718,2,0.0026474373037248403,324.14012797142027,1169524.3193228,323.2338192903226,False,0.0-0.1,>500k,>50,0
BLR_129719,5,0.7653532213495169,617.2613775237675,1016420.9536128,345.2701380645161,False,0.7-0.8,>500k,>50,7
BLR_129720,5,0.7688956685881034,566.7773517743412,938110.1710212,211.53234,False,0.7-0.8,>500k,>50,7
BLR_129721,1,0.00019978596544436504,102.37968796469843,979306.9709408,175.22209,False,0.0-0.1,>500k,>50,0
BLR_129722,5,0.6904827945920322,563.4221596762034,702163.8115326,147.61638,False,0.6-0.7,>500k,>50,6
BLR_129723,3,0.0018293661112154188,473.83504632906164,82.43164800000001,0.17,False,0.0-0.1,<=50k,<=5,0
BLR_129724,2,0.0006244719222925671,305.8449367591658,317068.9593036,72.37435,False,0.0-0.1,200k-500k,>50,0
BLR_129725,9,0.9999853098440667,730.1993682793213,996374.8365730001,344.0867712903226,True,0.9-1.0,>500k,>50,9
BLR_129727,5,0.5248395896331475,602.0670527606544,320694.9774734,58.74712,False,0.5-0.6,200k-500k,>50,5
BLR_129728,2,0.002942380210980641,340.96773886807574,1182552.4389116555,283.724158516129,False,0.0-0.1,>500k,>50,0
BLR_129729,3,0.031575620391202715,570.0182680928622,1000426.7863812,264.92554322580645,False,0.0-0.1,>500k,>50,0
BLR_129730,5,0.8038145375861528,639.0081090818678,1021884.9895192389,260.2678730967742,False,0.8-0.9,>500k,>50,8
BLR_129731,1,0.00011240847036229679,99.59840591061696,702853.3251766,193.67782161290324,False,0.0-0.1,>500k,>50,0
BLR_129732,1,9.614540256955294e-05,104.5797148969063,631801.2864856,140.19517,False,0.0-0.1,>500k,>50,0
BLR_129733,5,0.8092396184922903,602.9669959837413,1042226.8646416,269.66617580645163,False,0.8-0.9,>500k,>50,8
BLR_129735,1,0.00015554251590375705,141.43901487359733,885140.1006546,238.03905,False,0.0-0.1,>500k,>50,0
BLR_129736,1,8.779149776234993e-05,135.42349642582957,569945.07323,111.33795,False,0.0-0.1,>500k,>50,0
BLR_129738,2,0.022584803374263808,399.5656150379211,2223211.86357983,600.5932001290323,False,0.0-0.1,>500k,>50,0
BLR_129739,1,0.07010873939595061,356.5679042511632,3871400.0336380047,922.9947650322581,False,0.0-0.1,>500k,>50,0
BLR_129740,5,0.20686375624556472,561.4851163870011,306.47664,0.2,False,0.2-0.3,<=50k,<=5,2
BLR_120033,5,0.35838189378752466,618.5170210745708,203842.25900000002,28.146,False,0.3-0.4,200k-500k,20-50,3
BLR_120034,5,0.5095039495045033,645.4200730734974,307976.802365,78.72365612903226,False,0.5-0.6,200k-500k,>50,5
BLR_120035,3,0.032025091801521056,501.2326886559035,1087953.243500639,271.002636,False,0.0-0.1,>500k,>50,0
BLR_120036,5,0.839011166640127,676.1747455880503,1181760.939131,294.392028516129,True,0.8-0.9,>500k,>50,8
BLR_120037,1,0.0003042188036662742,127.43680720467343,1107463.03024,253.50580451612902,False,0.0-0.1,>500k,>50,0
BLR_120038,5,0.653310877333981,644.0513301196668,578539.168741,61.33046,False,0.6-0.7,>500k,>50,6
BLR_120039,1,0.0015118194925057735,140.46275656397182,1979591.1000862,411.70091580645163,False,0.0-0.1,>500k,>50,0
BLR_120040,1,6.059764863690601e-05,29.756379727586115,376927.517334,79.83924999999999,False,0.0-0.1,200k-500k,>50,0
BLR_120041,1,2.9856162918943967e-05,19.051684378859363,142299.29493,27.720052,False,0.0-0.1,100k-200k,20-50,0
BLR_120042,2,0.002266979119085738,321.5827659627206,914091.2749276,153.28712000000002,False,0.0-0.1,>500k,>50,0
BLR_120043,1,0.00021365833723311045,99.77441623713203,1156937.629831,204.15591,False,0.0-0.1,>500k,>50,0
BLR_120045,1,5.94250334472963e-05,51.86349527749367,363682.7159436,45.12595161290323,False,0.0-0.1,200k-500k,20-50,0
BLR_120046,1,8.873600772396314e-05,84.6953580926181,516880.305102,83.04898,False,0.0-0.1,>500k,>50,0
BLR_120047,1,0.0001999437616495658,109.01482636120946,1017063.81303,286.8999408064516,False,0.0-0.1,>500k,>50,0
BLR_120048,3,0.0018293661112154188,427.53396649281586,82.43164800000001,0.17,False,0.0-0.1,<=50k,<=5,0
BLR_120049,2,0.005112066838209554,312.1709062505791,1287539.267318,306.20935,False,0.0-0.1,>500k,>50,0
BLR_120050,3,0.15745634193575783,593.9591392194328,2078548.146925,492.08357887096776,False,0.1-0.2,>500k,>50,1
BLR_120051,2,0.0023099076804806726,203.56934080626263,1005894.8078739999,202.36004677419356,False,0.0-0.1,>500k,>50,0
BLR_120053,1,0.0001296709860400132,104.6463207051978,822313.243603839,174.886996,False,0.0-0.1,>500k,>50,0
BLR_120054,5,0.8392233938956198,713.6428711695012,1067914.242674,222.04915129032258,True,0.8-0.9,>500k,>50,8
BLR_120055,5,0.9380474360510038,773.1229257463573,1627106.275024,346.78829903225807,True,0.9-1.0,>500k,>50,9
BLR_120057,5,0.8002137719549907,685.780803732685,1053528.7551862,251.75678,True,0.8-0.9,>500k,>50,8
BLR_120058,2,0.007225448543099757,252.69991960161886,1729337.68714,477.01971032258064,False,0.0-0.1,>500k,>50,0
BLR_120059,5,0.5355832816351327,646.094636428243,372331.40505,68.21077,False,0.5-0.6,200k-500k,>50,5
BLR_120061,2,0.0009998854110216252,186.31004104824493,520205.5228084,103.20855,False,0.0-0.1,>500k,>50,0
BLR_120064,2,0.0022742895007936024,222.92725831491916,1022924.5617231999,190.58421,False,0.0-0.1,>500k,>50,0
BLR_120065,1,6.575922118972687e-05,90.35599742521408,445217.847435,59.01339,False,0.0-0.1,200k-500k,>50,0
BLR_120066,3,0.0449424439217884,490.90562508155165,1349112.9694989999,393.4832542903226,False,0.0-0.1,>500k,>50,0
BLR_120067,3,0.06484075234408457,556.0983665041391,1306569.5435406,270.19118387096773,False,0.0-0.1,>500k,>50,0
BLR_120068,2,0.0004194267225384763,181.65346396185032,188491.74205,33.3054,False,0.0-0.1,100k-200k,20-50,0
BLR_120069,2,0.008852138641832076,318.1186952374416,1533847.8258316389,363.448250516129,False,0.0-0.1,>500k,>50,0
BLR_120070,2,0.0001537393642625239,174.54260075103338,115.5,0.001,False,0.0-0.1,<=50k,<=5,0
BLR_120071,2,0.01285522736122821,309.7327083649938,1715498.416822685,375.6800412903226,False,0.0-0.1,>500k,>50,0
BLR_120072,5,0.8524774680769452,629.2719363228623,1259922.0619586944,319.069745,False,0.8-0.9,>500k,>50,8
BLR_120073,2,0.0026682742641476543,287.782840192958,1072886.3108392,273.73204483870967,False,0.0-0.1,>500k,>50,0
BLR_120074,2,0.0016167758112594994,279.223748410728,782831.054379,209.04413,False,0.0-0.1,>500k,>50,0
BLR_120075,3,0.03802228759536223,567.9760616185297,1185548.154695,295.60496677419354,False,0.0-0.1,>500k,>50,0
BLR_120076,3,0.03132462549171042,532.73563558541,1034967.601524,242.30427903225808,False,0.0-0.1,>500k,>50,0
BLR_120077,2,0.07174850533772736,372.0829723192233,2487448.9258968043,564.3648489032258,False,0.0-0.1,>500k,>50,0
BLR_120078,5,0.9483970324200233,651.5266934647509,1769927.47125103,464.79475,False,0.9-1.0,>500k,>50,9
BLR_120079,5,0.7864673677624313,570.1548989939492,926739.171583,193.3859781935484,False,0.7-0.8,>500k,>50,7
BLR_120080,5,0.8574881073067758,702.5532985145819,1175352.7722136849,249.70326,True,0.8-0.9,>500k,>50,8
BLR_120081,3,0.026023966997499426,514.3382970761643,962261.7275888,241.10684451612903,False,0.0-0.1,>500k,>50,0
BLR_120084,3,0.0018314449818191533,299.2050214520928,115.5,0.001,False,0.0-0.1,<=50k,<=5,0
BLR_120085,9,0.9999899286546613,737.2274484663587,991046.8941520001,266.0742106451613,True,0.9-1.0,>500k,>50,9
BLR_120087,3,0.19683933853525457,454.61403624693156,1958099.832807639,475.51221316129033,False,0.1-0.2,>500k,>50,1
BLR_120088,5,0.7732138295882195,622.8356358883665,855851.7487508045,176.383408,False,0.7-0.8,>500k,>50,7
BLR_120089,3,0.0624199761693289,416.7637483996408,1181854.938146,296.4416462903226,False,0.0-0.1,>500k,>50,0
BLR_120090,1,5.0079646525859406e-05,92.72810744691482,272373.29177999997,56.09869,False,0.0-0.1,200k-500k,>50,0
BLR_120091,5,0.6892949960066191,608.1096134910181,657780.458181,106.48727161290323,False,0.6-0.7,>500k,>50,6
BLR_120092,3,0.06589115085228034,475.64380550571525,1402264.427057,320.40074870967743,False,0.0-0.1,>500k,>50,0
BLR_120093,3,0.04554519333430219,459.4057463005556,1281492.10064,366.69361,False,0.0-0.1,>500k,>50,0
BLR_120094,1,0.0013347507387545534,221.8296111943402,1962295.5366731999,468.64759241935485,False,0.0-0.1,>500k,>50,0
BLR_120095,3,0.18837227367962284,474.871103588376,2426730.3744765236,609.8759201290322,False,0.1-0.2,>500k,>50,1
BLR_120098,4,0.3976840368887585,578.6577920704897,1448596.808427,343.22790096774196,False,0.3-0.4,>500k,>50,3
BLR_120099,4,0.1050034579698697,528.2719754072982,416471.534314,81.79661451612904,False,0.1-0.2,200k-500k,>50,1
BLR_120396,5,0.5929048885474291,593.7064618234929,470302.324204,108.30608064516129,True,0.5-0.6,200k-500k,>50,5
BLR_120397,5,0.206859216818312,538.3228239043897,100.188,0.03,False,0.2-0.3,<=50k,<=5,2
BLR_120398,5,0.20685943920090002,538.0720672905973,102.0,0.031,False,0.2-0.3,<=50k,<=5,2
BLR_120399,5,0.3220720742272183,553.006408500138,132371.700255,22.6716,False,0.3-0.4,100k-200k,20-50,3
BLR_120400,1,1.2886822557015119e-05,121.5343842375606,202.188,0.061,False,0.0-0.1,<=50k,<=5,0
BLR_120401,3,0.0018299206498905935,292.5453346729233,202.188,0.061,False,0.0-0.1,<=50k,<=5,0
BLR_120402,2,0.0001536819383575508,284.0302961824426,202.188,0.061,False,0.0-0.1,<=50k,<=5,0
BLR_120403,5,0.20679814383961942,526.6592852428042,388.908288,0.37,False,0.2-0.3,<=50k,<=5,2
BLR_120404,2,0.004784610814639395,325.32451797060247,1331130.796915,270.2291458064516,False,0.0-0.1,>500k,>50,0
BLR_120405,5,0.5700352800123205,558.8829623590519,506414.386388,72.372,False,0.5-0.6,>500k,>50,5
BLR_120406,5,0.20685142757743438,532.8507852668107,202.188,0.061,False,0.2-0.3,<=50k,<=5,2
BLR_120407,5,0.20685142757743438,532.2089093169601,202.188,0.061,False,0.2-0.3,<=50k,<=5,2
BLR_120408,2,0.00015362474486597727,122.64240688979086,490.908288,0.401,False,0.0-0.1,<=50k,<=5,0
BLR_120409,2,0.0072248189165064185,328.0430474447134,1631112.0853209998,412.3392367741935,False,0.0-0.1,>500k,>50,0
BLR_120410,1,0.0003219875993993956,195.66539443606507,1340528.5028346,332.64365129032257,False,0.0-0.1,>500k,>50,0
BLR_120411,2,0.001599167606424755,204.58838785792491,697604.67894,153.55363,False,0.0-0.1,>500k,>50,0
BLR_120412,2,0.006418845679055932,251.3203589907015,1612522.83595,294.38351419354836,False,0.0-0.1,>500k,>50,0
BLR_120413,2,0.012259035158303773,329.10232503000043,1803879.914385,332.52272929032256,False,0.0-0.1,>500k,>50,0
BLR_120414,3,0.008652223686141838,455.6749690136948,422100.099756,90.736,False,0.0-0.1,200k-500k,>50,0
BLR_120415,2,0.0001536819383575508,187.12539374187935,202.188,0.061,False,0.0-0.1,<=50k,<=5,0
BLR_120416,5,0.20685943920090002,531.7832955475116,102.0,0.031,False,0.2-0.3,<=50k,<=5,2
BLR_120417,5,0.206859216818312,531.2541626652592,100.188,0.03,False,0.2-0.3,<=50k,<=5,2
BLR_120418,3,0.0018299206498905935,291.756926426507,202.188,0.061,False,0.0-0.1,<=50k,<=5,0
BLR_120419,5,0.8071050182054214,662.6323526106129,1119827.509763,282.01214032258065,True,0.8-0.9,>500k,>50,8
BLR_120420,3,0.05230093224960432,423.8818237117357,1355330.644363,324.43931000000003,False,0.0-0.1,>500k,>50,0
BLR_120421,3,0.028837534328600437,424.36655637004094,898908.4201946389,244.39810922580645,False,0.0-0.1,>500k,>50,0
BLR_120422,3,0.07271699516201434,480.0595409289764,1535181.4193686,315.6272616129032,False,0.0-0.1,>500k,>50,0
BLR_120423,5,0.8290374052060654,631.4519692150151,1090076.6744446,245.0369326451613,True,0.8-0.9,>500k,>50,8
BLR_120424,3,0.09384779296486444,448.90001749269976,1880004.4128720001,488.05717516129033,False,0.0-0.1,>500k,>50,0
BLR_120426,5,0.8811118756135241,670.8396753813362,1460377.9592900001,386.39096,True,0.8-0.9,>500k,>50,8
BLR_120427,3,0.0018299206498905935,361.303533142749,202.188,0.061,False,0.0-0.1,<=50k,<=5,0
BLR_120428,2,0.0001536819383575508,187.22581873499195,202.188,0.061,False,0.0-0.1,<=50k,<=5,0
BLR_120429,5,0.8509081584027192,599.6724469875343,1263847.3698246,290.30573,True,0.8-0.9,>500k,>50,8
BLR_120430,1,1.2887451848853186e-05,110.46124457777799,102.0,0.031,False,0.0-0.1,<=50k,<=5,0
BLR_120431,2,0.0001536819383575508,187.36699621753255,202.188,0.061,False,0.0-0.1,<=50k,<=5,0
BLR_120432,2,0.002923241431703574,305.64606926138237,1134910.1727658045,266.0297234193548,False,0.0-0.1,>500k,>50,0
BLR_120433,3,0.04917204545494987,494.6360699379529,1325588.322691,284.5074829032258,False,0.0-0.1,>500k,>50,0
BLR_120434,9,0.9998105645667659,580.9326579008222,202.188,0.061,False,0.9-1.0,<=50k,<=5,9
BLR_120435,1,7.858954229181046e-05,135.71562855955918,478153.12553920003,80.7865,False,0.0-0.1,200k-500k,>50,0
BLR_120436,5,0.20685142757743438,474.43505065972573,202.188,0.061,False,0.2-0.3,<=50k,<=5,2
BLR_120437,2,0.0026892114525106283,283.67963570722713,1013738.8827152,158.0988541935484,False,0.0-0.1,>500k,>50,0
BLR_120438,1,9.49685051901615e-05,45.544682549543566,608101.65135,153.57147,False,0.0-0.1,>500k,>50,0
BLR_120439,2,0.022873820310110832,367.8522009858729,2150942.3474808345,506.8613958709678,False,0.0-0.1,>500k,>50,0
BLR_120440,3,0.001830007370655099,376.8847871783201,100.188,0.03,False,0.0-0.1,<=50k,<=5,0
BLR_120441,1,0.00010782011336886988,48.767082925108156,741134.193827,148.52777451612903,False,0.0-0.1,>500k,>50,0
BLR_120442,5,0.5049357112918496,521.4371025387055,328999.5345,53.509640000000005,False,0.5-0.6,200k-500k,>50,5
BLR_120443,1,0.00018899896429183335,75.66963686764629,1014257.6658410553,243.41336077419356,False,0.0-0.1,>500k,>50,0
BLR_120444,5,0.20685943920090002,479.69393259040066,102.0,0.031,False,0.2-0.3,<=50k,<=5,2
BLR_120445,1,1.2886822557015119e-05,25.73076401850133,202.188,0.061,False,0.0-0.1,<=50k,<=5,0
BLR_120446,1,1.2887451848853186e-05,25.064466849730003,102.0,0.031,False,0.0-0.1,<=50k,<=5,0
BLR_120447,3,0.02792693107555813,445.78484531094216,1011162.26483003,246.68518677419357,False,0.0-0.1,>500k,>50,0
BLR_120448,1,1.2886822557015119e-05,25.408840046791205,202.188,0.061,False,0.0-0.1,<=50k,<=5,0
BLR_120449,1,1.2886822557015119e-05,24.51820238763663,202.188,0.061,False,0.0-0.1,<=50k,<=5,0
BLR_120450,9,0.9999814078436885,655.1623596007305,757559.84198,137.53539,True,0.9-1.0,>500k,>50,9
BLR_120451,3,0.052186673099348824,518.7054376784961,1296984.9010372,322.42377548387094,False,0.0-0.1,>500k,>50,0
BLR_120452,3,0.0018300098465550516,389.64274978178736,102.0,0.031,False,0.0-0.1,<=50k,<=5,0
BLR_120453,5,0.8410488595512096,561.5578273392582,1133371.5720018046,267.8403098064516,False,0.8-0.9,>500k,>50,8
BLR_120454,1,0.005137263095893441,294.7364409206695,2587220.3777242,488.31279251612904,False,0.0-0.1,>500k,>50,0
BLR_120455,1,0.006813972407324504,295.8449480756186,2964937.4497026,632.2247337096774,False,0.0-0.1,>500k,>50,0
BLR_120456,2,0.0001536819383575508,230.524993481065,202.188,0.061,False,0.0-0.1,<=50k,<=5,0
BLR_120457,2,0.0001536819383575508,230.7444877982101,202.188,0.061,False,0.0-0.1,<=50k,<=5,0
BLR_120458,3,0.029439281222485417,504.2393598270422,1055396.409636,252.32245,False,0.0-0.1,>500k,>50,0
BLR_120459,2,0.0005237916072566524,257.1925651566774,262900.9768340554,44.556644,False,0.0-0.1,200k-500k,20-50,0
BLR_120460,1,6.142139765095159e-05,89.71701707206331,363302.770191,68.8009,False,0.0-0.1,200k-500k,>50,0
BLR_120461,2,0.00015368944192732496,236.46358450950498,102.0,0.031,False,0.0-0.1,<=50k,<=5,0
BLR_120462,2,0.0012459112786673855,323.84128235994916,658348.7522849999,120.2731,False,0.0-0.1,>500k,>50,0
BLR_120463,2,0.00192852856540238,329.790721310571,1039744.9036096,270.55805,False,0.0-0.1,>500k,>50,0
BLR_120464,2,0.00015368944192732496,256.1311576025035,102.0,0.031,False,0.0-0.1,<=50k,<=5,0
BLR_120465,1,0.00021508247434398609,160.93421465232598,1035615.226382,261.190028,False,0.0-0.1,>500k,>50,0
BLR_120466,5,0.20685142757743438,470.4957464074006,202.188,0.061,False,0.2-0.3,<=50k,<=5,2
BLR_120467,1,1.2886822557015119e-05,82.4231109277897,202.188,0.061,False,0.0-0.1,<=50k,<=5,0
BLR_120468,5,0.7865758975208393,581.1093975116559,948112.667595,213.04678445161292,False,0.7-0.8,>500k,>50,7
BLR_120469,5,0.5234490893999094,543.6937991148271,400509.953,97.17765,False,0.5-0.6,200k-500k,>50,5
BLR_120470,3,0.0018299206498905935,403.6981307742906,202.188,0.061,False,0.0-0.1,<=50k,<=5,0
BLR_120471,1,1.2887451848853186e-05,81.89215327363166,102.0,0.031,False,0.0-0.1,<=50k,<=5,0
BLR_120472,3,0.035518072567576255,503.52684787554085,1199239.507299,267.330815483871,False,0.0-0.1,>500k,>50,0
BLR_120473,1,0.0001233669084785908,140.91393892250227,755965.816927,128.77154193548387,False,0.0-0.1,>500k,>50,0
BLR_120474,1,1.2886822557015119e-05,91.70555073064112,202.188,0.061,False,0.0-0.1,<=50k,<=5,0
BLR_120475,2,0.0001536819383575508,256.833551376748,202.188,0.061,False,0.0-0.1,<=50k,<=5,0
BLR_120476,3,0.0018300098465550516,419.3132155847897,102.0,0.031,False,0.0-0.1,<=50k,<=5,0
BLR_120477,2,0.00766895327336378,341.21772479957593,1626780.4884602,406.0995532903226,False,0.0-0.1,>500k,>50,0
BLR_120478,3,0.03268068952221329,543.9497472227712,1075798.157366,231.26120548387098,False,0.0-0.1,>500k,>50,0
BLR_120479,3,0.23112181280615332,586.1604557159311,2525570.9215897387,624.3482589032258,True,0.2-0.3,>500k,>50,2
BLR_120480,5,0.9570292447354436,640.4132290973971,1847324.19536586,391.59227277419353,True,0.9-1.0,>500k,>50,9
BLR_120481,5,0.20683777416691232,484.9918040019491,1.2100000000000002,0.0005,False,0.2-0.3,<=50k,<=5,2
BLR_120482,1,1.2886822557015119e-05,91.15285301284743,202.188,0.061,False,0.0-0.1,<=50k,<=5,0
BLR_120483,5,0.8580063135167657,655.3240125798894,1328087.7000257238,271.2015672903226,True,0.8-0.9,>500k,>50,8
BLR_120484,1,4.865037876872183e-05,129.85450765736124,335543.007,78.16705,False,0.0-0.1,200k-500k,>50,0
BLR_120485,1,0.0001766076450918271,211.1732581754249,987343.623029,240.42424,False,0.0-0.1,>500k,>50,0
BLR_120612,5,0.4194424656614446,622.123579600527,277004.84071,36.53429,False,0.4-0.5,200k-500k,20-50,4
BLR_120613,5,0.5993988717243753,631.1726336095811,447077.885,103.40763,False,0.5-0.6,200k-500k,>50,5
BLR_120614,1,0.00016308367898765317,138.81174156898302,858212.223455,175.13336999999999,False,0.0-0.1,>500k,>50,0
BLR_120615,2,0.004346443162934691,326.10043283927837,1392076.965897,326.92524,False,0.0-0.1,>500k,>50,0
BLR_120618,1,0.00039224918059588385,154.86257729783,1602252.717363,453.6636735483871,False,0.0-0.1,>500k,>50,0
BLR_120619,1,8.673562996162429e-05,32.267479013376565,570530.812017,101.8035,False,0.0-0.1,>500k,>50,0
BLR_120620,5,0.9994226642435736,835.5592645003137,4509599.930694209,1128.5430942580645,True,0.9-1.0,>500k,>50,9
BLR_120621,2,0.007587238392895479,365.96876227198396,1623440.0962716,351.186334516129,False,0.0-0.1,>500k,>50,0
BLR_120622,3,0.09949532307145904,535.3076521924099,1740505.914407,376.75921387096776,False,0.0-0.1,>500k,>50,0
BLR_120623,3,0.07716189133480869,424.49651264136253,1579107.3015258,357.3053425806452,False,0.0-0.1,>500k,>50,0
BLR_120624,1,0.00025090805160755475,92.1204572466306,1078308.7440546001,202.29734967741936,False,0.0-0.1,>500k,>50,0
BLR_120625,2,0.002137389083240647,189.4023389954921,958659.82707,166.00058,False,0.0-0.1,>500k,>50,0
BLR_120627,3,0.0018300579107106685,351.4508664215435,306.47664,0.2,False,0.0-0.1,<=50k,<=5,0
BLR_120628,5,0.20691273757361034,591.7380137323028,115.5,0.001,False,0.2-0.3,<=50k,<=5,2
BLR_120629,2,0.0006351265593814411,173.5311829534663,409750.174176,77.41974,False,0.0-0.1,200k-500k,>50,0
BLR_120630,1,0.0001003199470749299,54.682286511811256,645833.121653,111.0951,False,0.0-0.1,>500k,>50,0
BLR_120631,2,0.012902830848685376,268.63410278419786,2054046.992855,384.9882829032258,False,0.0-0.1,>500k,>50,0
BLR_120632,2,0.00272961754077419,259.1373332403988,1078454.75376,232.6575027096774,False,0.0-0.1,>500k,>50,0
BLR_120633,5,0.2067756001243,591.2599357389444,3.0,0.031,False,0.2-0.3,<=50k,<=5,2
BLR_120634,1,9.273480122155318e-05,61.2239227856113,651115.264127,169.59410161290322,False,0.0-0.1,>500k,>50,0
BLR_120635,3,0.41451170477822386,477.1056786982952,2845839.0719178044,615.8438476129032,False,0.4-0.5,>500k,>50,4
BLR_120637,5,0.8805674579003968,721.2030843530353,1352994.756576,280.99411000000003,True,0.8-0.9,>500k,>50,8
BLR_120638,5,0.7076128762015749,670.9929197558267,788826.68191,129.7487,True,0.7-0.8,>500k,>50,7
BLR_120639,1,0.0001404599453221914,91.41995403993617,823204.119829,159.53131064516128,False,0.0-0.1,>500k,>50,0
BLR_120640,2,0.0033341207109126195,263.50926451722694,1095329.9934126,174.425762,False,0.0-0.1,>500k,>50,0
BLR_120641,5,0.5228828164075322,656.1317160367132,395170.3131296,69.53713,True,0.5-0.6,200k-500k,>50,5
BLR_120642,5,0.5890842958992608,644.9072304181619,525373.0051210554,96.724584,False,0.5-0.6,>500k,>50,5
BLR_120643,5,0.48050104513402514,561.2630311515769,239230.489144,53.7315,False,0.4-0.5,200k-500k,>50,4
BLR_120644,2,0.004830410819381958,305.00231411644495,1363741.791365,276.87313,False,0.0-0.1,>500k,>50,0
BLR_120645,1,0.015478173938188677,229.02938625071639,3067358.2903384,611.2334066129032,False,0.0-0.1,>500k,>50,0
BLR_120646,3,0.5763765297899265,505.15226768415073,3503066.7059856,737.8874848387096,False,0.5-0.6,>500k,>50,5
BLR_120648,2,0.012419854834918947,330.73515677350224,2059990.846196639,437.15906051612905,False,0.0-0.1,>500k,>50,0
BLR_120649,3,0.04463576153093581,476.99021164478285,1304200.6352856,294.922045,False,0.0-0.1,>500k,>50,0
BLR_120651,5,0.9286060546672554,613.6764646878044,1581481.188335,327.49688,False,0.9-1.0,>500k,>50,9
BLR_120652,2,0.02462180897997965,389.8231749568509,2210977.485591,565.6749062580645,False,0.0-0.1,>500k,>50,0
BLR_120653,1,8.261306822489576e-05,94.21440941155232,623391.95754,82.01139,False,0.0-0.1,>500k,>50,0
BLR_120655,3,0.04991148160097214,457.5705533209388,1388489.3408158044,294.60454277419353,False,0.0-0.1,>500k,>50,0
BLR_120656,2,0.010835306646164476,364.8064690993215,1712053.34718,316.14037096774194,False,0.0-0.1,>500k,>50,0
BLR_120657,3,0.05033104265560997,487.3150695348658,1342752.815596,264.85500451612904,False,0.0-0.1,>500k,>50,0
BLR_120658,2,0.00015368944192732496,263.5651474690123,102.0,0.031,False,0.0-0.1,<=50k,<=5,0
BLR_120659,5,0.8741842932669491,587.1762316911323,1270886.6233060001,248.49507541935483,False,0.8-0.9,>500k,>50,8
BLR_120660,9,0.9999812299016585,711.4810490225084,777462.9878509999,208.96495741935485,True,0.9-1.0,>500k,>50,9
BLR_120661,1,9.323118050868779e-05,115.92664073506201,620657.9979000001,116.40908,False,0.0-0.1,>500k,>50,0
BLR_120662,2,0.012555557293684402,411.2519051378604,1781521.729769,393.66001290322583,False,0.0-0.1,>500k,>50,0
BLR_120663,5,0.43515731787216955,579.3987833833099,168646.345,36.5032,False,0.4-0.5,100k-200k,20-50,4
BLR_120664,5,0.7890560359853769,628.6796814388239,956874.4233810001,223.282432,False,0.7-0.8,>500k,>50,7
BLR_120665,5,0.9075885077916087,634.8566638899895,1527038.3909576,263.1496487096774,False,0.9-1.0,>500k,>50,9
BLR_120666,1,0.00018007225836916578,134.76168704200097,1041291.120872,218.358395,False,0.0-0.1,>500k,>50,0
BLR_120667,3,0.04204024072130998,538.9786812641535,1320078.170796,339.89994,False,0.0-0.1,>500k,>50,0
BLR_120668,3,0.04428523401157779,534.8670805981944,1096461.534591,266.7989132258065,False,0.0-0.1,>500k,>50,0
BLR_120669,3,0.025172494341950884,511.1987538807119,918311.85451,179.72370999999998,False,0.0-0.1,>500k,>50,0
BLR_120671,3,0.051841076292248704,582.3410297448364,1222655.525716,249.56171612903228,False,0.0-0.1,>500k,>50,0
BLR_120672,5,0.7949116995836809,669.4546566415594,1028511.851263,261.84985677419354,True,0.7-0.8,>500k,>50,7
BLR_120674,3,0.04137448425174801,583.0922391175043,1218702.027665,279.24067,False,0.0-0.1,>500k,>50,0
BLR_120675,1,0.0016018492920044296,204.76137019819149,2111549.0987978,446.67470000000003,False,0.0-0.1,>500k,>50,0
BLR_120929,5,0.535495209047674,555.1805078758156,330813.805541,87.30984322580645,False,0.5-0.6,200k-500k,>50,5
BLR_120930,5,0.3376988216662913,533.4036454244568,125186.57424799999,15.542,False,0.3-0.4,100k-200k,10-20,3
BLR_120931,3,0.01747683343681469,455.5803352289866,870673.7695642,289.32292,False,0.0-0.1,>500k,>50,0
BLR_120932,5,0.7978311964906528,588.3728075997188,1043861.461228,293.4862741935484,True,0.7-0.8,>500k,>50,7
BLR_120933,5,0.2068341906592181,552.6236030652447,1.0,0.01,False,0.2-0.3,<=50k,<=5,2
BLR_120934,3,0.03768671247701977,354.64646141038526,1282767.9055978046,328.554962,False,0.0-0.1,>500k,>50,0
BLR_120935,1,6.457930519785793e-05,102.37566592389658,400915.62234299997,79.9051,False,0.0-0.1,200k-500k,>50,0
BLR_120936,2,0.0059853111814314785,336.6869926870411,1466735.566726,404.82719258064515,False,0.0-0.1,>500k,>50,0
BLR_120938,2,0.03458534387923843,315.4898550051436,2671972.1909330552,692.2946136774194,False,0.0-0.1,>500k,>50,0
BLR_120939,1,0.00014406013215914238,148.976685865551,814734.1360076,164.06622,False,0.0-0.1,>500k,>50,0
BLR_120940,2,0.021511280752537495,275.19014326430346,2210801.255829,617.7289316129032,False,0.0-0.1,>500k,>50,0
BLR_120941,5,0.20708502227827844,543.5169951153208,612.95328,0.4,False,0.2-0.3,<=50k,<=5,2
BLR_120942,3,0.023584487743117936,350.0058264271413,1003526.3355900554,252.673034,False,0.0-0.1,>500k,>50,0
BLR_120943,1,0.0003254932193660668,89.13330251433217,1401053.482972,388.63851612903227,False,0.0-0.1,>500k,>50,0
BLR_120946,2,0.011561742988863845,249.27636274190397,1905460.5286296,345.34109,False,0.0-0.1,>500k,>50,0
BLR_120947,2,0.0001536819383575508,163.53195857604103,202.188,0.061,False,0.0-0.1,<=50k,<=5,0
BLR_120949,2,0.0011127120117639788,210.36812247492563,584398.5940612,129.078688,False,0.0-0.1,>500k,>50,0
BLR_120950,1,0.0008116734043368716,144.72478372850088,1756478.557834,453.473875,False,0.0-0.1,>500k,>50,0
BLR_120951,5,0.8983102290664335,622.1040616422889,1549596.4325396847,404.399730516129,True,0.8-0.9,>500k,>50,8
BLR_120952,3,0.05772324025012011,417.1254620206745,1366949.5848756,275.8817806451613,False,0.0-0.1,>500k,>50,0
BLR_120953,2,0.002743683833720631,241.50535516023467,1028876.774108,172.05133322580645,False,0.0-0.1,>500k,>50,0
BLR_120954,5,0.569070395648479,564.6327301386494,405471.12674,61.661249999999995,False,0.5-0.6,200k-500k,>50,5
BLR_120955,5,0.823176053257476,605.4832786712929,1119260.590584,322.7575906451613,True,0.8-0.9,>500k,>50,8
BLR_120956,3,0.0018297287503201596,320.8399339816096,1.0,0.01,False,0.0-0.1,<=50k,<=5,0
BLR_120957,3,0.003860870940969081,330.3768388752371,69384.735,10.1578,False,0.0-0.1,50k-100k,10-20,0
BLR_120958,2,0.000153693485271243,184.75371565599573,306.47664,0.2,False,0.0-0.1,<=50k,<=5,0
BLR_120959,1,1.289757689425928e-05,19.10926496473682,115.5,0.001,False,0.0-0.1,<=50k,<=5,0
BLR_120960,1,9.695484669437646e-05,74.38495966265405,615012.9124776,177.46096,False,0.0-0.1,>500k,>50,0
BLR_120961,1,0.0001370559457181896,77.56960301027293,805703.324958,162.06850322580647,False,0.0-0.1,>500k,>50,0
BLR_120962,9,0.999987883330526,624.0483374816054,979010.9024220001,233.80673677419355,True,0.9-1.0,>500k,>50,9
BLR_120963,5,0.8746040994006055,561.6534307789358,1436262.4451406,397.1260658064516,False,0.8-0.9,>500k,>50,8
BLR_120964,1,0.00016548533512158672,106.54544043864013,923327.033476,262.4932558064516,False,0.0-0.1,>500k,>50,0
BLR_120966,5,0.207387394317156,474.921998203269,4.7689,0.036,False,0.2-0.3,<=50k,<=5,2
BLR_120967,1,6.476204594066306e-05,91.99656035321291,402002.4726056,75.52081,False,0.0-0.1,200k-500k,>50,0
BLR_120968,3,0.0018298622637046922,323.2999915950834,2.0,0.011,False,0.0-0.1,<=50k,<=5,0
BLR_120969,2,0.006310309179775199,304.57028840412954,1574934.3541476,384.9114998064516,False,0.0-0.1,>500k,>50,0
BLR_120970,5,0.987630779308899,618.3360082009702,2568785.5893441997,590.5510505161291,True,0.9-1.0,>500k,>50,9
BLR_120971,3,0.4685434849030838,477.6414259935484,3233278.6871258044,780.799993516129,False,0.4-0.5,>500k,>50,4
BLR_120972,1,6.899358525229003e-05,105.0650149140902,415606.16031199996,100.71775,False,0.0-0.1,200k-500k,>50,0
BLR_120974,5,0.7444830164609351,551.5620108422968,959971.48719,294.59974,False,0.7-0.8,>500k,>50,7
BLR_120976,3,0.0018299687117078068,345.63388376451405,406.66464,0.23,False,0.0-0.1,<=50k,<=5,0
BLR_120977,2,0.007304261690039785,332.80944852440825,1624322.6655569999,408.7529190322581,False,0.0-0.1,>500k,>50,0
BLR_120978,1,9.327050511292107e-05,114.47509788162942,657801.2246252,177.34485,False,0.0-0.1,>500k,>50,0
BLR_120979,1,0.00024731310064981214,166.45803867823597,1198364.814747,268.76712,False,0.0-0.1,>500k,>50,0
BLR_120980,2,0.00046812067354544407,238.37557965681145,195736.785436,46.84154,False,0.0-0.1,100k-200k,20-50,0
BLR_120983,5,0.5709357732353509,519.988402423264,378569.2050856,40.35925,False,0.5-0.6,200k-500k,20-50,5
BLR_120985,2,0.0034297859867797277,325.4003706325412,1245494.151393,298.896374516129,False,0.0-0.1,>500k,>50,0
BLR_120987,5,0.3900424548469718,494.33753708898814,92111.977,28.82996,False,0.3-0.4,50k-100k,20-50,3
BLR_120988,3,0.02372698247412152,411.01420138306037,945351.4416426,233.94638999999998,False,0.0-0.1,>500k,>50,0
BLR_120989,2,0.00185385694056537,300.7474653877111,944491.816664,279.50132451612905,False,0.0-0.1,>500k,>50,0
BLR_120990,3,0.3401495139849015,570.9013942961703,2495385.9845869998,616.419002,True,0.3-0.4,>500k,>50,3
BLR_120991,3,0.03693357060447947,475.79363192443793,1034771.4118059999,274.6695664516129,False,0.0-0.1,>500k,>50,0
BLR_120992,2,0.0024565913644561915,310.0907085534247,1036572.64444,222.56618361290322,False,0.0-0.1,>500k,>50,0
BLR_120993,3,0.025796388252634812,465.2445881439178,987946.724696,268.45437,False,0.0-0.1,>500k,>50,0
BLR_120995,1,7.78248071170255e-05,116.96573772984148,489495.17506000004,114.69003000000001,False,0.0-0.1,200k-500k,>50,0
BLR_120996,3,0.03058793770885137,493.00008184284354,1153206.620596,333.61612,False,0.0-0.1,>500k,>50,0
BLR_120997,5,0.736226086568888,561.8192267331182,899566.2078982,258.0798616129032,False,0.7-0.8,>500k,>50,7
BLR_121435,5,0.2991688685200942,570.8666738899713,99556.089883,45.107,False,0.2-0.3,50k-100k,20-50,2
BLR_121436,5,0.6282276620500044,589.6929199925216,504950.80214600003,112.85935,False,0.6-0.7,>500k,>50,6
BLR_121437,3,0.0643898702334447,494.2214226132572,1579661.3205656,428.2583906451613,False,0.0-0.1,>500k,>50,0
BLR_121438,2,0.003253646019220935,286.5223651228256,1131564.8620656,238.13348193548387,False,0.0-0.1,>500k,>50,0
BLR_121439,3,0.2459986144436934,381.3547062245467,2049916.7855222,456.00536516129034,False,0.2-0.3,>500k,>50,2
BLR_121440,3,0.023664928830865063,343.7774391446116,965352.4548130553,279.7599388387097,False,0.0-0.1,>500k,>50,0
BLR_121441,3,0.06660756050180619,391.0227850186598,1526990.122968639,362.392231,False,0.0-0.1,>500k,>50,0
BLR_121442,5,0.9180916418969091,639.3344936172583,1472205.384706111,341.12358203225807,True,0.9-1.0,>500k,>50,9
BLR_121444,1,0.00018655208008602718,123.30716621793644,971531.8080942,247.4643,False,0.0-0.1,>500k,>50,0
BLR_121445,3,0.14777974973974284,417.8638753235205,2149514.45672,512.175593548387,False,0.1-0.2,>500k,>50,1
BLR_121446,2,0.005789070293929948,291.4478939106126,1639345.2408366,445.3770061290323,False,0.0-0.1,>500k,>50,0
BLR_121447,1,0.00016900089037057223,119.5202362755824,1021154.145421,325.6376361290323,False,0.0-0.1,>500k,>50,0
BLR_121448,3,0.06409339229289898,447.70212373122416,1242533.513685,326.68771000000004,False,0.0-0.1,>500k,>50,0
BLR_121450,3,0.08529624608221037,474.17740826218164,1565806.9874950554,421.6467014193548,False,0.0-0.1,>500k,>50,0
BLR_121452,3,0.09316264335794913,495.2597774051444,1656184.473247239,395.054150516129,False,0.0-0.1,>500k,>50,0
BLR_121453,1,5.964569273132313e-05,27.402570360472446,387956.82721705537,109.979404,False,0.0-0.1,200k-500k,>50,0
BLR_121454,1,5.787282348006831e-05,31.008642709473982,371126.0735816389,119.930296,False,0.0-0.1,200k-500k,>50,0
BLR_121456,1,0.0008105835682355597,122.16915011840761,1753231.2808595998,440.8770470967742,False,0.0-0.1,>500k,>50,0
BLR_121457,1,6.526578982221786e-05,53.392546770126636,424641.07188299997,105.61899161290323,False,0.0-0.1,200k-500k,>50,0
BLR_121458,5,0.48103987779759877,576.4074418008419,362825.273424,98.04759,False,0.4-0.5,200k-500k,>50,4
BLR_121459,2,0.0005059485336673304,125.45624270358657,235923.493628,75.001,False,0.0-0.1,200k-500k,>50,0
BLR_121460,2,0.013211844039798646,249.42312642501858,1758038.215785,457.6035861290323,False,0.0-0.1,>500k,>50,0
BLR_121461,5,0.8671199677118494,701.4598954543362,1254756.280573,333.83055,True,0.8-0.9,>500k,>50,8
BLR_121463,5,0.874318687030877,703.5653246356713,1321075.7257466,301.29697,True,0.8-0.9,>500k,>50,8
BLR_121464,2,0.0013533175710301784,173.54818706032475,651285.5545900001,143.63100451612902,False,0.0-0.1,>500k,>50,0
BLR_121466,5,0.8297453854470914,652.0327746286276,1128397.2796088045,300.63978199999997,True,0.8-0.9,>500k,>50,8
BLR_121467,2,0.0030683594799661555,225.55814062135218,1004335.5883296554,187.41684851612902,False,0.0-0.1,>500k,>50,0
BLR_121468,1,0.00013939523380235432,78.97175588727492,873619.5687986,169.35028451612902,False,0.0-0.1,>500k,>50,0
BLR_121470,5,0.8083151984548675,627.7447912514342,1039994.022155,288.1448016129032,False,0.8-0.9,>500k,>50,8
BLR_121472,5,0.8451927834166094,565.7164375544074,1149446.7971266555,265.2767410967742,False,0.8-0.9,>500k,>50,8
BLR_121473,1,1.28784481999662e-05,32.269817000082625,26.65,0.055,False,0.0-0.1,<=50k,<=5,0
BLR_121474,3,0.03806656513840201,491.42653219486766,1195532.5348076,347.58971451612905,False,0.0-0.1,>500k,>50,0
BLR_121475,5,0.9175296323466133,543.9902859336187,1679975.9285096554,416.87864496774193,False,0.9-1.0,>500k,>50,9
BLR_121476,1,7.415072570208229e-05,79.22994419739464,496915.158881,99.43910580645161,False,0.0-0.1,200k-500k,>50,0
BLR_121477,1,1.2885730224860564e-05,41.37311321393328,1.0,0.001,False,0.0-0.1,<=50k,<=5,0
BLR_121479,9,0.999987997311946,682.076267920474,950821.276823,213.00355,True,0.9-1.0,>500k,>50,9
BLR_121480,5,0.515239251548919,493.81334378413794,344935.75962799997,107.794462,False,0.5-0.6,200k-500k,>50,5
BLR_121481,1,7.679270121843562e-05,88.65229322543728,483036.38574663893,101.20048761290323,False,0.0-0.1,200k-500k,>50,0
BLR_121482,1,0.00044364029707858946,166.23329604379632,1725981.440735,560.6605251612904,False,0.0-0.1,>500k,>50,0
BLR_121483,3,0.03348886500876855,503.7901931903999,1089738.5944679999,328.39883000000003,False,0.0-0.1,>500k,>50,0
BLR_121485,3,0.03762838388775702,512.6416214504735,1144442.175887,301.9096851612903,False,0.0-0.1,>500k,>50,0
BLR_121487,2,0.06875428717233663,354.6870570387138,2550632.021525,679.7389906451613,False,0.0-0.1,>500k,>50,0
BLR_121488,5,0.9056744173872898,632.2820540920077,1533516.8268618046,429.28846261290323,False,0.9-1.0,>500k,>50,9
BLR_121489,2,0.00015366915112127532,166.79424153767744,1.2100000000000002,0.0005,False,0.0-0.1,<=50k,<=5,0
BLR_121490,2,0.0029620398733688725,253.44416756377606,1176383.0547958,295.8503712903226,False,0.0-0.1,>500k,>50,0
BLR_121493,5,0.5435615062684861,560.2191067798623,413628.4379222,65.08591,False,0.5-0.6,200k-500k,>50,5
BLR_121494,3,0.07004435248064195,556.6324347197187,1408929.9109972,349.18525999999997,False,0.0-0.1,>500k,>50,0
BLR_121495,2,0.003380408081483632,259.72196164172203,1222989.6808165,264.78608,False,0.0-0.1,>500k,>50,0
BLR_121496,5,0.8208633718849632,574.144241710887,988070.0856346943,239.89361,False,0.8-0.9,>500k,>50,8
BLR_121497,2,0.013003900115295125,327.8192362150827,1813843.4701222,503.38763887096775,False,0.0-0.1,>500k,>50,0
BLR_121752,3,0.0018307771153095488,253.24567242156002,504.02232,0.2,False,0.0-0.1,<=50k,<=5,0
BLR_121753,1,5.461490141643172e-05,97.04206580016172,423660.6967,87.70336999999999,False,0.0-0.1,200k-500k,>50,0
BLR_121754,3,0.03225611384387672,448.6672457143839,1073635.64544,230.70729,False,0.0-0.1,>500k,>50,0
BLR_121755,3,0.038612373222372466,346.5653659909796,1304877.6205896,360.65621983870966,False,0.0-0.1,>500k,>50,0
BLR_121756,2,0.0007210737023035505,253.84090749786736,367932.686,57.3298,False,0.0-0.1,200k-500k,>50,0
BLR_121759,2,0.000983712115272175,268.53551254820223,575410.1049126,145.73488,False,0.0-0.1,>500k,>50,0
BLR_121760,5,0.20691273757361034,495.34991783813547,115.5,0.001,False,0.2-0.3,<=50k,<=5,2
BLR_121763,2,0.007324097362989926,159.314331261786,1657969.6110376848,367.58217,False,0.0-0.1,>500k,>50,0
BLR_121764,1,0.00012551514990313483,122.21057388731428,859330.9847015999,219.24099774193547,False,0.0-0.1,>500k,>50,0
BLR_121765,5,0.8262736902028264,581.031496159664,1143214.512804,258.60844612903225,False,0.8-0.9,>500k,>50,8
BLR_121766,3,0.10664526093613129,386.7546054599499,1904042.849531675,380.5534072580645,False,0.1-0.2,>500k,>50,1
BLR_121767,2,0.04052571675864297,264.4983707245592,2491482.734183,639.6858909032259,False,0.0-0.1,>500k,>50,0
BLR_121769,5,0.9553035819637652,622.447066549341,1792640.2258867999,400.8610816129032,True,0.9-1.0,>500k,>50,9
BLR_121770,1,6.480046437455097e-05,87.32422212215934,432275.273747,97.83376032258064,False,0.0-0.1,200k-500k,>50,0
BLR_121771,3,0.028361051213038137,360.7782712695896,1088535.548998,301.7253564516129,False,0.0-0.1,>500k,>50,0
BLR_121772,3,0.028233325185747143,364.34027130017904,1076151.937123,228.14488,False,0.0-0.1,>500k,>50,0
BLR_121775,5,0.5040325341254389,551.5180967028659,314748.6491,66.98208,False,0.5-0.6,200k-500k,>50,5
BLR_121776,1,0.00015837093700002162,64.1611064946205,1017464.428615,265.78927,False,0.0-0.1,>500k,>50,0
BLR_121777,1,0.0001897163795435251,90.1881336812778,1019596.083758,234.12188,False,0.0-0.1,>500k,>50,0
BLR_121778,1,4.182674084148201e-05,46.474419660835565,288268.361248,35.82385,False,0.0-0.1,200k-500k,20-50,0
BLR_121779,5,0.5217513454853316,584.532161719178,380640.58489,77.18787,True,0.5-0.6,200k-500k,>50,5
BLR_121780,1,0.003789375175868811,181.7695695685075,2587449.7748378,598.8831119354838,False,0.0-0.1,>500k,>50,0
BLR_121782,3,0.0018307771153095488,322.02944104024186,504.02232,0.2,False,0.0-0.1,<=50k,<=5,0
BLR_121783,5,0.5409657995497388,593.2734834608509,401154.4287736389,68.485016,True,0.5-0.6,200k-500k,>50,5
BLR_121784,5,0.9290335596661693,625.0676301111238,1644109.818384239,333.57449422580646,True,0.9-1.0,>500k,>50,9
BLR_121785,2,0.009349952739392053,244.02462282021472,1734530.5887852,445.88781,False,0.0-0.1,>500k,>50,0
BLR_121786,1,4.644378984072206e-05,60.595880861175644,354902.289807,76.6535,False,0.0-0.1,200k-500k,>50,0
BLR_121788,2,0.0019538258693676328,252.9154818767937,949721.9895096,274.6021548387097,False,0.0-0.1,>500k,>50,0
BLR_121789,2,0.003275549525489832,269.78764616066326,1237522.900474,341.5343609677419,False,0.0-0.1,>500k,>50,0
BLR_121790,2,0.0001536689135728705,183.59086102452656,1.0,0.001,False,0.0-0.1,<=50k,<=5,0
BLR_121791,1,5.9272266098165696e-05,69.84369493967016,374079.49725960003,68.04695161290323,False,0.0-0.1,200k-500k,>50,0
BLR_121792,2,0.0027277474212156912,259.8150920320983,1203151.0537522,301.2315022580645,False,0.0-0.1,>500k,>50,0
BLR_121794,5,0.5237009312065382,576.988642714379,331947.58744,87.78978387096774,False,0.5-0.6,200k-500k,>50,5
BLR_121795,3,0.6489183951761059,486.5870186165704,3531920.882553714,785.8371392258065,False,0.6-0.7,>500k,>50,6
BLR_121796,5,0.8550333789426425,553.479665181218,1195213.6203546,237.96076741935482,False,0.8-0.9,>500k,>50,8
BLR_121797,3,0.0592734092879029,417.58331776594434,1533200.3108692,359.36223041935483,False,0.0-0.1,>500k,>50,0
BLR_121798,3,0.0150035516663528,411.0183969916035,745390.3931296,129.83426,False,0.0-0.1,>500k,>50,0
BLR_121799,2,0.007581388869901746,286.82946183020397,1716317.8256582555,343.9618152903226,False,0.0-0.1,>500k,>50,0
BLR_121800,9,0.9999313197620651,594.8748219169938,228782.109712,86.12608,True,0.9-1.0,200k-500k,>50,9
BLR_121802,3,0.05864792807971,459.96351730821004,1528713.1359,389.3998821935484,False,0.0-0.1,>500k,>50,0
BLR_121803,3,0.029419250524648062,438.62951830988317,1186795.558778,300.6970474193549,False,0.0-0.1,>500k,>50,0
BLR_121804,5,0.8619020038338342,529.6863184646853,1274544.2859562,274.7919758064516,False,0.8-0.9,>500k,>50,8
BLR_121805,3,0.031149166696376247,467.8811732379398,1084152.3251431999,289.91491903225807,False,0.0-0.1,>500k,>50,0
BLR_121806,5,0.9825353450168678,598.6848658692702,2544604.273124,724.3707377419355,True,0.9-1.0,>500k,>50,9
BLR_121807,2,0.0027789725111073338,284.608528839587,1005133.1591638434,131.067922,False,0.0-0.1,>500k,>50,0
BLR_121808,1,2.8971410146405155e-05,56.28997880602315,157827.329528,42.943,False,0.0-0.1,100k-200k,20-50,0
BLR_121809,2,0.021545896171898404,344.73625314832645,2245424.557597489,595.0374008387097,False,0.0-0.1,>500k,>50,0
BLR_121810,5,0.7216262089081936,548.6196795313964,838907.1990888044,242.379131,False,0.7-0.8,>500k,>50,7
BLR_121812,5,0.733102211719451,551.7898370623989,843436.1382295999,194.45581677419355,False,0.7-0.8,>500k,>50,7
BLR_121813,1,8.607039027687036e-05,85.17858493379413,530421.72296,112.54464999999999,False,0.0-0.1,>500k,>50,0
BLR_121814,3,0.0423250589341089,511.8769438690778,1051302.693658,292.2389212903226,False,0.0-0.1,>500k,>50,0
BLR_121815,5,0.20687495367966868,491.71368680774316,115.5,0.001,False,0.2-0.3,<=50k,<=5,2
BLR_121816,1,0.0001398473981063378,122.6720865076693,653617.362848,116.40165999999999,False,0.0-0.1,>500k,>50,0
BLR_121817,5,0.322287593606366,504.1494832997367,91777.71650000001,15.062151612903225,False,0.3-0.4,50k-100k,10-20,3
BLR_121823,5,0.5081301495329765,566.6910678246556,308019.228819,90.1561,False,0.5-0.6,200k-500k,>50,5
BLR_122208,5,0.4072232774534305,612.3096795693486,249701.741,47.762,False,0.4-0.5,200k-500k,20-50,4
BLR_122209,5,0.5156529045742269,644.1766687406238,349054.156804,87.09670064516129,False,0.5-0.6,200k-500k,>50,5
BLR_122210,1,7.076301243390441e-05,125.94947563631253,483893.99512800004,95.65672,False,0.0-0.1,200k-500k,>50,0
BLR_122211,1,7.305635035892251e-05,127.98129132308551,522374.607627,139.4913029032258,False,0.0-0.1,>500k,>50,0
BLR_122212,5,0.5644669096848698,628.894521608463,354975.1557838,70.20198451612903,False,0.5-0.6,200k-500k,>50,5
BLR_122213,5,0.9472578517885689,721.6988523822334,1762946.354961,461.15420677419354,False,0.9-1.0,>500k,>50,9
BLR_122215,2,0.0027445059357516215,356.3863226734128,1165383.293601,291.46458548387096,False,0.0-0.1,>500k,>50,0
BLR_122216,2,0.015340578474452578,386.9335305978874,1851896.90564,424.7214925806452,False,0.0-0.1,>500k,>50,0
BLR_122218,1,0.00014730026390293347,109.56549151542829,981611.6027306389,200.49571600000002,False,0.0-0.1,>500k,>50,0
BLR_122219,1,0.00020580481915560852,64.72597975771377,1055031.7990576555,233.9439604516129,False,0.0-0.1,>500k,>50,0
BLR_122222,5,0.8135684135065013,697.5801426388916,1093328.740749,239.0944070967742,False,0.8-0.9,>500k,>50,8
BLR_122223,1,1.2888670506280666e-05,6.500500029828256,115.5,0.001,False,0.0-0.1,<=50k,<=5,0
BLR_122224,3,0.02771087407956426,564.635388510147,1095025.963591,249.69968741935483,False,0.0-0.1,>500k,>50,0
BLR_122225,5,0.9211970684556224,754.325540419169,1649254.36643,425.835458,True,0.9-1.0,>500k,>50,9
BLR_122227,2,0.00015350433777324245,134.91895995485217,14.05,0.0385,False,0.0-0.1,<=50k,<=5,0
BLR_122228,3,0.029408183780404846,400.5187853657075,1126835.145056,303.65526258064517,False,0.0-0.1,>500k,>50,0
BLR_122229,2,0.007843700316940221,278.4104711971896,1691050.3757489999,507.78976887096775,False,0.0-0.1,>500k,>50,0
BLR_122230,5,0.8746658501814281,700.5449070601305,1442624.412973,344.9623374193548,False,0.8-0.9,>500k,>50,8
BLR_122231,1,0.0001985338135839828,75.42028100397427,1176117.932928,317.51228967741935,False,0.0-0.1,>500k,>50,0
BLR_122232,3,0.7148499810285375,545.4225790010587,4066254.1004324597,1062.8188958064516,False,0.7-0.8,>500k,>50,7
BLR_122233,6,0.9999602363909034,981.7796394225544,5204643.033142037,1346.455867548387,True,0.9-1.0,>500k,>50,9
BLR_122234,6,0.7567520349232177,746.713334164157,115.5,0.001,True,0.7-0.8,<=50k,<=5,7
BLR_122235,1,6.29646191132091e-05,50.19188373652355,496790.48049999995,107.25017,False,0.0-0.1,200k-500k,>50,0
BLR_122236,6,0.9999991481116363,962.1744113701732,7264189.4998693615,1594.497360483871,True,0.9-1.0,>500k,>50,9
BLR_122237,1,0.001483414272328081,133.97733874874658,2071681.871814,423.1893,False,0.0-0.1,>500k,>50,0
BLR_122238,2,0.0011064957857123802,211.80515931986648,662824.420954,156.6702,False,0.0-0.1,>500k,>50,0
BLR_122239,1,0.00013348412374825398,83.4164257036432,872969.178598,194.23403419354838,False,0.0-0.1,>500k,>50,0
BLR_122240,2,0.004901146379587147,266.3916042623393,1387626.366180639,210.765876,False,0.0-0.1,>500k,>50,0
BLR_122241,2,0.00523609620359648,283.0522460040826,1623000.6919642,319.4292141935484,False,0.0-0.1,>500k,>50,0
BLR_122243,5,0.7978313706796658,645.7941966507234,1019731.5373206389,228.672956,False,0.7-0.8,>500k,>50,7
BLR_122244,5,0.6690509743853665,608.1891496356462,657396.839128,109.35217,False,0.6-0.7,>500k,>50,6
BLR_122245,5,0.8863662776468676,636.5704861043957,1455768.8883136,379.03684,False,0.8-0.9,>500k,>50,8
BLR_122246,6,0.9996889117111737,875.2026666260812,3716420.5910042,951.5828996774194,True,0.9-1.0,>500k,>50,9
BLR_122247,2,0.04889353116824289,392.14124982236757,2453774.7518246,626.0109361290322,False,0.0-0.1,>500k,>50,0
BLR_122248,5,0.8337227319696155,648.4634942409666,1254918.8787804046,344.4938982580645,False,0.8-0.9,>500k,>50,8
BLR_122249,3,0.3004893959689742,510.95499374661216,2534805.4831362553,629.0938193548387,False,0.3-0.4,>500k,>50,3
BLR_122251,3,0.08714344935650983,522.392850685483,1821598.855517,470.5010889677419,False,0.0-0.1,>500k,>50,0
BLR_122252,9,0.9999823969445241,822.7104745929341,687248.835331,165.25133,True,0.9-1.0,>500k,>50,9
BLR_122253,2,0.008376435514770866,364.2982187940393,1677164.0963475,439.1313864516129,False,0.0-0.1,>500k,>50,0
BLR_122254,3,0.011909721588582065,454.48912326548015,569889.39,123.408832,False,0.0-0.1,>500k,>50,0
BLR_122255,2,0.0001536689135728705,259.49784055929797,1.0,0.001,False,0.0-0.1,<=50k,<=5,0
BLR_122256,1,0.00023179192880562412,128.44226850953808,1101323.2937,263.8965244516129,False,0.0-0.1,>500k,>50,0
BLR_122257,3,0.032707955216090136,521.59797456276,1029405.082588,288.1047003870968,False,0.0-0.1,>500k,>50,0
BLR_122258,2,0.00771689476952304,400.28721707065745,1718754.0177616389,421.6969972903226,False,0.0-0.1,>500k,>50,0
BLR_122261,1,7.304765200810507e-05,96.35261548468807,561601.50968,113.01746200000001,False,0.0-0.1,>500k,>50,0
BLR_122262,5,0.5477015110120363,614.8376352991849,460996.679,95.44816,False,0.5-0.6,200k-500k,>50,5
BLR_122263,5,0.566640132655307,598.9563503197486,462603.8905,86.98421,False,0.5-0.6,200k-500k,>50,5
BLR_122265,1,9.474213795055856e-05,112.3068045940258,665859.3367340554,139.323734,False,0.0-0.1,>500k,>50,0
BLR_122266,3,0.055285411441394386,539.6309743788919,1485458.660059,374.6861056451613,False,0.0-0.1,>500k,>50,0
BLR_122267,3,0.05955106960103831,553.0371057031518,1468387.94096,354.41215741935486,False,0.0-0.1,>500k,>50,0
BLR_122268,1,0.21896662497568437,371.13386548627096,4387155.091843599,1118.5210823548387,False,0.2-0.3,>500k,>50,2
BLR_122269,3,0.03160014391836354,554.190149231371,1173157.856989,296.5481116129032,False,0.0-0.1,>500k,>50,0
BLR_122270,2,0.0005693816170208881,307.20425259894756,311556.98686,72.3545,False,0.0-0.1,200k-500k,>50,0
BLR_122272,3,0.03400206508032655,572.5362273519942,1159347.1958340553,306.980449,False,0.0-0.1,>500k,>50,0
BLR_122273,3,0.06491954371290973,590.6427573834535,1569099.364516,402.3033006451613,False,0.0-0.1,>500k,>50,0
BLR_122274,5,0.5650266963614633,606.2453571489093,517352.580798,188.7694635483871,False,0.5-0.6,>500k,>50,5
BLR_122469,6,0.964550244716661,762.8816460213295,771195.355887,138.78343548387096,True,0.9-1.0,>500k,>50,9
BLR_122476,5,0.33006859634194297,666.0304400141116,142285.76031,17.881,False,0.3-0.4,100k-200k,10-20,3
BLR_122477,5,0.5704328997135086,683.9785416389298,428093.367264,122.71520000000001,False,0.5-0.6,200k-500k,>50,5
BLR_122479,2,0.0001537393642625239,313.3948967131386,115.5,0.001,False,0.0-0.1,<=50k,<=5,0
BLR_122480,9,0.9999877554610023,794.1556524135954,1093342.004386,327.428504516129,True,0.9-1.0,>500k,>50,9
BLR_122482,3,0.058839195577985295,517.2763584766327,1215425.88441,337.49707064516133,False,0.0-0.1,>500k,>50,0
BLR_122483,2,0.011912893424197239,403.42680575205657,2138633.6556498045,595.976644451613,False,0.0-0.1,>500k,>50,0
BLR_122484,1,0.00021106936283932283,181.39242914785368,1096434.660907,297.08439,False,0.0-0.1,>500k,>50,0
BLR_122485,1,5.7776312319869406e-05,143.10841074825063,330390.182154,59.554648,False,0.0-0.1,200k-500k,>50,0
BLR_122486,2,0.007426146061828354,371.28317465560065,1519673.2428596108,333.1878804193548,False,0.0-0.1,>500k,>50,0
BLR_122487,2,0.0027991910539276006,210.4999946405221,1087470.166529,242.21367225806452,False,0.0-0.1,>500k,>50,0
BLR_122488,2,0.01625433834464467,319.85385766177365,1873137.3610703044,426.876526,False,0.0-0.1,>500k,>50,0
BLR_122489,2,0.0001537393642625239,183.66774871345294,115.5,0.001,False,0.0-0.1,<=50k,<=5,0
BLR_122490,5,0.8266051913005021,707.3447903807682,1094327.018995278,292.94870296774195,False,0.8-0.9,>500k,>50,8
BLR_122491,2,0.002511810491173251,258.39027978750363,975728.0416046389,220.7613218064516,False,0.0-0.1,>500k,>50,0
BLR_122492,1,0.00010807979658401443,145.77132128468708,758800.5270646,216.11281129032258,False,0.0-0.1,>500k,>50,0
BLR_122493,5,0.9371440397837297,758.1797280352778,2017932.544508,575.868674516129,True,0.9-1.0,>500k,>50,9
BLR_122494,5,0.5182925766047619,728.8211042645229,316138.108082,46.5216,False,0.5-0.6,200k-500k,20-50,5
BLR_122496,5,0.8189971870896038,766.580073850561,1061793.342436,262.194158,True,0.8-0.9,>500k,>50,8
BLR_122497,2,0.005482646989234445,287.3377146473147,1561579.8005616,312.84514,False,0.0-0.1,>500k,>50,0
BLR_122498,3,0.046909416438894576,539.1631838705746,1387918.6259756389,351.15812487096775,False,0.0-0.1,>500k,>50,0
BLR_122499,2,0.020884133796251002,349.4340667592777,2056266.169694,527.645679032258,False,0.0-0.1,>500k,>50,0
BLR_122500,3,0.04957772687425729,514.5856280925035,1399381.2540819999,338.9009115483871,False,0.0-0.1,>500k,>50,0
BLR_122501,5,0.9098647792806768,792.3853672295744,1709466.6457690555,530.913879483871,True,0.9-1.0,>500k,>50,9
BLR_122503,3,0.028720500735477467,547.441542125356,1035743.173021,267.0945266129032,False,0.0-0.1,>500k,>50,0
BLR_122505,3,0.9965096216943374,1255.2117178491512,6871474.78723272,1033.211208,True,0.9-1.0,>500k,>50,9
BLR_122506,5,0.8843741191613235,746.9746626454242,1304040.67841,283.4640743870968,False,0.8-0.9,>500k,>50,8
BLR_122507,1,6.011344906919807e-05,27.493989550370824,350197.629902,52.90907,False,0.0-0.1,200k-500k,>50,0
BLR_122508,2,0.007041773075466268,377.04603548587573,1508879.728701,342.57645129032255,False,0.0-0.1,>500k,>50,0
BLR_122509,5,0.9381612628061691,671.9746681888342,1602425.8294056,323.25286903225805,False,0.9-1.0,>500k,>50,9
BLR_122510,1,3.0300352482905603e-05,18.918514532180254,156458.344128,56.0864,False,0.0-0.1,100k-200k,>50,0
BLR_122512,2,0.0026525514096929566,328.8352219235888,962474.6433508,137.2262,False,0.0-0.1,>500k,>50,0
BLR_122513,2,0.003724844637361604,391.1175752884692,1156671.56927,297.05273903225805,False,0.0-0.1,>500k,>50,0
BLR_122514,3,0.06613325046408913,551.0276480441357,1460331.622548,321.471284516129,False,0.0-0.1,>500k,>50,0
BLR_122516,1,0.00019988508565668074,71.86629598275371,1055988.2962696,238.70725,False,0.0-0.1,>500k,>50,0
BLR_122518,1,7.72113638923812e-05,47.758624720926946,495991.5459486,87.87780000000001,False,0.0-0.1,200k-500k,>50,0
BLR_122519,1,0.0004516271132935194,131.96998007251185,1544577.835365,428.6030958064516,False,0.0-0.1,>500k,>50,0
BLR_122520,5,0.6118024246652638,578.1146264530463,494581.4007848045,83.597836,False,0.6-0.7,200k-500k,>50,6
BLR_122521,5,0.5896140716571829,571.0723282862195,438748.07643400005,59.6081,False,0.5-0.6,200k-500k,>50,5
BLR_122522,1,0.0011510674006086502,195.14676647871073,2018431.470733,515.9811054838709,False,0.0-0.1,>500k,>50,0
BLR_122523,5,0.89576698663022,702.063759663386,1350940.0085048045,343.0920708387097,False,0.8-0.9,>500k,>50,8
BLR_122524,1,0.058603028689489946,337.0525116899322,4461189.6019648295,1170.399385483871,False,0.0-0.1,>500k,>50,0
BLR_122526,3,0.6568308253781464,637.4223923661399,3707214.007936443,952.9068770967742,False,0.6-0.7,>500k,>50,6
BLR_122527,3,0.030593567525763473,480.5173360877399,1297353.308611,181.901718,False,0.0-0.1,>500k,>50,0
BLR_122528,3,0.02675685208862561,404.09931832357336,974562.8999320848,228.35980258064515,False,0.0-0.1,>500k,>50,0
BLR_122529,2,0.0005860282493315686,310.4952010144619,340083.925874,48.4094,False,0.0-0.1,200k-500k,20-50,0
BLR_122530,1,8.799264486266971e-05,139.00162670941424,629463.809056,155.86719,False,0.0-0.1,>500k,>50,0
BLR_122531,1,0.00012070732917018843,159.83690177643237,779633.9532054045,197.623586,False,0.0-0.1,>500k,>50,0
BLR_122532,5,0.8235239547143676,668.6597273223255,1117496.193407,286.8574922580645,False,0.8-0.9,>500k,>50,8
BLR_122533,3,0.0151609331604069,395.50331243495805,590030.381402,89.05052,False,0.0-0.1,>500k,>50,0
BLR_122534,3,0.03819389617328119,460.2076743348373,1104401.614119,289.10465,False,0.0-0.1,>500k,>50,0
BLR_122535,5,0.9743900777320994,733.5990590749013,2360937.070981,548.5370164516129,False,0.9-1.0,>500k,>50,9
BLR_122536,1,4.516217807786129e-05,137.14179957561353,263332.12818,61.48468,False,0.0-0.1,200k-500k,>50,0
BLR_122537,2,0.0009452186214019898,330.0422758726624,523950.541024,123.1622,False,0.0-0.1,>500k,>50,0
BLR_122539,3,0.027752048100989024,457.4318910509514,964351.4564562,253.24501451612903,False,0.0-0.1,>500k,>50,0
BLR_122540,1,1.2891638618707765e-05,120.68782974975635,115.5,0.001,False,0.0-0.1,<=50k,<=5,0
BLR_122541,3,0.10160431712696245,463.01639378141624,2070970.7768096554,545.7662969032258,False,0.1-0.2,>500k,>50,1
BLR_122542,4,0.45555229212567755,625.3192981009171,1558042.482115,405.5151092903226,False,0.4-0.5,>500k,>50,4
BLR_122543,4,0.1649720014348071,561.9290759974938,712689.54084,176.64239,False,0.1-0.2,>500k,>50,1
BLR_122994,5,0.4091887651776788,502.69770671010775,299722.304375,32.95762,False,0.4-0.5,200k-500k,20-50,4
BLR_122995,5,0.5501657851256381,570.9586869493164,381929.465097,73.2429,False,0.5-0.6,200k-500k,>50,5
BLR_122996,9,0.9999866430148633,671.3583525264698,890466.8467040554,214.25852787096775,True,0.9-1.0,>500k,>50,9
BLR_122997,2,0.0001537393642625239,269.73167406254083,115.5,0.001,False,0.0-0.1,<=50k,<=5,0
BLR_122998,3,0.03783234176536012,457.04593446892846,1167787.563825,237.31297629032258,False,0.0-0.1,>500k,>50,0
BLR_122999,5,0.9957971600605836,741.8090085662523,3218502.5714066555,756.952599,True,0.9-1.0,>500k,>50,9
BLR_123000,1,0.00021508147903032463,115.54203589866238,965443.7452100001,114.798565,False,0.0-0.1,>500k,>50,0
BLR_123001,5,0.8460494374375775,593.8649891970665,1231986.584555,278.33818951612903,False,0.8-0.9,>500k,>50,8
BLR_123002,5,0.9146503868610621,662.4572504261022,1472389.475492,295.68536532258065,True,0.9-1.0,>500k,>50,9
BLR_123003,1,0.00018946694730945896,130.1394281398103,1067917.112806,232.868205,False,0.0-0.1,>500k,>50,0
BLR_123004,5,0.20695052656779395,601.6675091391136,115.5,0.001,True,0.2-0.3,<=50k,<=5,2
BLR_123005,2,0.002359105991314,344.7394935477286,909000.26343,206.53916,False,0.0-0.1,>500k,>50,0
BLR_123006,1,1.2891638618707765e-05,1.8089263299780058,115.5,0.001,False,0.0-0.1,<=50k,<=5,0
BLR_123007,2,0.0014412825549757046,280.38770033244845,786794.821783,168.72280629032258,False,0.0-0.1,>500k,>50,0
BLR_123009,5,0.20691273757361034,601.5478650421779,115.5,0.001,False,0.2-0.3,<=50k,<=5,2
BLR_123010,1,0.0001057958543492253,47.479993699463975,634066.420774,114.40227,False,0.0-0.1,>500k,>50,0
BLR_123011,5,0.8663813117127707,636.2928171250854,1252195.346348,230.005205,True,0.8-0.9,>500k,>50,8
BLR_123012,2,0.1756238332366589,356.27754680570723,3556203.876903,909.324609516129,False,0.1-0.2,>500k,>50,1
BLR_123013,1,0.0003758768719754309,86.20191925056585,1332901.8647504044,286.838786483871,False,0.0-0.1,>500k,>50,0
BLR_123014,3,0.8326505369094872,490.0136086224348,3888807.286960489,834.402227,False,0.8-0.9,>500k,>50,8
BLR_123015,1,7.932003738420145e-05,37.1703849120898,563589.990662,58.342504999999996,False,0.0-0.1,>500k,>50,0
BLR_123016,2,0.0006704488331528657,150.7620915881543,441731.62257,62.153475,False,0.0-0.1,200k-500k,>50,0
BLR_123017,1,8.018897683547293e-05,40.83058292755309,583759.8608200001,98.95182,False,0.0-0.1,>500k,>50,0
BLR_123018,5,0.20687495367966868,565.4441969577572,115.5,0.001,False,0.2-0.3,<=50k,<=5,2
BLR_123019,5,0.20695052656779395,564.7547234328849,115.5,0.001,False,0.2-0.3,<=50k,<=5,2
BLR_123020,5,0.6190454690767587,600.6321488451317,618400.902878,76.429235,False,0.6-0.7,>500k,>50,6
BLR_123022,3,0.0018306032844954264,291.0211395247597,115.5,0.001,False,0.0-0.1,<=50k,<=5,0
BLR_123023,2,0.006410700523474467,226.18550234397875,1526709.827276,327.38856838709677,False,0.0-0.1,>500k,>50,0
BLR_123024,5,0.9898862007940852,684.07817523447,2520127.7207864043,557.8616603548387,True,0.9-1.0,>500k,>50,9
BLR_123025,3,0.011008360146033243,347.14809609486196,504903.37232,82.143635,False,0.0-0.1,>500k,>50,0
BLR_123026,3,0.040238550616941864,430.85457125882255,1128022.986791,248.04859483870968,False,0.0-0.1,>500k,>50,0
BLR_123027,5,0.7933549395736601,502.47318765588403,1020683.8936246089,249.9824495483871,False,0.7-0.8,>500k,>50,7
BLR_123028,3,0.03783723066557976,405.721760605793,1082806.8850634778,250.02339974193546,False,0.0-0.1,>500k,>50,0
BLR_123029,2,0.002681210922567341,203.96422065804103,1078672.969058,156.68903177419355,False,0.0-0.1,>500k,>50,0
BLR_123030,5,0.7667444125992767,509.9832161847678,978027.970045,209.0779170967742,False,0.7-0.8,>500k,>50,7
BLR_123031,1,1.2894607414648172e-05,24.14404590786304,115.5,0.001,False,0.0-0.1,<=50k,<=5,0
BLR_123032,5,0.5455616900515179,473.477147345073,477242.804,77.084525,False,0.5-0.6,200k-500k,>50,5
BLR_123033,5,0.20691273757361034,456.6033587853355,115.5,0.001,False,0.2-0.3,<=50k,<=5,2
BLR_123034,3,0.042662312582856604,413.7312013951467,1263078.332955,282.7756001612903,False,0.0-0.1,>500k,>50,0
BLR_123035,3,0.04257252526796266,421.76530080323454,1298033.9616364976,326.91338241935483,False,0.0-0.1,>500k,>50,0
BLR_123036,3,0.03381085661327279,487.7190065968928,906558.3505299999,230.21866193548388,False,0.0-0.1,>500k,>50,0
BLR_123037,3,0.0018306032844954264,396.02143151821593,115.5,0.001,False,0.0-0.1,<=50k,<=5,0
BLR_123038,2,0.0001537393642625239,160.55324046567821,115.5,0.001,False,0.0-0.1,<=50k,<=5,0
BLR_123039,1,1.2891638618707765e-05,24.188174561241322,115.5,0.001,False,0.0-0.1,<=50k,<=5,0
BLR_123040,2,0.024083453891685088,307.72425269683936,2182605.612921,482.82474087096773,False,0.0-0.1,>500k,>50,0
BLR_123041,2,0.01280895655431393,336.9917515745731,1755154.36665,349.00093741935484,False,0.0-0.1,>500k,>50,0
BLR_123042,2,0.008403424255857302,307.12221877583283,1762350.247562,330.6439469354839,False,0.0-0.1,>500k,>50,0
BLR_123043,2,0.002217484652824318,294.64258015162847,984963.070852,208.06804822580645,False,0.0-0.1,>500k,>50,0
BLR_123044,3,0.7865018409246223,585.5372608661651,3874936.4838162945,853.3267338387096,False,0.7-0.8,>500k,>50,7
BLR_123045,1,0.0002035200555402004,87.89094984311534,1039891.365273,167.367065,False,0.0-0.1,>500k,>50,0
BLR_123046,2,0.0001537393642625239,238.43003498368262,115.5,0.001,False,0.0-0.1,<=50k,<=5,0
BLR_123047,1,0.00020362240360454387,77.85136161442216,1101365.8442416,255.59062,False,0.0-0.1,>500k,>50,0
BLR_123048,3,0.0018306032844954264,414.51588031107286,115.5,0.001,False,0.0-0.1,<=50k,<=5,0
BLR_123049,1,0.0005483282683690422,128.57349458685482,1622112.5951652,366.55028112903227,False,0.0-0.1,>500k,>50,0
BLR_123050,5,0.5506340537952751,522.7498471412906,430121.36307,83.029525,False,0.5-0.6,200k-500k,>50,5
BLR_123051,3,0.057580827172783615,495.82711204787364,1442983.165755,355.9286322580645,False,0.0-0.1,>500k,>50,0
BLR_123053,1,0.006002245381997586,274.14989461111446,2743714.485671,613.647829516129,False,0.0-0.1,>500k,>50,0
BLR_123054,2,0.002472325103323679,288.5330792356524,1006310.210662,191.5848214516129,False,0.0-0.1,>500k,>50,0
BLR_123055,3,0.0018306032844954264,417.02045341138006,115.5,0.001,False,0.0-0.1,<=50k,<=5,0
BLR_123056,1,7.507571881841784e-05,92.18539895152556,497377.04374,97.84776951612903,False,0.0-0.1,200k-500k,>50,0
BLR_123057,2,0.0052433455562153385,308.596989501552,1423972.978255,310.7501124193548,False,0.0-0.1,>500k,>50,0
BLR_123058,2,0.00015388101083849064,94.2494277171253,115.5,0.001,False,0.0-0.1,<=50k,<=5,0
BLR_123060,3,0.0018306032844954264,417.4898210920784,115.5,0.001,False,0.0-0.1,<=50k,<=5,0
BLR_123061,3,0.04165902287071922,492.66706363463675,1225645.6549956389,226.29930841935484,False,0.0-0.1,>500k,>50,0
BLR_123062,5,0.8426726143899212,578.4546458646685,1217726.265493639,309.26783503225806,False,0.8-0.9,>500k,>50,8
BLR_123063,1,7.897351168043163e-05,106.51013827289486,588738.706382,91.250095,False,0.0-0.1,>500k,>50,0
BLR_123064,1,1.2888670506280666e-05,84.00901700456946,115.5,0.001,False,0.0-0.1,<=50k,<=5,0
BLR_123065,3,0.0018306032844954264,431.1444428852035,115.5,0.001,False,0.0-0.1,<=50k,<=5,0
BLR_123066,2,0.0001537393642625239,94.54034294078399,115.5,0.001,False,0.0-0.1,<=50k,<=5,0
BLR_123067,2,0.00015377476368012553,94.82737991814257,115.5,0.001,False,0.0-0.1,<=50k,<=5,0
BLR_123068,1,1.2894607414648172e-05,84.13726906893523,115.5,0.001,False,0.0-0.1,<=50k,<=5,0
BLR_123069,5,0.8068900796465381,563.686153314115,1056783.840132,249.2918271935484,False,0.8-0.9,>500k,>50,8
BLR_123070,3,0.0018306032844954264,431.35058317127897,115.5,0.001,False,0.0-0.1,<=50k,<=5,0
BLR_123071,5,0.20695052656779395,498.8440172700483,115.5,0.001,False,0.2-0.3,<=50k,<=5,2
BLR_123072,6,0.7567520349232177,608.9863761366962,115.5,0.001,True,0.7-0.8,<=50k,<=5,7
BLR_123073,6,0.9403910394295579,639.019548489288,495022.55209,64.24886000000001,True,0.9-1.0,200k-500k,>50,9
BLR_123312,2,0.0005781184727396494,305.91039501720115,341666.94157,85.79028,False,0.0-0.1,200k-500k,>50,0
BLR_123313,3,0.053993411214810126,468.0307669055256,1429648.043109,346.4182062903226,False,0.0-0.1,>500k,>50,0
BLR_123314,2,0.004646443635037477,352.39811495431485,1425235.2144576,244.398955,False,0.0-0.1,>500k,>50,0
BLR_123315,1,0.00024801267855753897,145.2432881439303,1200708.9989442,264.3427112903226,False,0.0-0.1,>500k,>50,0
BLR_123316,3,0.018090106865413985,374.0383404917172,763629.66921,131.91638,False,0.0-0.1,>500k,>50,0
BLR_123318,5,0.5670623193534134,583.1161608259233,461961.63343399996,82.90375,False,0.5-0.6,200k-500k,>50,5
BLR_123319,2,0.00015377476368012553,291.1702120675623,115.5,0.001,False,0.0-0.1,<=50k,<=5,0
BLR_123320,3,0.042109507440187544,408.8788397916115,1323664.045600639,324.4593372903226,False,0.0-0.1,>500k,>50,0
BLR_123321,5,0.8237725294633631,617.132716415546,1043551.1614399999,216.49732096774193,True,0.8-0.9,>500k,>50,8
BLR_123322,5,0.8585665492554767,613.9390338889558,1185480.853537,234.85377,True,0.8-0.9,>500k,>50,8
BLR_123323,1,6.402912390325743e-05,128.08197896947735,433743.85278,87.33839,False,0.0-0.1,200k-500k,>50,0
BLR_123324,2,0.0027023540824982553,319.4320855878987,1129027.6486887108,290.2513250967742,False,0.0-0.1,>500k,>50,0
BLR_123325,2,0.002489104423476065,235.94072792643493,988967.950621,219.40197451612903,False,0.0-0.1,>500k,>50,0
BLR_123326,1,1.2888356421130737e-05,100.84511793084978,928.73751725,0.5700000000000001,False,0.0-0.1,<=50k,<=5,0
BLR_123328,5,0.5191248494990858,611.4146984692526,367317.9095,65.72797,True,0.5-0.6,200k-500k,>50,5
BLR_123329,3,0.0018310240848813813,331.4589876278869,115.5,0.001,False,0.0-0.1,<=50k,<=5,0
BLR_123330,1,1.2888670506280666e-05,99.83239121165684,115.5,0.001,False,0.0-0.1,<=50k,<=5,0
BLR_123332,5,0.8905742871598644,677.5033213046388,1366465.5903451,323.4857221935484,True,0.8-0.9,>500k,>50,8
BLR_123334,5,0.20695052656779395,599.8229606688087,115.5,0.001,False,0.2-0.3,<=50k,<=5,2
BLR_123335,5,0.7849706800232586,634.3608585243495,1030625.206325,285.945798,True,0.7-0.8,>500k,>50,7
BLR_123336,3,0.04128452810357132,440.61456699064234,1232239.0387896001,317.1774716129032,False,0.0-0.1,>500k,>50,0
BLR_123337,3,0.07070163882137168,438.46703972143666,1546787.9573300001,384.98394096774194,False,0.0-0.1,>500k,>50,0
BLR_123338,1,6.860917621276813e-05,104.25221551456424,434535.96207999997,64.16205,False,0.0-0.1,200k-500k,>50,0
BLR_123339,9,0.9999824995196436,649.4774774890315,771045.8440496944,175.60494,True,0.9-1.0,>500k,>50,9
BLR_123340,3,0.06361483877878185,503.2546528714338,1624837.720945,259.99566500000003,False,0.0-0.1,>500k,>50,0
BLR_123341,2,0.002191682299360514,244.8565955153818,880976.45738,237.37262612903226,False,0.0-0.1,>500k,>50,0
BLR_123342,2,0.010141832540592291,290.0594728693225,1719402.971371,422.74769838709676,False,0.0-0.1,>500k,>50,0
BLR_123344,1,0.00407080586707005,216.8967255304797,2696020.0027179997,587.6782077419355,False,0.0-0.1,>500k,>50,0
BLR_123345,3,0.03035730048005568,455.8721157748638,892778.313571,278.60967516129034,False,0.0-0.1,>500k,>50,0
BLR_123346,3,0.0018311541281572476,388.6421054988633,1841.9835065,0.97,False,0.0-0.1,<=50k,<=5,0
BLR_123347,3,0.17117469987366196,498.405653010381,2197487.959254694,499.49707858064517,False,0.1-0.2,>500k,>50,1
BLR_123348,1,6.417120544635706e-05,53.6030328649795,479846.848384,92.66943,False,0.0-0.1,200k-500k,>50,0
BLR_123349,2,0.00015370397299272213,180.10078120296293,115.5,0.001,False,0.0-0.1,<=50k,<=5,0
BLR_123350,2,0.0036664099428146526,272.81867979606625,1130858.7919846,141.85923,False,0.0-0.1,>500k,>50,0
BLR_123352,5,0.9262083500084743,680.9080846086955,1604440.743322,349.456014,True,0.9-1.0,>500k,>50,9
BLR_123353,5,0.878589399048495,607.1629289036822,1248501.9807076,271.36899290322583,False,0.8-0.9,>500k,>50,8
BLR_123354,1,0.0001295470286785161,95.5971380094507,826783.621016,188.6145,False,0.0-0.1,>500k,>50,0
BLR_123355,1,0.00013635152146542092,85.3019435012677,789589.053303,127.100988,False,0.0-0.1,>500k,>50,0
BLR_123356,5,0.20733861037798115,508.28353218289936,2333.63882375,1.34,False,0.2-0.3,<=50k,<=5,2
BLR_123357,2,0.05738189515637798,401.91691410802986,2531235.070222,532.0003049032258,False,0.0-0.1,>500k,>50,0
BLR_123358,1,0.00016997465293286043,114.09174115410879,966669.031705,242.1077501612903,False,0.0-0.1,>500k,>50,0
BLR_123359,3,0.05210807243884158,504.6812854532173,1433188.3176786553,302.7482746451613,False,0.0-0.1,>500k,>50,0
BLR_123360,1,0.00017399346597691745,125.82429070003731,968838.019391,231.71011612903226,False,0.0-0.1,>500k,>50,0
BLR_123361,3,0.042098098016080776,518.3291513335975,1237149.973858,288.8913601612903,False,0.0-0.1,>500k,>50,0
BLR_123362,2,0.008907693046077641,363.15648999829733,1622398.2052206001,385.93574,False,0.0-0.1,>500k,>50,0
BLR_123363,5,0.8822115460508423,547.3767639283305,1447926.079006,329.59987606451614,False,0.8-0.9,>500k,>50,8
BLR_123365,3,0.05826082731528985,527.1753110855491,1410289.85359,269.60130296774196,False,0.0-0.1,>500k,>50,0
BLR_123366,1,0.00016990334423250852,115.77059798002665,982254.284561,182.52959,False,0.0-0.1,>500k,>50,0
BLR_123367,5,0.5300922513112327,507.2138653846148,381481.840928,82.65677,False,0.5-0.6,200k-500k,>50,5
BLR_123368,5,0.8049536769818229,602.8326319417632,998385.6711140554,234.185068,False,0.8-0.9,>500k,>50,8
BLR_123369,2,0.0026970486961585332,370.5409667836197,1200405.896428,306.1904,False,0.0-0.1,>500k,>50,0
BLR_123370,1,0.00015474343426956312,168.51164235993494,908487.873017,171.35047,False,0.0-0.1,>500k,>50,0
BLR_123371,2,0.016232186905328953,437.37551649565455,1935183.1290600002,397.5107212903226,False,0.0-0.1,>500k,>50,0
BLR_123372,3,0.0018311541281572476,467.86716961895996,1841.9835065,0.97,False,0.0-0.1,<=50k,<=5,0
BLR_123373,1,0.03011832700604138,310.9792383818986,3730583.78524163,820.9120090322581,False,0.0-0.1,>500k,>50,0
BLR_123374,5,0.6812234597092561,569.0577166608347,620611.663217,137.2166135483871,False,0.6-0.7,>500k,>50,6
BLR_123375,5,0.7747619019688876,592.0133517637692,945372.406375,220.91454,False,0.7-0.8,>500k,>50,7
BLR_123376,3,0.02903503802037493,546.5221988994587,1034326.77113,241.7859572580645,False,0.0-0.1,>500k,>50,0
BLR_123377,2,0.001703126143808067,325.88453412958825,822307.74793,147.92706,False,0.0-0.1,>500k,>50,0
BLR_123378,5,0.3586789576578721,513.6323353900783,192685.12050000002,33.55574,False,0.3-0.4,100k-200k,20-50,3
BLR_123379,5,0.5773433758728619,587.5229147206715,422989.47171,107.89816,False,0.5-0.6,200k-500k,>50,5
BLR_123691,5,0.2857646912301519,571.5958018245717,100477.72,30.01,False,0.2-0.3,100k-200k,20-50,2
BLR_123692,5,0.6064183823228618,589.1700206309534,463101.119895,124.482058,False,0.6-0.7,200k-500k,>50,6
BLR_123693,3,0.047924175161230965,433.4473975779647,1323225.145102,366.3277829032258,False,0.0-0.1,>500k,>50,0
BLR_123694,2,0.044385508289958325,376.16511560455706,2505030.7301746,670.2703596774194,False,0.0-0.1,>500k,>50,0
BLR_123695,3,0.039734888576329355,422.01489731730675,1172830.3427249999,317.48573161290324,False,0.0-0.1,>500k,>50,0
BLR_123696,5,0.5205705182373915,584.2535505952097,330283.5018,79.60172,False,0.5-0.6,200k-500k,>50,5
BLR_123697,3,0.05825338353017307,524.4421248286346,1319362.311386639,333.3571242580645,False,0.0-0.1,>500k,>50,0
BLR_123698,1,6.300101514176305e-05,112.13142810372442,400594.0365,77.069785,False,0.0-0.1,200k-500k,>50,0
BLR_123699,1,1.2895228333816948e-05,94.39090342850287,15.679999999999998,0.01,False,0.0-0.1,<=50k,<=5,0
BLR_123700,2,0.0005190840023313437,272.2046584012995,201336.877903,37.81388,False,0.0-0.1,200k-500k,20-50,0
BLR_123701,1,0.00011781375480452901,145.51780301769045,742376.0189446,145.4966922580645,False,0.0-0.1,>500k,>50,0
BLR_123702,3,0.0018297686450302062,406.14940319902985,1.2100000000000002,0.0005,False,0.0-0.1,<=50k,<=5,0
BLR_123704,2,0.0022305225136637396,200.41820771956145,871873.0579070001,185.21687,False,0.0-0.1,>500k,>50,0
BLR_123705,5,0.5508825918530035,569.6317964165735,397489.73712,77.592,False,0.5-0.6,200k-500k,>50,5
BLR_123707,5,0.8738265029905551,655.0076082545122,1265067.9816876,314.07973300000003,True,0.8-0.9,>500k,>50,8
BLR_123709,1,7.362462222121575e-05,114.95982876599507,461679.1835392,78.69648,False,0.0-0.1,200k-500k,>50,0
BLR_123710,1,0.00015222805085287851,43.09645246768927,785084.3660935999,172.62365,False,0.0-0.1,>500k,>50,0
BLR_123711,2,0.008930005821249682,307.71881295511645,1487884.517734,346.02860451612906,False,0.0-0.1,>500k,>50,0
BLR_123712,3,0.09926735986194662,507.67992475036334,1890336.854349,533.5916746774194,False,0.0-0.1,>500k,>50,0
BLR_123714,1,7.710340043165379e-05,68.43836025040297,521084.28883,147.53167,False,0.0-0.1,>500k,>50,0
BLR_123715,5,0.9256786210994029,716.7041521813641,1633435.1313782,400.1492306451613,True,0.9-1.0,>500k,>50,9
BLR_123717,5,0.8166711303769889,640.770262050118,898305.750484,220.12139677419356,True,0.8-0.9,>500k,>50,8
BLR_123718,1,0.0001757127770379383,65.78891018938069,935732.03998,194.38144,False,0.0-0.1,>500k,>50,0
BLR_123719,2,0.0021668324542709312,262.4504296628464,888593.923789,216.97290129032257,False,0.0-0.1,>500k,>50,0
BLR_123720,5,0.6089800847062137,595.5249589717863,549433.3193,151.86976,False,0.6-0.7,>500k,>50,6
BLR_123721,2,0.00904728415831547,329.0143477009391,1556375.3734396,374.96301612903227,False,0.0-0.1,>500k,>50,0
BLR_123722,1,7.709613210645878e-05,46.02761373948373,491631.63899999997,108.71708129032258,False,0.0-0.1,200k-500k,>50,0
BLR_123723,2,0.001641249171203068,246.62362496897538,875353.9732096,246.30388,False,0.0-0.1,>500k,>50,0
BLR_123724,5,0.20698832066225037,492.64280210482485,115.5,0.001,False,0.2-0.3,<=50k,<=5,2
BLR_123725,5,0.9109524466876224,599.8975708237354,1358829.1701996,322.0065,False,0.9-1.0,>500k,>50,9
BLR_123726,9,0.9999744839079879,652.8861386394759,586772.1644840554,156.62940761290324,True,0.9-1.0,>500k,>50,9
BLR_123728,3,0.04275659197144059,475.8540040452527,1222770.0928840553,287.8358769677419,False,0.0-0.1,>500k,>50,0
BLR_123729,5,0.8920257638997021,574.3493620082079,1311249.03406,314.09158767741934,False,0.8-0.9,>500k,>50,8
BLR_123731,2,0.0033208984221219226,276.27347969082416,1231203.1299331388,303.12831632258064,False,0.0-0.1,>500k,>50,0
BLR_123732,1,0.0004204365456092057,139.48491741049213,1301526.352195239,323.17743083870965,False,0.0-0.1,>500k,>50,0
BLR_123733,3,0.7465769045580528,730.3644405471987,3858571.7354309997,528.940838,True,0.7-0.8,>500k,>50,7
BLR_123736,3,0.0743264067342774,398.75182942565044,1666368.103120639,434.7283237419355,False,0.0-0.1,>500k,>50,0
BLR_123737,5,0.9095061922297913,551.732880757174,1542092.04205,435.45636483870965,False,0.9-1.0,>500k,>50,9
BLR_123739,3,0.06312999858870832,389.99387965781045,1627649.01306,418.08574,False,0.0-0.1,>500k,>50,0
BLR_123740,1,0.017517591558236557,309.0835248684835,3277063.870599,764.2882567741935,False,0.0-0.1,>500k,>50,0
BLR_123741,5,0.7934713997486506,592.6598980124556,949945.6372296,203.57713838709677,False,0.7-0.8,>500k,>50,7
BLR_123742,3,0.01003619981469061,356.7778008980443,465868.890528,90.42547,False,0.0-0.1,200k-500k,>50,0
BLR_123743,2,0.00923762389982217,336.8373351763635,1681187.1598729999,398.80797096774194,False,0.0-0.1,>500k,>50,0
BLR_123745,1,0.00067168626095162,222.39349301480982,1676385.303814,393.35405225806454,False,0.0-0.1,>500k,>50,0
BLR_123746,1,0.00047021845543460035,214.35798726867688,1512573.544151,359.48525903225806,False,0.0-0.1,>500k,>50,0
BLR_123747,2,0.0017102971577251836,295.69470016917063,760655.3996956,146.10551,False,0.0-0.1,>500k,>50,0
BLR_123748,3,0.03229402125739699,441.93677128927214,996608.7317082,295.50710903225803,False,0.0-0.1,>500k,>50,0
BLR_123749,5,0.8487571500357906,604.7918279982262,1122909.1180725,290.57554600000003,False,0.8-0.9,>500k,>50,8
BLR_123750,2,0.001060706736107533,304.22149722951997,572648.3494996,149.80971,False,0.0-0.1,>500k,>50,0
BLR_123751,3,0.02953752917067408,394.57658223989705,1001709.879029,244.966595,False,0.0-0.1,>500k,>50,0
BLR_123752,2,0.0024274626150017665,300.34404395495636,987084.8478695999,248.22326322580645,False,0.0-0.1,>500k,>50,0
BLR_123753,5,0.8555216807765033,598.1768178261204,1406944.5055065553,425.0730425483871,False,0.8-0.9,>500k,>50,8
BLR_123754,6,0.9692391689760999,629.0656111192541,773703.01535,131.976195,True,0.9-1.0,>500k,>50,9
BLR_123755,6,0.7568791727700935,606.850009796122,115.5,0.001,False,0.7-0.8,<=50k,<=5,7
BLR_123756,4,0.16730605520213587,485.80483456748215,674405.5254190001,162.72374451612905,False,0.1-0.2,>500k,>50,1
BLR_123757,4,0.39401293285034344,549.6992602260391,1360531.171228,344.5926122580645,False,0.3-0.4,>500k,>50,3
BLR_124158,6,0.9402907654506083,627.1315709285524,447701.11416,66.8233,True,0.9-1.0,200k-500k,>50,9
BLR_124160,5,0.2979652631039133,561.4002183075571,102791.30329,20.16744,False,0.2-0.3,100k-200k,20-50,2
BLR_124161,5,0.6636377237505937,605.5702152522531,602343.00345,147.20655,True,0.6-0.7,>500k,>50,6
BLR_124162,1,0.0007991493964986861,176.29100500152242,1814746.599396,482.3438706451613,False,0.0-0.1,>500k,>50,0
BLR_124163,1,0.0004291594862568113,153.40142644261897,1329636.15489,299.02750483870966,False,0.0-0.1,>500k,>50,0
BLR_124164,1,0.00013308466764984822,58.006873322838636,772600.8335846,170.73443161290322,False,0.0-0.1,>500k,>50,0
BLR_124165,3,0.0461914416906632,504.04716100119794,1224682.287954,252.31158451612905,False,0.0-0.1,>500k,>50,0
BLR_124166,5,0.795586499890775,580.7563181511061,990539.5122642389,219.68158825806452,False,0.7-0.8,>500k,>50,7
BLR_124167,1,0.00016528177364723263,58.27224199177258,803251.910644,140.07388,False,0.0-0.1,>500k,>50,0
BLR_124168,3,0.01676171191971961,330.8330412741204,715609.1291495999,94.619,False,0.0-0.1,>500k,>50,0
BLR_124169,1,9.093934787093302e-05,65.24720092750293,579083.414364,96.19929,False,0.0-0.1,>500k,>50,0
BLR_124170,5,0.20691273757361034,531.0242799988454,115.5,0.001,False,0.2-0.3,<=50k,<=5,2
BLR_124172,5,0.20689734995575418,530.3694382046166,409.22366925,0.2,False,0.2-0.3,<=50k,<=5,2
BLR_124173,5,0.7783712515524668,632.0394073720436,860248.5905520554,204.017084,True,0.7-0.8,>500k,>50,7
BLR_124175,2,0.0001537393642625239,269.1395673788956,115.5,0.001,False,0.0-0.1,<=50k,<=5,0
BLR_124176,5,0.20691273757361034,585.3437798580585,115.5,0.001,False,0.2-0.3,<=50k,<=5,2
BLR_124177,2,0.041544576387531194,374.78084577230817,2378572.646747639,650.206702451613,False,0.0-0.1,>500k,>50,0
BLR_124178,3,0.0018304319466399305,291.31077707176536,409.22366925,0.2,False,0.0-0.1,<=50k,<=5,0
BLR_124179,5,0.8145658271554698,653.8589598602848,1112941.521362,291.18924,True,0.8-0.9,>500k,>50,8
BLR_124180,3,0.1559193139717473,397.32201708987304,2282669.4768906,623.1957643870968,False,0.1-0.2,>500k,>50,1
BLR_124181,2,0.010402693130923232,370.88798275283284,1929025.8978126,465.18049580645163,False,0.0-0.1,>500k,>50,0
BLR_124182,5,0.968064924887081,687.4225215007635,2166401.9882434,528.9021144516129,True,0.9-1.0,>500k,>50,9
BLR_124183,3,0.11151921028597624,427.26165434297184,1907835.722772639,493.26087096774194,False,0.1-0.2,>500k,>50,1
BLR_124184,2,0.0006385525165438487,154.7082428415774,360316.523452,57.61399,False,0.0-0.1,200k-500k,>50,0
BLR_124185,5,0.9358731184484982,652.5137222330644,1681006.2733016,351.17859329032257,True,0.9-1.0,>500k,>50,9
BLR_124186,3,0.03583330870721862,414.77038921447746,1192100.8827217107,293.77455283870967,False,0.0-0.1,>500k,>50,0
BLR_124187,5,0.5663605164931055,527.7696116783188,429482.747199,79.89959999999999,False,0.5-0.6,200k-500k,>50,5
BLR_124188,2,0.0010308347906714413,197.96091261815707,622371.5093960001,134.13501,False,0.0-0.1,>500k,>50,0
BLR_124189,5,0.8774854064956674,555.8055220167487,1334068.029128,394.1236474193548,False,0.8-0.9,>500k,>50,8
BLR_124190,1,0.0004795174361946441,181.60162023762157,1562794.427266639,457.09948599999996,False,0.0-0.1,>500k,>50,0
BLR_124191,3,0.026964106073813058,433.085415792751,842026.153746,258.61417322580644,False,0.0-0.1,>500k,>50,0
BLR_124192,3,0.025746276848284927,432.14517273003185,974397.493838,204.89473,False,0.0-0.1,>500k,>50,0
BLR_124193,2,0.002061808465018023,217.92877546152388,907813.245602,229.29410000000001,False,0.0-0.1,>500k,>50,0
BLR_124194,3,0.0509653140675939,487.30275712774977,1261680.692432,333.0080970967742,False,0.0-0.1,>500k,>50,0
BLR_124196,2,0.0016585092013256995,201.37608986684944,755914.299318,135.78118,False,0.0-0.1,>500k,>50,0
BLR_124197,1,0.0007055219964068367,136.68357033042997,1817061.244101,485.62608193548385,False,0.0-0.1,>500k,>50,0
BLR_124198,1,6.581562412175511e-05,89.96034920395486,394677.18477,64.35824,False,0.0-0.1,200k-500k,>50,0
BLR_124200,3,0.052877195712259774,509.6056233741983,1372804.326104,397.8633716129032,False,0.0-0.1,>500k,>50,0
BLR_124201,5,0.8438844952042819,560.3071863786206,1104042.326586,278.8994974193548,False,0.8-0.9,>500k,>50,8
BLR_124204,3,0.0018304319466399305,401.02361463575505,409.22366925,0.2,False,0.0-0.1,<=50k,<=5,0
BLR_124205,2,0.007499162353186104,283.9628706503843,1567875.7272496,436.60116999999997,False,0.0-0.1,>500k,>50,0
BLR_124206,2,0.00970909142683682,329.4205274693216,1616836.8933856848,362.09626000000003,False,0.0-0.1,>500k,>50,0
BLR_124207,9,0.9999749361061309,662.5058184489851,611948.382884,185.9743212903226,True,0.9-1.0,>500k,>50,9
BLR_124208,1,9.693772474768398e-05,98.7402117375628,591235.3280216,103.42342500000001,False,0.0-0.1,>500k,>50,0
BLR_124209,1,8.041792152933808e-05,106.99189336309809,481270.4210396,84.81936,False,0.0-0.1,200k-500k,>50,0
BLR_124210,3,0.04680795495185276,509.14390596309056,1221006.1641520553,291.5345940645161,False,0.0-0.1,>500k,>50,0
BLR_124211,2,0.002141077652491609,280.6933277205874,938471.187654,191.7520712903226,False,0.0-0.1,>500k,>50,0
BLR_124212,3,0.027493022772246065,493.3126019114833,1009861.185227,259.587204516129,False,0.0-0.1,>500k,>50,0
BLR_124213,1,1.289042981080935e-05,80.73188495546495,409.22366925,0.2,False,0.0-0.1,<=50k,<=5,0
BLR_124214,1,8.556844607876547e-05,136.33587246663953,463734.892212,110.01239,False,0.0-0.1,200k-500k,>50,0
BLR_124215,3,0.0018306032844954264,433.94057850577104,115.5,0.001,False,0.0-0.1,<=50k,<=5,0
BLR_124216,2,0.0070386766681542,345.8695164650022,1626842.619947,416.1221822580645,False,0.0-0.1,>500k,>50,0
BLR_124217,1,1.2888670506280666e-05,87.8279380296829,115.5,0.001,False,0.0-0.1,<=50k,<=5,0
BLR_124218,5,0.8268851300522341,576.4261399690023,1067021.345795,274.65293,False,0.8-0.9,>500k,>50,8
BLR_124219,3,0.04464700619716604,532.3325994909744,1242559.328369,315.7321870967742,False,0.0-0.1,>500k,>50,0
BLR_124220,5,0.5441932663771378,559.6718818980511,401607.705002,58.33349,False,0.5-0.6,200k-500k,>50,5
BLR_124221,5,0.5883333365324265,533.8658419019672,454589.340664,85.52469,False,0.5-0.6,200k-500k,>50,5
BLR_124222,2,0.002519421459527645,316.0850054803433,1061264.6733871,244.5362558064516,False,0.0-0.1,>500k,>50,0
BLR_124223,5,0.8902604676495238,568.6433168299227,1379642.2649812,289.71681532258066,False,0.8-0.9,>500k,>50,8
BLR_124224,1,0.00010605656983445255,168.7668178799618,689805.5977796,146.07700277419355,False,0.0-0.1,>500k,>50,0
BLR_124225,2,0.003104052110611079,315.995900984557,1051650.7440356,198.65774,False,0.0-0.1,>500k,>50,0
BLR_124636,5,0.6067840277914929,581.3146761172715,534631.897752,86.81865,True,0.6-0.7,>500k,>50,6
BLR_124638,3,0.10208563570192936,500.731360587076,1813801.5152058045,335.94572600000004,False,0.1-0.2,>500k,>50,1
BLR_124639,1,1.2887790946566638e-05,111.95403147871866,306.47664,0.2,False,0.0-0.1,<=50k,<=5,0
BLR_124640,3,0.055809353154309106,389.02273159175655,1412119.7896788174,287.69955148387095,False,0.0-0.1,>500k,>50,0
BLR_124641,2,0.001268681735290813,293.45525123175554,659708.164140728,149.06087,False,0.0-0.1,>500k,>50,0
BLR_124642,2,0.0004294031905566252,273.4002742289398,170770.897496,31.50892,False,0.0-0.1,100k-200k,20-50,0
BLR_124643,5,0.206860116265642,548.0811558302016,204.8,0.12,False,0.2-0.3,<=50k,<=5,2
BLR_124644,2,0.00838514825437046,335.6823996316434,1404084.0047166,300.73797903225807,False,0.0-0.1,>500k,>50,0
BLR_124645,5,0.4914638288495551,557.3362916782584,343035.594376,76.76777,False,0.4-0.5,200k-500k,>50,4
BLR_124647,3,0.04348646350920866,387.7676267094304,1155986.306735,227.76212341935485,False,0.0-0.1,>500k,>50,0
BLR_124648,9,0.9999811724690065,631.8700270965238,787307.25775,184.49604161290324,True,0.9-1.0,>500k,>50,9
BLR_124649,3,0.0018300579107106685,316.15669691316907,306.47664,0.2,False,0.0-0.1,<=50k,<=5,0
BLR_124650,1,0.00015548237236680384,128.07677727998663,828603.4966614435,177.698362,False,0.0-0.1,>500k,>50,0
BLR_124651,1,0.0080389419299136,249.5927077303773,2849287.1720722,764.5640348387096,False,0.0-0.1,>500k,>50,0
BLR_124652,1,9.547678717452807e-05,40.75681821907353,702724.9679336001,136.51385,False,0.0-0.1,>500k,>50,0
BLR_124653,1,6.276365343900837e-05,32.95176092315702,434998.54073400004,79.52009000000001,False,0.0-0.1,200k-500k,>50,0
BLR_124654,3,0.0018306032844954264,316.78934371217736,115.5,0.001,False,0.0-0.1,<=50k,<=5,0
BLR_124655,5,0.7538889386735829,582.1590590225367,874561.906068728,214.6700412903226,True,0.7-0.8,>500k,>50,7
BLR_124656,5,0.9657416066114345,753.0840152784731,1989809.4204382554,437.32439277419354,True,0.9-1.0,>500k,>50,9
BLR_124657,1,0.0028934406625739325,200.4816938507112,2560515.7748619327,513.7509876129033,False,0.0-0.1,>500k,>50,0
BLR_124658,1,5.844599023463103e-05,55.99903219251293,420706.993446,106.45342000000001,False,0.0-0.1,200k-500k,>50,0
BLR_124660,2,0.0001536900760632361,128.83545489853142,204.8,0.12,False,0.0-0.1,<=50k,<=5,0
BLR_124661,5,0.7863223853261894,632.3194059660383,935719.2984274434,257.04698522580645,True,0.7-0.8,>500k,>50,7
BLR_124662,2,0.002804679360496885,220.43208066559308,1050868.895946,250.44269,False,0.0-0.1,>500k,>50,0
BLR_124663,5,0.3653789131269893,559.2865046011198,175437.298068,35.06037,False,0.3-0.4,100k-200k,20-50,3
BLR_124664,1,0.0007781281191184413,182.56486123044064,1722560.4543309999,441.2577577419355,False,0.0-0.1,>500k,>50,0
BLR_124665,3,0.028444944392200102,395.63388934770194,975284.730248,232.3479416129032,False,0.0-0.1,>500k,>50,0
BLR_124666,3,0.009247650808130572,360.7391235113856,421045.052956,91.21887,False,0.0-0.1,200k-500k,>50,0
BLR_124668,2,0.026891000238343243,351.8918237574852,2092676.2708174894,605.975576,False,0.0-0.1,>500k,>50,0
BLR_124669,5,0.5149116349019144,584.8318796483388,384453.06417599996,104.2785,True,0.5-0.6,200k-500k,>50,5
BLR_124670,5,0.4704216539884626,561.9561210091263,257880.429571,41.63512,False,0.4-0.5,200k-500k,20-50,4
BLR_124671,3,0.0018300579107106685,340.31494525071014,306.47664,0.2,False,0.0-0.1,<=50k,<=5,0
BLR_124674,3,0.020470917310003608,420.0355213117446,826596.236152,199.34473741935486,False,0.0-0.1,>500k,>50,0
BLR_124675,1,0.00021102692323835746,133.73964680895017,975485.150665,219.805416,False,0.0-0.1,>500k,>50,0
BLR_124676,2,0.011331910985315233,339.83037021768064,1666139.016671,385.4090258064516,False,0.0-0.1,>500k,>50,0
BLR_124677,3,0.05781196854021933,432.2324532935535,1411973.3413816,315.7722952903226,False,0.0-0.1,>500k,>50,0
BLR_124678,3,0.16693755513677158,526.8597371517693,2131724.766501,542.8729974193549,False,0.1-0.2,>500k,>50,1
BLR_124679,5,0.9220784915877389,561.3878150824593,1472276.6567712089,345.122356516129,False,0.9-1.0,>500k,>50,9
BLR_124680,3,0.16760074150021903,494.3991912710438,2123186.619699328,516.9733777419355,False,0.1-0.2,>500k,>50,1
BLR_124681,2,0.0001536900760632361,183.1733610381238,204.8,0.12,False,0.0-0.1,<=50k,<=5,0
BLR_124682,5,0.206860116265642,446.58285060584893,204.8,0.12,False,0.2-0.3,<=50k,<=5,2
BLR_124683,1,4.8875831651703526e-05,103.83397443592186,261625.0881536,50.16617,False,0.0-0.1,200k-500k,>50,0
BLR_124684,2,0.0008591047650917192,240.45212441269277,493312.87744,103.32061,False,0.0-0.1,200k-500k,>50,0
BLR_124685,2,0.0018197444528042725,259.4909702350167,886052.9678714045,196.25214664516128,False,0.0-0.1,>500k,>50,0
BLR_124686,1,4.9332163515443774e-05,109.93794610324109,311666.61344600003,48.5487,False,0.0-0.1,200k-500k,20-50,0
BLR_124687,1,5.776481204710244e-05,126.5359611071805,347121.47734700004,88.80898,False,0.0-0.1,200k-500k,>50,0
BLR_124688,1,7.709300986431088e-05,139.2571396156929,530891.4575670001,131.4195,False,0.0-0.1,>500k,>50,0
BLR_124690,5,0.8173905130984604,509.1172809240373,1017353.4124734044,226.871812,False,0.8-0.9,>500k,>50,8
BLR_124691,2,0.004032508705784385,370.90272771008046,1133789.226641,261.58733451612903,False,0.0-0.1,>500k,>50,0
BLR_124692,3,0.024887032997081067,463.1251597659709,901901.0247024044,215.55435729032257,False,0.0-0.1,>500k,>50,0
BLR_124694,2,0.001910744347941816,306.8559125398547,846359.014699,210.1713296129032,False,0.0-0.1,>500k,>50,0
BLR_124695,2,0.0001536900760632361,236.97645570795703,204.8,0.12,False,0.0-0.1,<=50k,<=5,0
BLR_124696,2,0.0001536900760632361,237.25215035848137,204.8,0.12,False,0.0-0.1,<=50k,<=5,0
BLR_124697,3,0.04392673975895284,537.0834059288475,1204074.4824629999,334.83267903225806,False,0.0-0.1,>500k,>50,0
BLR_124698,5,0.206860116265642,454.1092884371745,204.8,0.12,False,0.2-0.3,<=50k,<=5,2
BLR_124699,5,0.8620478511257345,580.7317417054398,1315230.4529876045,355.446130516129,False,0.8-0.9,>500k,>50,8
BLR_124700,2,0.00118450565928244,271.31862950256874,518348.396692,88.2993,False,0.0-0.1,>500k,>50,0
BLR_124701,2,0.008751373741578918,363.45634902258035,1582945.9814508893,386.85977522580646,False,0.0-0.1,>500k,>50,0
BLR_124702,3,0.0018908655595704104,422.3914033981533,320.3,0.121,False,0.0-0.1,<=50k,<=5,0
BLR_124703,3,0.02713033635539894,509.7338496133821,930760.6418826389,222.14579729032258,False,0.0-0.1,>500k,>50,0
BLR_124704,5,0.8996888019547585,575.7159889801662,1345803.8877640823,260.9484887096774,False,0.8-0.9,>500k,>50,8
BLR_124705,5,0.7368476766889487,550.2991850344292,858594.1187964045,199.633476,False,0.7-0.8,>500k,>50,7
BLR_124706,5,0.8982544959360572,661.8160385988887,1436822.617292,418.0665808064516,True,0.8-0.9,>500k,>50,8
BLR_125006,5,0.3525460655226237,521.9969235810642,185881.7855,25.1938,False,0.3-0.4,100k-200k,20-50,3
BLR_125007,5,0.5977755880570845,562.3309315607621,481590.51389299997,125.77575870967743,False,0.5-0.6,200k-500k,>50,5
BLR_125008,2,0.017548027435959183,378.78145901215635,1783965.196618,387.02718887096773,False,0.0-0.1,>500k,>50,0
BLR_125009,1,8.670525151221412e-05,137.73018699006627,554117.493675,105.06053451612904,False,0.0-0.1,>500k,>50,0
BLR_125010,1,8.724165543419073e-05,142.30048222267652,562461.879690639,148.42441761290323,False,0.0-0.1,>500k,>50,0
BLR_125011,3,0.009512501818068644,442.3812302579364,506499.6108,113.471125,False,0.0-0.1,>500k,>50,0
BLR_125012,2,0.0021082693717027266,314.5377358285957,939708.283604,176.8501,False,0.0-0.1,>500k,>50,0
BLR_125013,3,0.0018300579107106685,317.54322550776556,306.47664,0.2,False,0.0-0.1,<=50k,<=5,0
BLR_125014,2,0.00472816337160357,227.96853492602574,1419832.9000794045,274.95815922580647,False,0.0-0.1,>500k,>50,0
BLR_125015,5,0.8870914681452398,597.6512122442841,1386810.9685648598,287.77543032258063,True,0.8-0.9,>500k,>50,8
BLR_125016,5,0.20687495367966868,497.9209423716127,115.5,0.001,False,0.2-0.3,<=50k,<=5,2
BLR_125017,3,0.021624077923122313,386.56105634542035,920567.771514,251.22802451612904,False,0.0-0.1,>500k,>50,0
BLR_125018,5,0.8851848100707209,631.8463880420175,1314534.55301,299.4220629032258,True,0.8-0.9,>500k,>50,8
BLR_125019,5,0.20703490794506776,551.395172136343,818.4473384999999,0.4,False,0.2-0.3,<=50k,<=5,2
BLR_125021,3,0.02891013908827047,430.13404507976037,1125773.605777,345.57339,False,0.0-0.1,>500k,>50,0
BLR_125022,3,0.018384836387628025,391.7762082937668,870252.765585,189.6868941935484,False,0.0-0.1,>500k,>50,0
BLR_125023,2,0.005489685451625487,307.22616456237853,1465893.3989499998,309.1444561290323,False,0.0-0.1,>500k,>50,0
BLR_125024,1,1.2888670506280666e-05,100.80311971229403,115.5,0.001,False,0.0-0.1,<=50k,<=5,0
BLR_125025,5,0.5704323957831033,578.4323767034568,406512.4817,65.59186,True,0.5-0.6,200k-500k,>50,5
BLR_125026,2,0.0009624313002219459,225.84103771307954,633363.84879,193.76027,False,0.0-0.1,>500k,>50,0
BLR_125027,2,0.0006849905149845122,217.76892618066748,321786.77194,51.628479999999996,False,0.0-0.1,200k-500k,>50,0
BLR_125029,3,0.03441036934932267,444.65163063414036,1066068.041115,245.9016614516129,False,0.0-0.1,>500k,>50,0
BLR_125030,5,0.8311797874072242,608.5413632855131,1086518.688125,225.99753451612904,True,0.8-0.9,>500k,>50,8
BLR_125031,2,0.030548982059086457,333.51599425086334,2175789.628615,543.8568119354838,False,0.0-0.1,>500k,>50,0
BLR_125032,1,0.00015480914367795327,118.01379855350395,849786.4068,152.33934129032258,False,0.0-0.1,>500k,>50,0
BLR_125033,1,7.074528626562769e-05,29.232030698712226,471633.02275,82.47791129032258,False,0.0-0.1,200k-500k,>50,0
BLR_125034,3,0.0018300579107106685,379.11731506953595,306.47664,0.2,False,0.0-0.1,<=50k,<=5,0
BLR_125036,1,0.00016016758352911043,92.3496139255071,809473.79473,207.54815,False,0.0-0.1,>500k,>50,0
BLR_125037,1,0.00011057050689075937,57.06703772008917,711483.1389,123.16006,False,0.0-0.1,>500k,>50,0
BLR_125039,5,0.8180852750152106,615.8443810144654,981226.734432,216.92315580645163,True,0.8-0.9,>500k,>50,8
BLR_125040,5,0.5415270631482844,489.0972729799492,374932.3936392,55.702020000000005,False,0.5-0.6,200k-500k,>50,5
BLR_125041,3,0.007858201408429966,405.2860166524228,391557.79353,101.08608451612903,False,0.0-0.1,200k-500k,>50,0
BLR_125042,1,0.00011294856386271346,69.59562147967563,646016.81746,82.20656000000001,False,0.0-0.1,>500k,>50,0
BLR_125043,2,0.008374191953872458,324.9859398619746,1533417.071685,342.42704596774195,False,0.0-0.1,>500k,>50,0
BLR_125044,3,0.010689489229394845,416.4446855103931,487937.773141,70.47215,False,0.0-0.1,200k-500k,>50,0
BLR_125045,1,0.1679226739243088,364.2488274747273,4473676.7188966945,908.0481891935484,False,0.1-0.2,>500k,>50,1
BLR_125046,2,0.010810369771404824,375.6512252742644,1610077.5597424046,395.07901470967744,False,0.0-0.1,>500k,>50,0
BLR_125047,5,0.7784095038593727,519.6056693802301,1055198.584245,284.5549377419355,False,0.7-0.8,>500k,>50,7
BLR_125048,5,0.769326241361995,495.1130877510333,872871.893551,194.85757999999998,False,0.7-0.8,>500k,>50,7
BLR_125050,3,0.050226254769394706,469.53751985390176,1233355.1153641108,299.585423,False,0.0-0.1,>500k,>50,0
BLR_125051,1,7.984118646209205e-05,79.95572271886131,448458.77388,61.21806,False,0.0-0.1,200k-500k,>50,0
BLR_125053,5,0.5453466897866793,508.40341707479536,370809.14775,52.73759,False,0.5-0.6,200k-500k,>50,5
BLR_125054,2,0.0020564587984437236,328.9070388200331,926143.3039986,254.91849961290322,False,0.0-0.1,>500k,>50,0
BLR_125055,3,0.03830518523612991,530.4645955253449,1170974.256661,278.85632387096774,False,0.0-0.1,>500k,>50,0
BLR_125057,1,0.00010001680605820725,96.48084234664162,629330.6250400001,102.20596,False,0.0-0.1,>500k,>50,0
BLR_125058,5,0.8949095405294153,575.7943799707774,1559087.568699,382.9274157419355,False,0.8-0.9,>500k,>50,8
BLR_125059,1,1.2891638618707765e-05,62.12652914858474,115.5,0.001,False,0.0-0.1,<=50k,<=5,0
BLR_125060,2,0.004681706899111804,370.86583470393805,1330482.4717,206.20469,False,0.0-0.1,>500k,>50,0
BLR_125061,9,0.9999777736599395,621.0528234895893,790808.460579,229.2655570967742,True,0.9-1.0,>500k,>50,9
BLR_125064,3,0.04062268836899844,504.27338494452187,1158009.789758,279.2644758064516,False,0.0-0.1,>500k,>50,0
BLR_125065,2,0.0035000372266057837,352.31679617594494,1152067.0859080001,229.3543485483871,False,0.0-0.1,>500k,>50,0
BLR_125066,1,0.0024962970701879663,255.07613120975552,2462828.291016,600.4161027419354,False,0.0-0.1,>500k,>50,0
BLR_125067,3,0.11141458940789331,542.6789276227405,2005766.382139239,442.9748514193548,False,0.1-0.2,>500k,>50,1
BLR_125068,1,7.985731964609244e-05,133.7107163025124,531513.93795,129.4894,False,0.0-0.1,>500k,>50,0
BLR_125069,5,0.7470228968168668,519.0444443383487,827353.803828,213.1630125806452,False,0.7-0.8,>500k,>50,7
BLR_125429,5,0.38008827277132046,620.0075238416123,216157.066,53.550489999999996,False,0.3-0.4,200k-500k,>50,3
BLR_125430,5,0.20687146584200314,603.2784808407162,147.83999999999995,0.039,False,0.2-0.3,<=50k,<=5,2
BLR_125431,5,0.6688799377801927,642.6808345898946,612965.596883,174.33859677419355,False,0.6-0.7,>500k,>50,6
BLR_125432,5,0.20688036072076557,611.851738693257,147.84999999999997,0.139,False,0.2-0.3,<=50k,<=5,2
BLR_125433,2,0.0043113837775469194,318.6311893871007,1322713.387078956,353.9781406451613,False,0.0-0.1,>500k,>50,0
BLR_125434,1,6.607695481417127e-05,136.77289097360534,477259.28618,154.6779,False,0.0-0.1,200k-500k,>50,0
BLR_125435,3,0.0018298221616133848,341.2821232255191,147.84999999999997,0.139,False,0.0-0.1,<=50k,<=5,0
BLR_125436,3,0.027966117390362703,480.5182089157846,993826.674851,306.36228,False,0.0-0.1,>500k,>50,0
BLR_125437,1,1.2882828172826642e-05,101.06282438245195,0.01,0.1,False,0.0-0.1,<=50k,<=5,0
BLR_125438,3,0.010150270077910212,450.67508559900085,497547.8185197605,107.045646,False,0.0-0.1,200k-500k,>50,0
BLR_125439,5,0.2068383444572415,610.522635933623,0.01,0.1,False,0.2-0.3,<=50k,<=5,2
BLR_125440,3,0.0018290060231765377,414.1734477673006,388.918288,0.47,False,0.0-0.1,<=50k,<=5,0
BLR_125441,3,0.0018285856857257596,414.29389003501115,388.918288,0.47,False,0.0-0.1,<=50k,<=5,0
BLR_125442,3,0.048014885728394,463.1881714543207,1497216.1069210847,477.3751883870968,False,0.0-0.1,>500k,>50,0
BLR_125443,2,0.003114218844901396,316.5983360515082,1097978.0120052,206.47969,False,0.0-0.1,>500k,>50,0
BLR_125444,1,1.2888483335911472e-05,1.8624039509170693,249.85,0.17,False,0.0-0.1,<=50k,<=5,0
BLR_125445,9,0.9998104260416184,681.6137474896191,388.918288,0.47,True,0.9-1.0,<=50k,<=5,9
BLR_125446,5,0.9609279908936839,703.5319275652708,2040010.4798099562,533.1641912903226,True,0.9-1.0,>500k,>50,9
BLR_125447,1,0.00032426102869404655,148.1948049432991,1446336.945555556,391.02772612903226,False,0.0-0.1,>500k,>50,0
BLR_125448,2,0.00015367365314265924,119.1039986014148,147.84999999999997,0.139,False,0.0-0.1,<=50k,<=5,0
BLR_125449,2,0.0007257913659133061,150.9515088168978,410566.48406499997,73.41792000000001,False,0.0-0.1,200k-500k,>50,0
BLR_125450,5,0.8758013385660559,741.3864187784644,1315797.6156106389,323.37214987096775,True,0.8-0.9,>500k,>50,8
BLR_125451,2,0.005447190452060983,247.78057883391054,1411837.3261629562,366.6748725806452,False,0.0-0.1,>500k,>50,0
BLR_125452,5,0.2068305557973542,642.6867952748175,102.01,0.131,False,0.2-0.3,<=50k,<=5,2
BLR_125453,3,0.0018297749940288303,382.49970926355513,0.01,0.1,False,0.0-0.1,<=50k,<=5,0
BLR_125454,2,0.00015372482985177513,138.8965079408733,102.0,0.031,False,0.0-0.1,<=50k,<=5,0
BLR_125455,1,1.2882828172826642e-05,0.6189068390753667,0.01,0.1,False,0.0-0.1,<=50k,<=5,0
BLR_125456,3,0.0018293149448310511,383.85046633755854,249.85,0.17,False,0.0-0.1,<=50k,<=5,0
BLR_125457,2,0.00015370506859955233,138.8952985048042,0.01,0.1,False,0.0-0.1,<=50k,<=5,0
BLR_125458,1,1.2887784663795594e-05,0.9817555901599369,249.84,0.07,False,0.0-0.1,<=50k,<=5,0
BLR_125459,2,0.0010044269266065537,196.8863754522085,584962.8211196,174.3917570967742,False,0.0-0.1,>500k,>50,0
BLR_125460,1,0.0003876406076629104,96.29833277532381,1518437.118199995,375.6730172903226,False,0.0-0.1,>500k,>50,0
BLR_125461,3,0.04312721728165293,563.7899689708199,1264766.27724,318.67562725806454,False,0.0-0.1,>500k,>50,0
BLR_125462,5,0.7735723987285484,715.6590631434282,921970.1767,241.29615064516128,True,0.7-0.8,>500k,>50,7
BLR_125463,3,0.12761544217075377,566.9938463175833,2059355.657585,512.9487633870967,False,0.1-0.2,>500k,>50,1
BLR_125464,1,6.81227766243974e-05,51.92194088478906,454532.660853956,109.84931,False,0.0-0.1,200k-500k,>50,0
BLR_125465,1,0.00015876246096166644,116.08334605298357,982687.5464128045,212.170776,False,0.0-0.1,>500k,>50,0
BLR_125466,5,0.8031790537658495,681.5840734544784,965798.9554144045,230.8204218064516,True,0.8-0.9,>500k,>50,8
BLR_125467,5,0.5200235168219841,664.7867438325015,411080.293403,93.00929,True,0.5-0.6,200k-500k,>50,5
BLR_125468,3,0.001830430510777707,428.967860585598,102.0,0.031,False,0.0-0.1,<=50k,<=5,0
BLR_125469,1,1.2888483335911472e-05,28.2299729904362,249.85,0.17,False,0.0-0.1,<=50k,<=5,0
BLR_125470,2,0.00015369341035654168,149.3298977141407,249.84,0.07,False,0.0-0.1,<=50k,<=5,0
BLR_125471,2,0.0037142164653733243,216.3671718215117,1236049.657655,270.8449,False,0.0-0.1,>500k,>50,0
BLR_125472,5,0.8032900120121216,658.6609533056222,1058582.978191,289.1961929032258,True,0.8-0.9,>500k,>50,8
BLR_125473,2,0.0028519497895984616,249.540601290283,1123261.234070878,285.01304812903226,False,0.0-0.1,>500k,>50,0
BLR_125474,5,0.2068383444572415,528.950145042187,0.01,0.1,False,0.2-0.3,<=50k,<=5,2
BLR_125475,1,0.00013196911401531394,119.74733896096019,831403.825060956,254.29194,False,0.0-0.1,>500k,>50,0
BLR_125476,5,0.20687612340887632,528.6287802358656,0.01,0.1,False,0.2-0.3,<=50k,<=5,2
BLR_125477,1,1.288579493984895e-05,36.81923939448988,0.01,0.1,False,0.0-0.1,<=50k,<=5,0
BLR_125478,3,0.027310465939848823,510.4116976391028,1013475.9775076,277.69373,False,0.0-0.1,>500k,>50,0
BLR_125479,1,8.764420707400222e-05,89.31382832968575,556935.6192,146.10591,False,0.0-0.1,>500k,>50,0
BLR_125480,5,0.776195921986151,554.7611422214114,937185.641810556,241.52169903225806,False,0.7-0.8,>500k,>50,7
BLR_125481,1,0.0017234355655954107,265.95594221671325,2169915.7696339563,508.8048929032258,False,0.0-0.1,>500k,>50,0
BLR_125482,1,0.00027324014519384274,171.52510079911005,1288947.683536,256.86399,False,0.0-0.1,>500k,>50,0
BLR_125483,2,0.007455980588510408,313.33511114112156,1551393.519216956,396.54865451612903,False,0.0-0.1,>500k,>50,0
BLR_125484,5,0.20687257089138117,495.87822159522614,249.85,0.17,False,0.2-0.3,<=50k,<=5,2
BLR_125485,3,0.0018301956043649406,433.16847629208377,0.01,0.1,False,0.0-0.1,<=50k,<=5,0
BLR_125486,1,5.9199258090422176e-05,108.70266812656702,442748.2078696,134.73209,False,0.0-0.1,200k-500k,>50,0
BLR_125487,2,0.0001537371319608657,191.7698925248337,249.85,0.17,False,0.0-0.1,<=50k,<=5,0
BLR_125488,2,0.051059009357778705,391.4942388923436,2488123.195458956,606.4905396129033,False,0.0-0.1,>500k,>50,0
BLR_125489,2,0.0001537371319608657,211.6086775419815,249.85,0.17,False,0.0-0.1,<=50k,<=5,0
BLR_125490,5,0.2068684626394365,494.97253332993415,409.23366924999993,0.3,False,0.2-0.3,<=50k,<=5,2
BLR_125491,9,0.9998105493839878,680.1054430824846,7.839999999999999,0.005,True,0.9-1.0,<=50k,<=5,9
BLR_125492,1,0.00010506248063564545,139.8800445345813,662047.579353,150.04231,False,0.0-0.1,>500k,>50,0
BLR_125493,2,0.0019294415560320124,288.4865327707566,927383.8089088044,252.26171212903228,False,0.0-0.1,>500k,>50,0
BLR_125494,3,0.04521155016508351,485.95646204248754,1374978.658058956,378.8359037741935,False,0.0-0.1,>500k,>50,0
BLR_125495,2,0.000153772530864546,230.06846521231537,249.85,0.17,False,0.0-0.1,<=50k,<=5,0
BLR_125496,1,1.2882828172826642e-05,94.68477856138826,0.01,0.1,False,0.0-0.1,<=50k,<=5,0
BLR_125497,2,0.00015370506859955233,230.1755180160155,0.01,0.1,False,0.0-0.1,<=50k,<=5,0
BLR_125498,1,7.869741650611844e-05,149.00521098871303,500915.554,116.24412000000001,False,0.0-0.1,>500k,>50,0
BLR_125499,3,0.04645051077440682,404.13489668104023,1300246.671040956,365.14259129032257,False,0.0-0.1,>500k,>50,0
BLR_125500,2,0.00015369341035654168,230.71218167653313,249.84,0.07,False,0.0-0.1,<=50k,<=5,0
BLR_125501,2,0.0001537714953715322,230.7991882460107,147.83999999999995,0.039,False,0.0-0.1,<=50k,<=5,0
BLR_125502,5,0.8977761679169636,590.2598630926249,1510788.1478106,402.3153891935484,False,0.8-0.9,>500k,>50,8
BLR_125503,5,0.5044823951563392,586.999055668333,378561.148070956,89.38449,False,0.5-0.6,200k-500k,>50,5
BLR_125504,5,0.2068347924193104,560.2730914242492,249.85,0.17,False,0.2-0.3,<=50k,<=5,2
BLR_125505,5,0.8647082977635169,658.2011538453237,1245089.173172,298.626894,False,0.8-0.9,>500k,>50,8
BLR_125506,3,0.0018301728100002315,321.10078085399,687.10888195,0.37,False,0.0-0.1,<=50k,<=5,0
BLR_125507,3,0.030049554209533542,374.4598052129381,1125898.361703956,348.54426822580643,False,0.0-0.1,>500k,>50,0
BLR_125508,2,0.0024200790957176104,328.1458354986884,1049557.943990956,313.625712,False,0.0-0.1,>500k,>50,0
BLR_125509,1,1.289669043964318e-05,104.87609825743552,249.84,0.07,False,0.0-0.1,<=50k,<=5,0
BLR_125510,2,0.010444299585029546,379.33769242578023,1551938.0025987695,384.60604903225806,False,0.0-0.1,>500k,>50,0
BLR_125511,3,0.0018301437473977936,294.2113110434776,147.83999999999995,0.039,False,0.0-0.1,<=50k,<=5,0
BLR_125512,3,0.029284890193201376,438.2076652322623,1055965.8815,301.87158032258066,False,0.0-0.1,>500k,>50,0
BLR_125513,3,0.0788782649785205,474.35459078316865,1551056.099501956,395.7059419354839,False,0.0-0.1,>500k,>50,0
BLR_125514,5,0.20687612340887632,566.7608052590211,0.01,0.1,False,0.2-0.3,<=50k,<=5,2
BLR_125515,3,0.08497357809073795,432.2973399176975,1818811.5238316115,499.70992651612903,False,0.0-0.1,>500k,>50,0
BLR_125516,5,0.206901458631725,566.9725264027057,249.84,0.07,False,0.2-0.3,<=50k,<=5,2
BLR_125517,1,1.2890752572225997e-05,104.21967384044943,249.84,0.07,False,0.0-0.1,<=50k,<=5,0
BLR_125518,3,0.0018297354496095149,329.5998972564851,249.85,0.17,False,0.0-0.1,<=50k,<=5,0
BLR_125519,5,0.2068383444572415,566.188337052433,0.01,0.1,False,0.2-0.3,<=50k,<=5,2
BLR_125520,5,0.5659760972062482,574.379675330258,457435.120130956,104.13133,False,0.5-0.6,200k-500k,>50,5
BLR_125521,2,0.00015373316240291238,262.28693716408304,102.01,0.131,False,0.0-0.1,<=50k,<=5,0
BLR_125522,1,1.2886127712002682e-05,103.83945456885132,147.84999999999997,0.139,False,0.0-0.1,<=50k,<=5,0
BLR_125523,1,1.2889095238861082e-05,103.77385787607567,147.84999999999997,0.139,False,0.0-0.1,<=50k,<=5,0
BLR_125524,5,0.9931574548184944,704.7599341306927,2604954.7422990846,550.7394787096774,True,0.9-1.0,>500k,>50,9
BLR_125525,2,0.0001537017412048681,263.4132072310706,249.85,0.17,False,0.0-0.1,<=50k,<=5,0
BLR_125526,9,0.9999999962119881,865.9651285417381,6457842.627062654,1454.4907044516128,True,0.9-1.0,>500k,>50,9
BLR_125529,9,0.9999989854397734,757.1599259214698,2926581.7252638047,719.9951220645162,True,0.9-1.0,>500k,>50,9
BLR_125535,4,0.5183483766673362,618.3277679895024,1739209.05695,329.92192870967745,False,0.5-0.6,>500k,>50,5
BLR_125536,4,0.2161596454374498,524.0585518646837,868965.7829705448,159.86662,False,0.2-0.3,>500k,>50,2
BLR_125537,4,0.021391139771456052,467.23201906121795,388.908288,0.37,False,0.0-0.1,<=50k,<=5,0
BLR_125850,5,0.35829726709919796,643.9379946066675,92851.0665,19.5384,False,0.3-0.4,50k-100k,10-20,3
BLR_125851,5,0.6129363467603588,669.8860997866894,485149.452050956,122.55574,False,0.6-0.7,200k-500k,>50,6
BLR_125852,5,0.80582275166055,683.8039928362364,995169.58738,244.33503709677422,True,0.8-0.9,>500k,>50,8
BLR_125853,5,0.9196234795587217,728.212470208566,1427882.051345956,273.3613551612903,True,0.9-1.0,>500k,>50,9
BLR_125854,2,0.007286528785408581,333.09736532089715,1537141.164515639,352.796006,False,0.0-0.1,>500k,>50,0
BLR_125855,3,0.10526572779928574,559.7219023479167,1772197.377604956,495.53169677419356,False,0.1-0.2,>500k,>50,1
BLR_125856,2,0.00532706069898075,385.07164559822377,1437168.108894556,345.6103948387097,False,0.0-0.1,>500k,>50,0
BLR_125857,2,0.0001536343099915645,144.8441036641024,0.01,0.1,False,0.0-0.1,<=50k,<=5,0
BLR_125858,2,0.01941944963623261,321.4668957289341,1936622.796422,374.81950451612903,False,0.0-0.1,>500k,>50,0
BLR_125859,3,0.15316989757369398,447.8765010739382,2093905.0076790114,427.9238081935484,False,0.1-0.2,>500k,>50,1
BLR_125860,3,0.03914783957924591,415.1809476929899,1196030.372775,269.7047653548387,False,0.0-0.1,>500k,>50,0
BLR_125861,3,0.1010939837640991,542.4469113962531,1927138.246539156,500.7729405806451,False,0.1-0.2,>500k,>50,1
BLR_125862,5,0.2068005706057873,663.4730576123354,0.01,0.1,False,0.2-0.3,<=50k,<=5,2
BLR_125863,5,0.9683452970600891,838.0024403621995,2194367.015954595,451.5753489032258,True,0.9-1.0,>500k,>50,9
BLR_125864,5,0.760950169500748,727.8646993068907,906888.925735956,243.17855677419354,True,0.7-0.8,>500k,>50,7
BLR_125865,5,0.2068005706057873,647.4116991009746,0.01,0.1,False,0.2-0.3,<=50k,<=5,2
BLR_125866,2,0.009315352335916969,274.9710989616241,1620098.147747,364.84430612903225,False,0.0-0.1,>500k,>50,0
BLR_125867,2,0.018953469930789196,354.1838402001841,1939648.327296,526.0095961290323,False,0.0-0.1,>500k,>50,0
BLR_125868,5,0.20827351878269876,647.7850639863977,6000.01,1.35,False,0.2-0.3,<=50k,<=5,2
BLR_125869,1,6.622421674896115e-05,116.07813861745163,447431.636678,86.92054,False,0.0-0.1,200k-500k,>50,0
BLR_125870,1,0.0002203872566572089,198.31196779400295,947406.866122,223.49898,False,0.0-0.1,>500k,>50,0
BLR_125871,3,0.0018297749940288303,364.2316495960278,0.01,0.1,False,0.0-0.1,<=50k,<=5,0
BLR_125872,3,0.08846011738832753,506.37567928366735,1560696.069038956,343.19991177419354,False,0.0-0.1,>500k,>50,0
BLR_125873,3,0.4082270169249334,593.0019979237014,3062864.164151556,756.9136409032258,False,0.4-0.5,>500k,>50,4
BLR_125874,5,0.48102763809563337,671.5631868482826,208352.554,42.306,False,0.4-0.5,200k-500k,20-50,4
BLR_125875,3,0.001829354480179034,402.83988217766756,0.01,0.1,False,0.0-0.1,<=50k,<=5,0
BLR_125876,1,0.00033050449437974934,103.28765478940197,1294865.897593,188.72127,False,0.0-0.1,>500k,>50,0
BLR_125877,2,0.0018677643661722848,300.21503276764145,833304.888548956,229.53086129032258,False,0.0-0.1,>500k,>50,0
BLR_125878,5,0.7489878904477077,674.517946022514,794849.880928,187.26622612903225,False,0.7-0.8,>500k,>50,7
BLR_125879,5,0.2068005706057873,570.6066434074024,0.01,0.1,False,0.2-0.3,<=50k,<=5,2
BLR_125880,9,0.9999797500759351,775.1906322414914,733992.2654926389,178.53025051612903,True,0.9-1.0,>500k,>50,9
BLR_125881,3,0.08423563079653411,574.1851287943842,1621197.9333326388,414.9449689032258,False,0.0-0.1,>500k,>50,0
BLR_125882,3,0.001829354480179034,444.8501505553622,0.01,0.1,False,0.0-0.1,<=50k,<=5,0
BLR_125883,5,0.2068383444572415,570.4552231605023,0.01,0.1,False,0.2-0.3,<=50k,<=5,2
BLR_125884,1,1.2882828172826642e-05,7.015616712123089,0.01,0.1,False,0.0-0.1,<=50k,<=5,0
BLR_125885,3,0.0018290446618238494,445.88006458193536,82.44164800000001,0.27,False,0.0-0.1,<=50k,<=5,0
BLR_125886,2,0.003026057034292991,294.9901036893072,1049278.807118956,191.93607161290325,False,0.0-0.1,>500k,>50,0
BLR_125887,5,0.541979556349011,576.9204660292338,334661.89049200004,76.98794,False,0.5-0.6,200k-500k,>50,5
BLR_125888,3,0.013693822357887827,484.66996938809194,620246.500340956,81.41344,False,0.0-0.1,>500k,>50,0
BLR_125889,2,0.0033608598242326673,322.3621019642127,1391684.1455546,359.41931,False,0.0-0.1,>500k,>50,0
BLR_125890,5,0.2068005706057873,534.9131789580995,0.01,0.1,False,0.2-0.3,<=50k,<=5,2
BLR_125891,1,1.2882828172826642e-05,6.707013430462997,0.01,0.1,False,0.0-0.1,<=50k,<=5,0
BLR_125892,1,0.004073129899550079,165.97459349790032,2426954.255224,541.6204661290323,False,0.0-0.1,>500k,>50,0
BLR_125893,1,7.884825127860784e-05,58.48661762572486,512378.448896956,66.9069,False,0.0-0.1,>500k,>50,0
BLR_125894,5,0.9938272202724355,825.8236267645959,3063532.3830089998,845.6430622580644,True,0.9-1.0,>500k,>50,9
BLR_125895,1,7.526218193608568e-05,70.04905721813604,437326.189824,118.99821580645161,False,0.0-0.1,200k-500k,>50,0
BLR_125896,2,0.0024249721705194758,371.70386199518333,927105.306064,200.5413622580645,False,0.0-0.1,>500k,>50,0
BLR_125897,5,0.20688384866927997,547.0696449318026,115.51,0.101,False,0.2-0.3,<=50k,<=5,2
BLR_125898,3,0.03680411231398303,534.2833504136313,1146479.958523639,302.988120516129,False,0.0-0.1,>500k,>50,0
BLR_125899,3,0.5301321103127171,608.8485945096911,3460924.009519,840.2696573225807,False,0.5-0.6,>500k,>50,5
BLR_125900,3,0.001829354480179034,473.99427593198453,0.01,0.1,False,0.0-0.1,<=50k,<=5,0
BLR_125901,3,0.04068211801584187,568.049550656133,1108053.352526,235.77891,False,0.0-0.1,>500k,>50,0
BLR_125902,5,0.793055327883796,645.4712257190279,944648.800896,224.80148838709678,False,0.7-0.8,>500k,>50,7
BLR_125903,5,0.848337303329378,696.593462497486,1324311.301841639,266.93963029032255,True,0.8-0.9,>500k,>50,8
BLR_125904,1,6.484465739168714e-05,73.93275895807034,462091.68728199997,84.00479,False,0.0-0.1,200k-500k,>50,0
BLR_125905,1,1.2883434729776334e-05,35.93180254703846,115.51,0.101,False,0.0-0.1,<=50k,<=5,0
BLR_125906,2,0.0001536343099915645,262.4871227030822,0.01,0.1,False,0.0-0.1,<=50k,<=5,0
BLR_125907,2,0.001471363234017304,331.1529507362202,705502.736741,142.87,False,0.0-0.1,>500k,>50,0
BLR_125908,1,9.998144707211815e-05,96.42892214718702,587634.120614,111.42741725806452,False,0.0-0.1,>500k,>50,0
BLR_125909,1,0.00023515057070852384,101.12860360161791,1056544.0019116001,169.74135290322582,False,0.0-0.1,>500k,>50,0
BLR_125910,2,0.0005527407653047741,301.5848118622795,283005.22667,43.1713,False,0.0-0.1,200k-500k,20-50,0
BLR_125911,1,1.2882828172826642e-05,50.98798140735244,0.01,0.1,False,0.0-0.1,<=50k,<=5,0
BLR_125912,5,0.2068005706057873,601.221814789403,0.01,0.1,False,0.2-0.3,<=50k,<=5,2
BLR_125913,1,1.2998723555099184e-05,59.81936482675749,6000.01,1.35,False,0.0-0.1,<=50k,<=5,0
BLR_125914,3,0.04107409253096786,583.3775814822452,1161291.029803639,251.34402051612904,False,0.0-0.1,>500k,>50,0
BLR_125915,1,0.00010719752345916966,95.21341562722567,601701.549688,88.7861564516129,False,0.0-0.1,>500k,>50,0
BLR_125916,1,0.002477716804154256,246.4245894638527,2579501.2428780003,587.9871774193548,False,0.0-0.1,>500k,>50,0
BLR_125917,5,0.2068005706057873,601.2568647987366,0.01,0.1,False,0.2-0.3,<=50k,<=5,2
BLR_125918,2,0.00015501622536925254,280.91072954612235,6000.01,1.35,False,0.0-0.1,<=50k,<=5,0
BLR_125919,1,0.005778407245518638,344.21214613027735,2695697.580703395,660.7679943870968,False,0.0-0.1,>500k,>50,0
BLR_125920,2,0.006288747569053399,423.91397034050607,1798640.7728309561,465.10370941935486,False,0.0-0.1,>500k,>50,0
BLR_125921,1,1.288579493984895e-05,101.64524713934063,0.01,0.1,False,0.0-0.1,<=50k,<=5,0
BLR_125922,3,0.0018297749940288303,505.75024034260906,0.01,0.1,False,0.0-0.1,<=50k,<=5,0
BLR_125923,3,0.0018297749940288303,506.0501267368715,0.01,0.1,False,0.0-0.1,<=50k,<=5,0
BLR_125924,5,0.9203288537505612,683.1165658521255,1476524.1716376,310.41546193548385,False,0.9-1.0,>500k,>50,9
BLR_125925,9,0.999810505841752,687.515492380238,0.01,0.1,True,0.9-1.0,<=50k,<=5,9
BLR_125926,5,0.5907579994806853,663.1100691498406,488281.6352950114,87.514874,False,0.5-0.6,200k-500k,>50,5
BLR_125927,9,0.9998104572351452,683.1514179779978,370.788,0.381,False,0.9-1.0,<=50k,<=5,9
BLR_126047,3,0.03885147392633874,515.9907273846127,1256507.437236639,355.61226245161293,False,0.0-0.1,>500k,>50,0
BLR_126048,2,0.001985313527088175,305.3853201733371,869997.059208,237.84692193548386,False,0.0-0.1,>500k,>50,0
BLR_126049,2,0.0077030340663466436,339.1172891007927,1545101.478203,369.7592522580645,False,0.0-0.1,>500k,>50,0
BLR_126050,1,0.11609811306967718,306.2092397483695,4271157.641819556,990.7724215483871,False,0.1-0.2,>500k,>50,1
BLR_126051,1,0.0010030395791740395,154.53923676139812,1826743.387287956,404.1455064516129,False,0.0-0.1,>500k,>50,0
BLR_126052,1,7.431709201565086e-05,36.52605292769392,507474.5168028045,101.236436,False,0.0-0.1,>500k,>50,0
BLR_126053,3,0.05088657430067541,379.07832330530607,1268923.615693956,329.50767580645163,False,0.0-0.1,>500k,>50,0
BLR_126054,3,0.034689928422232216,398.259789531002,1127182.1443885,309.7897664516129,False,0.0-0.1,>500k,>50,0
BLR_126055,3,0.03734684141262817,407.59981178684444,1101064.32682,256.64298451612905,False,0.0-0.1,>500k,>50,0
BLR_126056,2,0.001915852476852158,220.74732412310192,709458.7896922,154.61509,False,0.0-0.1,>500k,>50,0
BLR_126057,5,0.5306702185996252,627.0556217821311,346748.5055,45.41288,False,0.5-0.6,200k-500k,20-50,5
BLR_126058,3,0.28103277658239123,539.7222078851458,2616164.958167239,639.3489647096774,False,0.2-0.3,>500k,>50,2
BLR_126059,1,6.259534469702452e-05,47.8460863202654,389210.25544,86.53564,False,0.0-0.1,200k-500k,>50,0
BLR_126060,2,0.0023091270864159445,248.29292335539958,830120.654862,214.76520161290324,False,0.0-0.1,>500k,>50,0
BLR_126061,3,0.04634435747382591,463.5013827606192,1234847.09656,247.77965967741937,False,0.0-0.1,>500k,>50,0
BLR_126062,5,0.9270520018770365,610.8047241629331,1625302.5775164044,366.40183922580644,False,0.9-1.0,>500k,>50,9
BLR_126063,2,0.0005462148726421075,185.26917259074426,260329.6432108045,50.299906,False,0.0-0.1,200k-500k,>50,0
BLR_126064,1,0.00024358119071626162,117.67131269586906,1099150.7184456,273.28397638709674,False,0.0-0.1,>500k,>50,0
BLR_126065,5,0.7960690744902541,573.4929273433822,946572.8967240554,230.292724,False,0.7-0.8,>500k,>50,7
BLR_126066,1,7.374476151890091e-05,90.7981098049431,443983.14058,102.71620999999999,False,0.0-0.1,200k-500k,>50,0
BLR_126067,3,0.009463814469556952,401.90912629999923,476517.624240556,89.43329483870968,False,0.0-0.1,200k-500k,>50,0
BLR_126068,1,0.00017191819380863913,135.10930224601964,994675.3257778045,239.335664,False,0.0-0.1,>500k,>50,0
BLR_126069,2,0.012507926784657565,287.95758311691026,1807051.543233956,424.38452,False,0.0-0.1,>500k,>50,0
BLR_126070,3,0.04531647778436755,495.2921532345648,1282194.134963956,334.42255161290325,False,0.0-0.1,>500k,>50,0
BLR_126071,5,0.9477565871386354,634.9901177431063,1656978.560050669,316.5380618064516,True,0.9-1.0,>500k,>50,9
BLR_126072,2,0.003455757032672794,258.9962081708728,1178154.1759865999,251.74524,False,0.0-0.1,>500k,>50,0
BLR_126073,3,0.0018293661112154188,401.807991077346,82.43164800000001,0.17,False,0.0-0.1,<=50k,<=5,0
BLR_126074,1,5.217116642254378e-05,85.3973652747859,353953.689801956,68.85679,False,0.0-0.1,200k-500k,>50,0
BLR_126075,5,0.8480030513300496,621.3038494565285,1208889.482533,350.8640990322581,False,0.8-0.9,>500k,>50,8
BLR_126076,5,0.8379996801522417,632.5675502059934,1046266.907633,235.73361,True,0.8-0.9,>500k,>50,8
BLR_126077,1,0.0001785485608168801,147.86697890815276,822624.1052095001,168.1703,False,0.0-0.1,>500k,>50,0
BLR_126078,5,0.5377600534709416,584.6392267795688,361752.5442026,76.31857000000001,False,0.5-0.6,200k-500k,>50,5
BLR_126079,2,0.002009435691408966,287.87141426259274,981680.248708,275.89084451612905,False,0.0-0.1,>500k,>50,0
BLR_126080,2,0.021742864692616097,398.00971474738094,2051152.2035316,582.8400841612903,False,0.0-0.1,>500k,>50,0
BLR_126081,1,0.0001472616925915013,151.12172966965446,743451.1935769999,158.15306,False,0.0-0.1,>500k,>50,0
BLR_126082,2,0.006268910998400692,396.65402283598826,1382703.9761983044,336.8774476129032,False,0.0-0.1,>500k,>50,0
BLR_126083,2,0.002225739653459351,326.8311162764656,866604.58093,151.86317,False,0.0-0.1,>500k,>50,0
BLR_126084,5,0.7450776428383308,626.903182592007,747329.0326838045,172.42052632258066,False,0.7-0.8,>500k,>50,7
BLR_126085,1,7.185033145686614e-05,133.7473528045079,396838.39886,103.86624129032258,False,0.0-0.1,200k-500k,>50,0
BLR_126086,5,0.9035029111639321,676.6689492077566,1531994.5880544435,360.17048051612903,True,0.9-1.0,>500k,>50,9
BLR_126087,5,0.5414271321341952,608.0403487613816,345215.4583696,82.50289000000001,False,0.5-0.6,200k-500k,>50,5
BLR_126088,1,3.4136307649698875e-05,111.53874639374072,118983.06169999999,22.148,False,0.0-0.1,100k-200k,20-50,0
BLR_126089,3,0.0018293661112154188,401.9423735980192,82.43164800000001,0.17,False,0.0-0.1,<=50k,<=5,0
BLR_126090,3,0.11017686498944215,573.029368426203,1554389.196079639,378.73388293548385,False,0.1-0.2,>500k,>50,1
BLR_126091,5,0.7217014801528588,660.7989890964765,747935.0458608045,203.56928761290322,True,0.7-0.8,>500k,>50,7
BLR_126092,3,0.2624075088898584,574.3049926490993,2560482.8083598046,727.1298752258065,False,0.2-0.3,>500k,>50,2
BLR_126093,3,0.026787094667165834,503.15585355309616,943751.757383,225.77263000000002,False,0.0-0.1,>500k,>50,0
BLR_126094,3,0.041657865175746614,535.292220710794,1316651.740686,370.51107548387097,False,0.0-0.1,>500k,>50,0
BLR_126095,5,0.7292573547142659,654.3117289554755,729821.1634470554,161.1150133548387,True,0.7-0.8,>500k,>50,7
BLR_126096,2,0.0012273568946501558,299.15469655643426,620178.69568,132.49379,False,0.0-0.1,>500k,>50,0
BLR_126097,5,0.3464242696148593,624.0888872250364,133077.261158,19.1846,False,0.3-0.4,100k-200k,10-20,3
BLR_126098,5,0.5531527409585214,634.7274566128118,325036.5955,69.21791,True,0.5-0.6,200k-500k,>50,5
BLR_126282,3,0.2063603698894703,538.598803426047,2455090.9883228503,553.013574516129,False,0.2-0.3,>500k,>50,2
BLR_126283,5,0.20699876488050867,578.0756591493246,4375.0,3.43,False,0.2-0.3,<=50k,<=5,2
BLR_126284,1,0.00010940106669762631,159.51179282727665,629004.09473,106.746295,False,0.0-0.1,>500k,>50,0
BLR_126285,3,0.06928218772839322,506.4501087289342,1503218.441285956,363.266395,False,0.0-0.1,>500k,>50,0
BLR_126286,1,0.00017459385893278589,153.61317712943813,950487.30796,235.91665,False,0.0-0.1,>500k,>50,0
BLR_126287,5,0.6121996051568886,667.6917010828512,535349.387144,113.19797,False,0.6-0.7,>500k,>50,6
BLR_126288,2,0.002696281365146286,347.9119784446859,961040.476351,237.08968,False,0.0-0.1,>500k,>50,0
BLR_126289,2,0.0031347388758435854,351.68584176864186,1031126.628239556,172.72267,False,0.0-0.1,>500k,>50,0
BLR_126290,3,0.04846715364534894,550.8841291038175,1331898.7598006,354.0505948387097,False,0.0-0.1,>500k,>50,0
BLR_126292,1,1.2891638618707765e-05,2.0845129823339215,115.5,0.001,False,0.0-0.1,<=50k,<=5,0
BLR_126293,2,0.002897445964083435,213.7342110113497,1068919.478766,243.85050999999999,False,0.0-0.1,>500k,>50,0
BLR_126294,1,0.00010514027294977637,56.22061068470997,648049.253828,147.65728,False,0.0-0.1,>500k,>50,0
BLR_126295,5,0.20699876488050867,639.465290426083,4375.0,3.43,False,0.2-0.3,<=50k,<=5,2
BLR_126296,1,5.6922529883772495e-05,36.82503580515664,356301.292857,65.01769161290322,False,0.0-0.1,200k-500k,>50,0
BLR_126297,5,0.9513430594162768,767.9560758846754,2060127.0496560554,549.383153516129,True,0.9-1.0,>500k,>50,9
BLR_126298,3,0.05493076236119097,564.5474670624371,1392967.186975278,334.70273070967744,False,0.0-0.1,>500k,>50,0
BLR_126299,2,0.0005713689167620707,177.92306186116724,331702.389446956,72.5579,False,0.0-0.1,200k-500k,>50,0
BLR_126300,5,0.6907662770639561,651.8338043588726,631016.83357,75.39394,False,0.6-0.7,>500k,>50,6
BLR_126301,3,0.0018315613016988792,488.4965931195355,4375.0,3.43,False,0.0-0.1,<=50k,<=5,0
BLR_126302,5,0.892835242403106,787.8519331640854,1494308.728831639,389.0526387419355,True,0.8-0.9,>500k,>50,8
BLR_126303,3,0.20950297176300486,549.2826621555527,2501531.294840499,565.093203,False,0.2-0.3,>500k,>50,2
BLR_126304,1,0.03951871577365904,246.18296620419986,3925165.251727195,835.034801483871,False,0.0-0.1,>500k,>50,0
BLR_126306,1,0.00017904124746488545,69.30680989882582,1000545.6280636,227.9202029032258,False,0.0-0.1,>500k,>50,0
BLR_126307,3,0.0018315613016988792,452.7737978705253,4375.0,3.43,False,0.0-0.1,<=50k,<=5,0
BLR_126308,5,0.9468062992620145,786.5662170286647,1786088.7256831,448.9850012903226,True,0.9-1.0,>500k,>50,9
BLR_126309,3,0.10482621985798399,513.2852958748116,1658672.6346668,359.13289258064515,False,0.1-0.2,>500k,>50,1
BLR_126310,2,0.0008443915905696815,193.59136008553762,403758.29787,114.21976032258064,False,0.0-0.1,200k-500k,>50,0
BLR_126311,5,0.8616946344871712,723.9492498805079,1183595.577738639,284.2619180967742,True,0.8-0.9,>500k,>50,8
BLR_126313,2,0.021583574402351285,293.3158855937488,2162140.6517227604,569.5709708387096,False,0.0-0.1,>500k,>50,0
BLR_126314,1,6.636961763746696e-05,72.95758942981821,455963.611436,92.23725451612903,False,0.0-0.1,200k-500k,>50,0
BLR_126315,1,1.2888670506280666e-05,48.00830884727963,115.5,0.001,False,0.0-0.1,<=50k,<=5,0
BLR_126316,2,0.008140545604481629,315.24300319579146,1529275.572183,342.92548516129034,False,0.0-0.1,>500k,>50,0
BLR_126317,3,0.03292189044696926,385.57323954020944,1169905.2737999558,323.12461,False,0.0-0.1,>500k,>50,0
BLR_126318,5,0.8539370131490422,715.3831112495157,1167926.4359,250.52177212903226,True,0.8-0.9,>500k,>50,8
BLR_126319,1,0.0002151319482174579,117.39164768754817,1112005.119106,226.58201,False,0.0-0.1,>500k,>50,0
BLR_126320,3,0.06480768936487223,397.4068119762344,1456779.770285,313.0410535483871,False,0.0-0.1,>500k,>50,0
BLR_126321,1,0.001335874510258175,198.87404811433964,2149881.654192,459.28821322580643,False,0.0-0.1,>500k,>50,0
BLR_126323,1,1.2891638618707765e-05,73.4525416424763,115.5,0.001,False,0.0-0.1,<=50k,<=5,0
BLR_126324,2,0.0332140378600843,347.7058368799753,2245302.763134912,501.4340122580645,False,0.0-0.1,>500k,>50,0
BLR_126325,3,0.06143963688349386,434.3425767653549,1438819.00845,380.7687741935484,False,0.0-0.1,>500k,>50,0
BLR_126326,1,0.00016088979698661076,133.57813398127166,826574.1675782114,169.45852529032257,False,0.0-0.1,>500k,>50,0
BLR_126327,2,0.0035069461899913403,286.3858544725402,1172781.2029068044,220.50908035483872,False,0.0-0.1,>500k,>50,0
BLR_126328,1,0.0002533205668424786,180.01987748076596,1095086.6960780001,270.08992,False,0.0-0.1,>500k,>50,0
BLR_126329,1,0.00010817224839003184,144.74749539702617,648460.98985,107.09511,False,0.0-0.1,>500k,>50,0
BLR_126330,5,0.563618427066908,587.1138431519253,437218.815068,105.40883,False,0.5-0.6,200k-500k,>50,5
BLR_126331,5,0.8276617999380409,617.2661469335598,1100409.2784830001,288.53372,False,0.8-0.9,>500k,>50,8
BLR_126332,3,0.1025930061864782,513.6643206961073,1944115.069657,525.5577112258064,False,0.1-0.2,>500k,>50,1
BLR_126333,3,0.0434102002221618,448.6358813269279,1305924.396389609,342.49387651612903,False,0.0-0.1,>500k,>50,0
BLR_126334,2,0.11070175900371773,406.0865804408628,2981443.796447656,756.2083182258065,False,0.1-0.2,>500k,>50,1
BLR_126335,2,0.0038886824746774103,347.15017681634765,1148007.43285,267.38026,False,0.0-0.1,>500k,>50,0
BLR_126336,5,0.9715169786592103,644.2977795802318,2077685.412247,465.38034967741936,False,0.9-1.0,>500k,>50,9
BLR_126337,5,0.8701427065917777,654.8010670211987,1216216.0256983994,309.38967483870965,False,0.8-0.9,>500k,>50,8
BLR_126338,2,0.0011765337364757036,327.6065382328601,663966.954187,186.22072,False,0.0-0.1,>500k,>50,0
BLR_126339,5,0.9962655912393669,885.4424040121968,3229009.7083593607,711.3223308387097,True,0.9-1.0,>500k,>50,9
BLR_126340,3,0.01586391257639177,409.75540512469576,675477.485492956,111.15081612903226,False,0.0-0.1,>500k,>50,0
BLR_126341,2,0.0049018576587927425,339.1750040184885,1393450.9436380554,333.27860400000003,False,0.0-0.1,>500k,>50,0
BLR_126342,5,0.30567190869620603,586.379662912781,106991.1116,22.32533,False,0.3-0.4,100k-200k,20-50,3
BLR_126343,5,0.5469020316752825,666.269905940675,385090.947507,112.70559709677418,False,0.5-0.6,200k-500k,>50,5
BLR_126357,9,0.9998105917228078,705.625253314845,115.5,0.001,False,0.9-1.0,<=50k,<=5,9
BLR_126358,9,0.9999655889719407,733.2033545003554,551024.11078,76.94874,True,0.9-1.0,>500k,>50,9
BLR_126359,4,0.15198380428274968,567.4456275448433,704675.553191956,168.58127161290324,False,0.1-0.2,>500k,>50,1
BLR_126360,4,0.633429354802606,631.5861373979616,2057362.6956,460.93623677419356,False,0.6-0.7,>500k,>50,6
BLR_126790,2,0.04163942024666484,479.27685912680084,2639338.818637,704.26459,False,0.0-0.1,>500k,>50,0
BLR_126791,5,0.957799539822354,908.432459587324,1876591.627731639,484.689444,True,0.9-1.0,>500k,>50,9
BLR_126792,2,0.005857787652053462,474.03286044119653,1698549.4607887606,424.3493334193548,False,0.0-0.1,>500k,>50,0
BLR_126793,1,0.0003661892247965836,187.12824629578216,1436726.13207,347.23625161290323,False,0.0-0.1,>500k,>50,0
BLR_126794,5,0.20689734995575418,787.8125959707722,409.22366925,0.2,False,0.2-0.3,<=50k,<=5,2
BLR_126795,2,0.00015363203743885674,185.92501468451377,388.908288,0.37,False,0.0-0.1,<=50k,<=5,0
BLR_126796,3,0.0800124333858117,642.7004442355609,1695891.1193019561,471.7631864516129,False,0.0-0.1,>500k,>50,0
BLR_126797,1,9.043691035925272e-05,187.5526772214377,624693.674734,159.15648,False,0.0-0.1,>500k,>50,0
BLR_126798,1,0.0002937774058265684,142.43079169997517,1348557.437988,350.9133,False,0.0-0.1,>500k,>50,0
BLR_126799,2,0.0031900165063259833,273.40493747964473,1255845.096207,347.89204193548386,False,0.0-0.1,>500k,>50,0
BLR_126800,1,0.0014713259563117755,128.97809385247064,2235538.568684,524.5830645161291,False,0.0-0.1,>500k,>50,0
BLR_126801,1,1.2918110006588912e-05,25.89281750785888,5933.836,4.05,False,0.0-0.1,<=50k,<=5,0
BLR_126802,2,0.011804490199167673,325.7238661908752,1817504.5957850001,389.73720000000003,False,0.0-0.1,>500k,>50,0
BLR_126803,1,0.000203619016935614,88.50053260794193,1060236.4668596,238.61178999999998,False,0.0-0.1,>500k,>50,0
BLR_126804,1,0.0004952916102069835,175.98821843907055,1474178.699966,330.7399716129032,False,0.0-0.1,>500k,>50,0
BLR_126805,3,0.09574260887950005,638.9085076357037,1726336.636301639,425.27259374193545,False,0.0-0.1,>500k,>50,0
BLR_126806,5,0.8893866247243399,888.558661195265,1494195.350302,368.5557027096774,True,0.8-0.9,>500k,>50,8
BLR_126808,1,0.0005347104114603264,229.18599713100457,1658772.14787,411.16412,False,0.0-0.1,>500k,>50,0
BLR_126809,5,0.8647743932571339,851.7002932633876,1397949.0626582,380.4023598387097,False,0.8-0.9,>500k,>50,8
BLR_126810,1,0.00018400535640816063,186.65443309327378,1063181.855728,247.27112,False,0.0-0.1,>500k,>50,0
BLR_126812,3,0.045588658382345826,658.6074294522052,1394004.826181,359.0965175483871,False,0.0-0.1,>500k,>50,0
BLR_126814,3,0.0664564669436208,712.0427431061089,1583843.511936956,411.2864819354839,False,0.0-0.1,>500k,>50,0
BLR_126815,5,0.9491003797249394,929.795963242812,1952437.110420639,460.32238012903224,True,0.9-1.0,>500k,>50,9
BLR_126818,3,0.2284048403719544,783.4751063868406,2234661.498525,583.6040232258065,False,0.2-0.3,>500k,>50,2
BLR_126819,5,0.7909675266927239,898.839869683858,896181.022721,240.70060077419356,True,0.7-0.8,>500k,>50,7
BLR_126820,2,0.004505214183998398,309.39958300380374,1245517.046555956,288.1830148387097,False,0.0-0.1,>500k,>50,0
BLR_126821,2,0.007245170336616755,375.4906247036596,1780839.489392,486.7270409677419,False,0.0-0.1,>500k,>50,0
BLR_126822,3,0.036827225757431914,675.5188733917514,1260072.431943,334.98974129032257,False,0.0-0.1,>500k,>50,0
BLR_126823,3,0.02669757624142603,714.6557449756086,1051756.74501,269.25228000000004,False,0.0-0.1,>500k,>50,0
BLR_126824,1,0.00010143244867126564,152.26788957514958,723727.7097100001,174.5703806451613,False,0.0-0.1,>500k,>50,0
BLR_126825,3,0.001832888395044314,420.609399764099,1558.836,0.62,False,0.0-0.1,<=50k,<=5,0
BLR_126826,2,0.012979896111974006,412.4272235613201,1719644.738035,435.5078,False,0.0-0.1,>500k,>50,0
BLR_126827,5,0.9528467226347006,987.7864094977753,1843577.397486,433.71347000000003,True,0.9-1.0,>500k,>50,9
BLR_126828,2,0.0033211680762957538,440.29753639625955,1347198.408766,352.5013,False,0.0-0.1,>500k,>50,0
BLR_126829,5,0.8723816846585627,887.7007203273796,1443796.158837041,377.98745935483873,True,0.8-0.9,>500k,>50,8
BLR_126830,2,0.005185605920269388,419.52833986843973,1473233.995564,362.51448,False,0.0-0.1,>500k,>50,0
BLR_126831,2,0.029795859720730837,526.7252409278474,2549408.080488,659.1838170967742,False,0.0-0.1,>500k,>50,0
BLR_126832,2,0.0013409579333879711,466.67607783824457,825374.72035,204.53349,False,0.0-0.1,>500k,>50,0
BLR_126833,2,0.0030455866600054243,438.14435471950634,1081364.209502,295.24945096774195,False,0.0-0.1,>500k,>50,0
BLR_126834,3,0.017775255025794204,520.1923559812675,915176.017554,258.385276,False,0.0-0.1,>500k,>50,0
BLR_126835,5,0.7801486610321082,792.4291794269806,1028638.0514969999,250.54836,False,0.7-0.8,>500k,>50,7
BLR_126836,2,0.012193446029929366,493.53754534569765,1746342.4357856,418.7840621935484,False,0.0-0.1,>500k,>50,0
BLR_126837,5,0.20679814383961942,703.3526564370798,388.908288,0.37,False,0.2-0.3,<=50k,<=5,2
BLR_126838,3,0.03421144653739997,544.6965199942712,1179120.8325140001,295.81884967741934,False,0.0-0.1,>500k,>50,0
BLR_126840,1,0.00046476431400404775,238.43235835121007,1493346.645826,351.63589,False,0.0-0.1,>500k,>50,0
BLR_126841,5,0.6316083590020305,751.3102627250289,669866.5640358045,179.283786,False,0.6-0.7,>500k,>50,6
BLR_126842,5,0.20729307415170067,668.4688130015154,3789.7277945,1.96,False,0.2-0.3,<=50k,<=5,2
BLR_126843,1,0.00013770108512278857,185.20071786353785,780588.159922,182.24765,False,0.0-0.1,>500k,>50,0
BLR_126844,3,0.034512459111881534,569.6787685814686,1178547.417846,333.421148,False,0.0-0.1,>500k,>50,0
BLR_126846,1,0.006260943043418172,317.84492741128753,3005936.524325839,744.146575032258,False,0.0-0.1,>500k,>50,0
BLR_126847,5,0.9562231202279171,817.6553661932345,2096642.8192460001,504.8345741935484,False,0.9-1.0,>500k,>50,9
BLR_126848,5,0.9194096372764182,816.0211250366749,1749702.3057626,426.30333903225807,False,0.9-1.0,>500k,>50,9
BLR_126849,3,0.1596776957124908,610.571454454749,2264277.269565,540.5223174193549,False,0.1-0.2,>500k,>50,1
BLR_126850,5,0.7009611660101388,830.5646474637374,728967.3225370001,156.13687000000002,False,0.7-0.8,>500k,>50,7
BLR_126851,3,0.10846969788195725,612.530558497677,1990457.280643,569.5303035483871,False,0.1-0.2,>500k,>50,1
BLR_126852,5,0.5722998706072178,786.6058094315157,574628.579409,131.9811,False,0.5-0.6,>500k,>50,5
BLR_126853,5,0.6512942442707801,831.3594962809512,569243.648274,141.31257548387097,False,0.6-0.7,>500k,>50,6
BLR_126855,9,0.9999349312405075,879.5574764101908,303383.341,53.479569999999995,False,0.9-1.0,200k-500k,>50,9
BLR_126856,4,0.29560045157058623,734.0168178789008,1355334.916209,424.8149422580645,False,0.2-0.3,>500k,>50,2
BLR_126857,4,0.2567336829663222,713.023541939907,1174364.501905,281.7242,False,0.2-0.3,>500k,>50,2
BLR_127222,9,0.9999842910498997,776.6536487823759,1066997.310144,216.955315,True,0.9-1.0,>500k,>50,9
BLR_127230,5,0.37545278125189524,668.5386694019267,167044.046368,29.76045,False,0.3-0.4,100k-200k,20-50,3
BLR_127231,5,0.6625007539680616,723.7906388965072,590278.3865799999,137.2739,False,0.6-0.7,>500k,>50,6
BLR_127232,3,0.08109453359627858,605.5523893622483,1757205.314608,495.9411403225806,False,0.0-0.1,>500k,>50,0
BLR_127234,5,0.20717921409325532,674.8442766947752,2063.273568129,0.8200000000000001,False,0.2-0.3,<=50k,<=5,2
BLR_127236,1,1.289524267450334e-05,125.5499188606937,913.661237379,0.4,False,0.0-0.1,<=50k,<=5,0
BLR_127237,1,1.2882637583710235e-05,1.2841867153543438,388.908288,0.37,False,0.0-0.1,<=50k,<=5,0
BLR_127238,3,0.06755062077051951,564.7087685869202,1571474.025125,387.20496129032256,False,0.0-0.1,>500k,>50,0
BLR_127239,3,0.11970384375775242,634.134375208499,1891204.0441399561,442.65623612903227,False,0.1-0.2,>500k,>50,1
BLR_127240,2,0.004717824289625783,381.72892358113575,1392702.1198316,300.40839612903227,False,0.0-0.1,>500k,>50,0
BLR_127241,1,0.00011505384844573927,173.9928582035478,716801.7373415554,162.970954,False,0.0-0.1,>500k,>50,0
BLR_127242,3,0.05328238324202171,611.2526391244317,1574531.845009,435.6597053548387,False,0.0-0.1,>500k,>50,0
BLR_127243,5,0.9018352403392591,713.4483169130343,1548398.7577500553,374.0189642580645,False,0.9-1.0,>500k,>50,9
BLR_127245,5,0.8575052806623329,752.0889942466173,1199930.6266311714,265.7928586129032,True,0.8-0.9,>500k,>50,8
BLR_127246,3,0.07378384619179748,582.7154718878087,1541662.033471,368.71564032258067,False,0.0-0.1,>500k,>50,0
BLR_127247,5,0.9528074867498545,817.5107966483748,1775353.869662,442.64554,True,0.9-1.0,>500k,>50,9
BLR_127249,2,0.09764844825994647,421.3329272657859,2884065.45654,711.0600285483871,False,0.0-0.1,>500k,>50,0
BLR_127250,5,0.6512604062691127,727.6224163324418,576066.778536,101.50519,False,0.6-0.7,>500k,>50,6
BLR_127251,3,0.016931921488917357,533.7034312795255,725712.385211,127.81748999999999,False,0.0-0.1,>500k,>50,0
BLR_127252,3,0.070960528484243,538.8928999256823,1680769.478087,428.33944693548386,False,0.0-0.1,>500k,>50,0
BLR_127253,2,0.00015370397299272213,147.27129224074852,115.5,0.001,False,0.0-0.1,<=50k,<=5,0
BLR_127254,1,0.01364589336309004,309.19277546573215,3361190.1967785405,795.2752508064516,False,0.0-0.1,>500k,>50,0
BLR_127255,1,0.00021023876788884752,63.89987466109655,1056361.8463388043,222.6645274516129,False,0.0-0.1,>500k,>50,0
BLR_127257,2,0.019612963189814425,325.13992901106207,2198524.23857,538.6662082258065,False,0.0-0.1,>500k,>50,0
BLR_127258,2,0.03685833037548068,365.6137236518111,2444865.7665394894,534.3130006774194,False,0.0-0.1,>500k,>50,0
BLR_127259,2,0.020231805527334973,348.1171884251506,2027238.282231,462.01564322580646,False,0.0-0.1,>500k,>50,0
BLR_127260,1,0.0001608017146826288,66.37159640006837,915178.5725529561,171.81344322580645,False,0.0-0.1,>500k,>50,0
BLR_127261,1,0.0029020372386004078,249.60363116364678,2632321.6175626,653.9739500000001,False,0.0-0.1,>500k,>50,0
BLR_127262,5,0.8723653826384841,763.0999826026145,1223241.477859,255.87227161290323,True,0.8-0.9,>500k,>50,8
BLR_127263,1,9.66324990213689e-05,73.79831852377161,622614.488229,122.39811,False,0.0-0.1,>500k,>50,0
BLR_127264,5,0.6578077097203032,705.3291017964892,650700.2525279999,152.23812580645162,False,0.6-0.7,>500k,>50,6
BLR_127265,1,0.0001023122772356591,93.34991788742724,602801.895599,129.94365,False,0.0-0.1,>500k,>50,0
BLR_127266,2,0.0017995190034607027,300.58766466020217,833451.757671,181.70321935483872,False,0.0-0.1,>500k,>50,0
BLR_127267,5,0.2069586121496159,572.1933162012831,913.661237379,0.4,False,0.2-0.3,<=50k,<=5,2
BLR_127268,3,0.03005089249272874,458.0046593718935,1104458.685074,310.77603,False,0.0-0.1,>500k,>50,0
BLR_127269,2,0.004032433091493624,333.7495880609729,1273157.266947,289.1919027419355,False,0.0-0.1,>500k,>50,0
BLR_127270,5,0.8267797177335136,682.8820535832689,1100286.844430956,209.22471000000002,False,0.8-0.9,>500k,>50,8
BLR_127271,3,0.3095582978955381,509.3282872311776,2730496.445595956,701.1531390322581,False,0.3-0.4,>500k,>50,3
BLR_127272,2,0.0006179743312794022,292.9762514774315,376579.937448,98.145205,False,0.0-0.1,200k-500k,>50,0
BLR_127273,5,0.8701810588875706,630.5387339276032,1259208.268214,285.8895429032258,False,0.8-0.9,>500k,>50,8
BLR_127274,2,0.004777683846288279,376.23005756439113,1223009.1473816,172.894585,False,0.0-0.1,>500k,>50,0
BLR_127275,2,0.0034178618725173404,332.6693797892459,1270194.528546,314.34806741935483,False,0.0-0.1,>500k,>50,0
BLR_127276,3,0.046020677589556386,479.37189244962053,1377818.003592,370.9431712903226,False,0.0-0.1,>500k,>50,0
BLR_127277,5,0.9815734997171885,743.4792919444795,2448987.969746,559.6999348387097,False,0.9-1.0,>500k,>50,9
BLR_127278,2,0.004114411395300076,383.10227557105173,1286018.035007,297.5981148387097,False,0.0-0.1,>500k,>50,0
BLR_127279,1,0.00031478815937964076,178.44372909553087,1189428.025202,282.53303999999997,False,0.0-0.1,>500k,>50,0
BLR_127280,2,0.003415455919843424,379.2651016468245,1097999.3261650046,222.79770293548387,False,0.0-0.1,>500k,>50,0
BLR_127281,5,0.20687495367966868,615.6080322034716,115.5,0.001,False,0.2-0.3,<=50k,<=5,2
BLR_127282,1,0.001244696417395719,221.93038319181875,2172388.7421456,509.87773867741936,False,0.0-0.1,>500k,>50,0
BLR_127283,3,0.12216734614384173,564.8221219162205,1848668.4629750554,478.86961561290326,False,0.1-0.2,>500k,>50,1
BLR_127284,5,0.8857887097675322,764.0908789443076,1540646.30846,362.14482541935485,True,0.8-0.9,>500k,>50,8
BLR_127285,1,0.00013637366647441975,129.54366380222334,800935.050371,136.3428,False,0.0-0.1,>500k,>50,0
BLR_127286,5,0.9330719342200158,754.2609846587566,1861772.573644,441.5771490322581,True,0.9-1.0,>500k,>50,9
BLR_127288,1,6.412063169978297e-05,132.13304579782837,418361.486568,99.71302,False,0.0-0.1,200k-500k,>50,0
BLR_127289,3,0.0018307786274006025,419.8463076801928,504.437568129,0.2,False,0.0-0.1,<=50k,<=5,0
BLR_127290,1,0.00023609128824666624,200.17402224295023,1123856.088428,215.8241,False,0.0-0.1,>500k,>50,0
BLR_127291,3,0.06078679926427104,483.2464250551736,1463542.198688,371.58240322580644,False,0.0-0.1,>500k,>50,0
BLR_127292,5,0.5906915026456085,704.6086588724767,456219.32015600003,85.97312,False,0.5-0.6,200k-500k,>50,5
BLR_127293,4,0.0760911544678074,571.6172930807018,283320.29544,82.44692064516128,False,0.0-0.1,200k-500k,>50,0
BLR_127294,4,0.32885065384038975,656.8782054284075,1210498.818915,294.41264193548386,False,0.3-0.4,>500k,>50,3
BLR_127473,5,0.876014562348619,697.5621217903779,1239762.624213609,308.904151032258,False,0.8-0.9,>500k,>50,8
BLR_127474,2,0.021242921862423724,363.1629429011204,2198189.5794846,545.0594664516129,False,0.0-0.1,>500k,>50,0
BLR_127475,3,0.01423649163508003,480.70704168278644,537371.152976,184.77760870967742,False,0.0-0.1,>500k,>50,0
BLR_127476,2,0.01145820066766292,361.65893213489255,1966126.3656656,513.295875,False,0.0-0.1,>500k,>50,0
BLR_127477,2,0.00396608467116555,277.3939172189179,1390782.2214552,381.66289,False,0.0-0.1,>500k,>50,0
BLR_127478,5,0.7313796281632193,599.0122430530045,828273.189563556,181.04215,False,0.7-0.8,>500k,>50,7
BLR_127479,1,0.000397977562792419,203.88291979943514,1441867.164444,348.90791,False,0.0-0.1,>500k,>50,0
BLR_127480,5,0.8352581681273625,621.3943334826544,1128733.269937,314.73166000000003,False,0.8-0.9,>500k,>50,8
BLR_127482,3,0.07551513195388514,524.5364046139463,1546516.7903831108,374.7791886451613,False,0.0-0.1,>500k,>50,0
BLR_127483,3,0.05063437251300745,574.693626782757,1285374.129201,351.1078483870968,False,0.0-0.1,>500k,>50,0
BLR_127484,3,0.02291397610513033,576.7466180880675,851129.662196,156.09309,False,0.0-0.1,>500k,>50,0
BLR_127485,2,0.0007066851016933332,196.55825104079673,421630.688841,101.74875,False,0.0-0.1,200k-500k,>50,0
BLR_127486,5,0.5842504593315149,612.1468333379511,436280.66642200004,109.72794999999999,False,0.5-0.6,200k-500k,>50,5
BLR_127487,5,0.5031243830783111,598.5108198406768,361191.819519,83.31715,False,0.5-0.6,200k-500k,>50,5
BLR_127488,1,0.0001226134041388704,140.48711594861217,800351.267779,234.82224,False,0.0-0.1,>500k,>50,0
BLR_127489,2,0.09507249094329662,344.86334019071376,2675238.6177290846,676.206799032258,False,0.0-0.1,>500k,>50,0
BLR_127490,5,0.9199349296311345,725.9148164528616,1512609.4069436,440.3522170967742,True,0.9-1.0,>500k,>50,9
BLR_127491,5,0.6256635820558296,654.6187103882296,523756.895324,134.6572,False,0.6-0.7,>500k,>50,6
BLR_127492,3,0.0018304319466399305,484.69366537837686,409.22366925,0.2,False,0.0-0.1,<=50k,<=5,0
BLR_127493,5,0.20721428555510926,603.9096088516318,1227.6710077499995,0.6000000000000001,False,0.2-0.3,<=50k,<=5,2
BLR_127494,2,0.005287869275284146,317.3205277607855,1445837.866325,353.566612,False,0.0-0.1,>500k,>50,0
BLR_127495,2,0.0009597562503570654,250.12578428422924,415593.033876,82.20191,False,0.0-0.1,200k-500k,>50,0
BLR_127496,3,0.04934877801462565,575.198393748945,1137134.663262956,302.81131,False,0.0-0.1,>500k,>50,0
BLR_127497,1,8.233837863858259e-05,40.85617509192252,550670.0384998044,132.993696,False,0.0-0.1,>500k,>50,0
BLR_127498,5,0.8860524560629244,736.6271392013714,1423205.077356,366.04256,True,0.8-0.9,>500k,>50,8
BLR_127499,2,0.002509802337926478,300.5371213547675,1066912.5482576,333.6506316129032,False,0.0-0.1,>500k,>50,0
BLR_127500,1,0.00043995861362926443,145.6720266372034,1560843.858912,396.27728903225807,False,0.0-0.1,>500k,>50,0
BLR_127501,5,0.8375365100517345,690.2179909520426,1161078.540524,291.24801,False,0.8-0.9,>500k,>50,8
BLR_127502,3,0.10211936744813555,634.8791192651867,1765316.184388,477.46071419354837,False,0.1-0.2,>500k,>50,1
BLR_127503,1,0.007463075427795306,262.9236855437858,3010290.1939336,832.2048524193549,False,0.0-0.1,>500k,>50,0
BLR_127504,1,6.559678389375212e-05,70.83132421753763,350111.880908,92.78034064516129,False,0.0-0.1,200k-500k,>50,0
BLR_127505,5,0.8453453503415185,709.6688102231608,1253749.0621596,330.6135655483871,True,0.8-0.9,>500k,>50,8
BLR_127506,5,0.8602604664995566,749.1774502364402,1201935.9563336,324.754695,True,0.8-0.9,>500k,>50,8
BLR_127507,2,0.002506946712440429,329.70494054304055,945808.530623,230.64179000000001,False,0.0-0.1,>500k,>50,0
BLR_127508,1,0.0001275620351543285,91.92747935961303,764659.4173136,174.06792,False,0.0-0.1,>500k,>50,0
BLR_127509,2,0.0068682202889385376,402.90800601787765,1675458.5517924046,410.5584630967742,False,0.0-0.1,>500k,>50,0
BLR_127510,1,9.015510659040306e-05,102.18248671099494,583119.464231,158.82376806451612,False,0.0-0.1,>500k,>50,0
BLR_127511,3,0.041309522805606035,515.0394850781846,1307217.4758289559,303.78820193548387,False,0.0-0.1,>500k,>50,0
BLR_127515,3,0.033943045973057626,401.8390013704651,1149889.397142,350.3953416129032,False,0.0-0.1,>500k,>50,0
BLR_127516,5,0.8468095993882087,728.1010735663186,1111780.350337,268.74102161290324,True,0.8-0.9,>500k,>50,8
BLR_127518,5,0.6147409001300418,709.4985636697171,576084.553339,131.24074,True,0.6-0.7,>500k,>50,6
BLR_127520,3,0.2643980266441234,467.5541732822664,2651541.459900956,708.6615180645161,False,0.2-0.3,>500k,>50,2
BLR_127521,3,0.05436476908507912,509.4868197655794,1388698.9581834977,346.941005,False,0.0-0.1,>500k,>50,0
BLR_127522,5,0.20689734995575418,667.0464202883666,409.22366925,0.2,False,0.2-0.3,<=50k,<=5,2
BLR_127524,1,0.0001192551311661185,148.0970275632047,724280.8480311,183.0537,False,0.0-0.1,>500k,>50,0
BLR_127525,1,0.00015492219440579468,143.39536184108144,780819.660375956,133.43919161290322,False,0.0-0.1,>500k,>50,0
BLR_127526,3,0.05979754349987521,466.7673885181415,1466172.091966,391.64932903225804,False,0.0-0.1,>500k,>50,0
BLR_127528,2,0.010691319577111417,417.48140311012764,1926709.3703831108,485.7995036451613,False,0.0-0.1,>500k,>50,0
BLR_127529,3,0.045840853516280436,470.96921696979905,1492795.903115111,473.2503531612903,False,0.0-0.1,>500k,>50,0
BLR_127530,1,6.971108516203534e-05,115.93910684114465,424832.38434,152.0099,False,0.0-0.1,200k-500k,>50,0
BLR_127531,5,0.8344945059875817,708.1025074583902,1199131.388416,361.6858912903226,False,0.8-0.9,>500k,>50,8
BLR_127532,1,0.0015216821300013655,293.329382858241,1987691.2726710667,443.014176,False,0.0-0.1,>500k,>50,0
BLR_127533,2,0.03760579494225697,432.46568923331074,2350865.3070583497,469.63382851612903,False,0.0-0.1,>500k,>50,0
BLR_127534,4,0.09786857427459578,547.8798791909264,404453.3601,107.90350000000001,False,0.0-0.1,200k-500k,>50,0
BLR_127537,4,0.3063662244924785,577.8460144717287,1242409.588365,318.5236861290322,False,0.3-0.4,>500k,>50,3
BLR_127735,5,0.4280069444279355,840.5261101770571,250079.919643,25.05327,True,0.4-0.5,200k-500k,20-50,4
BLR_127736,5,0.6361309805654995,686.7704941198364,621916.250565,140.00200935483872,False,0.6-0.7,>500k,>50,6
BLR_127737,1,0.00013328112212685037,181.28333698123436,790646.9399410001,165.08102,False,0.0-0.1,>500k,>50,0
BLR_127738,2,0.00015368923364499009,369.6854106172739,100.188,0.03,False,0.0-0.1,<=50k,<=5,0
BLR_127739,1,1.2887434381117429e-05,0.5370498081161881,100.188,0.03,False,0.0-0.1,<=50k,<=5,0
BLR_127740,1,0.016239821482502276,341.845781680681,3317579.1715506,676.5929148387097,False,0.0-0.1,>500k,>50,0
BLR_127741,1,1.2887434381117429e-05,0.4210270915827447,100.188,0.03,False,0.0-0.1,<=50k,<=5,0
BLR_127742,5,0.566570998153561,674.8744576704825,367453.48734,63.22155,False,0.5-0.6,200k-500k,>50,5
BLR_127743,3,0.001830007370655099,375.0742842434252,100.188,0.03,False,0.0-0.1,<=50k,<=5,0
BLR_127744,1,1.2890402208882806e-05,0.7613679551698311,100.188,0.03,False,0.0-0.1,<=50k,<=5,0
BLR_127745,3,0.001830007370655099,375.7306029735741,100.188,0.03,False,0.0-0.1,<=50k,<=5,0
BLR_127746,1,0.00021070066280467025,57.42970818680708,1038578.352256,203.705985,False,0.0-0.1,>500k,>50,0
BLR_127747,5,0.8751298822071811,747.5518845582526,1449648.180507,371.25396,False,0.8-0.9,>500k,>50,8
BLR_127748,2,0.004359324761290555,434.30438413167644,1455765.813819956,387.0862006451613,False,0.0-0.1,>500k,>50,0
BLR_127749,2,0.0083518162204868,402.1071600083196,1652488.270023756,327.93385,False,0.0-0.1,>500k,>50,0
BLR_127750,3,0.012082275810261035,629.182604138956,531698.9970999999,93.72914161290323,False,0.0-0.1,>500k,>50,0
BLR_127751,5,0.206859216818312,670.4733517977166,100.188,0.03,False,0.2-0.3,<=50k,<=5,2
BLR_127752,1,0.03945833405913102,215.81421466285556,3811543.411256156,912.0514951612903,False,0.0-0.1,>500k,>50,0
BLR_127753,5,0.97217806940011,785.8016160136339,2238658.570285,495.79310161290323,False,0.9-1.0,>500k,>50,9
BLR_127754,3,0.001830007370655099,383.88446741823196,100.188,0.03,False,0.0-0.1,<=50k,<=5,0
BLR_127755,1,1.2888041154936553e-05,24.642193209618675,215.688,0.031,False,0.0-0.1,<=50k,<=5,0
BLR_127756,1,0.00013668288218186798,99.24413443221162,902320.506501,202.35214,False,0.0-0.1,>500k,>50,0
BLR_127757,5,0.8909895459834103,752.6751509094469,1376924.0103750848,265.0745470967742,False,0.8-0.9,>500k,>50,8
BLR_127758,1,1.2887434381117429e-05,45.11246078388254,100.188,0.03,False,0.0-0.1,<=50k,<=5,0
BLR_127759,5,0.9941548915674753,915.7630299478338,2817291.070473,691.8274012903225,True,0.9-1.0,>500k,>50,9
BLR_127760,2,0.4755090897176705,455.22958892665105,4319306.38065836,921.3754030967742,False,0.4-0.5,>500k,>50,4
BLR_127761,1,0.0002605519755859624,103.35212006835148,1134224.065576,242.96192935483873,False,0.0-0.1,>500k,>50,0
BLR_127762,3,0.21367689331908454,507.27127030434775,1935146.948979,476.3594551612903,False,0.2-0.3,>500k,>50,2
BLR_127763,3,0.0018310136310505415,400.60749786401504,1327.8590077499998,0.63,False,0.0-0.1,<=50k,<=5,0
BLR_127764,2,0.0024388892455563405,277.61769431477506,992374.297461556,180.22932,False,0.0-0.1,>500k,>50,0
BLR_127765,3,0.001830007370655099,400.394712880401,100.188,0.03,False,0.0-0.1,<=50k,<=5,0
BLR_127766,5,0.206859216818312,732.8337837258075,100.188,0.03,False,0.2-0.3,<=50k,<=5,2
BLR_127767,5,0.206859216818312,732.4140874019745,100.188,0.03,False,0.2-0.3,<=50k,<=5,2
BLR_127768,3,0.035311392738907155,466.4679354397109,1182427.397356,275.189795,False,0.0-0.1,>500k,>50,0
BLR_127769,2,0.006090256965977265,351.4252954356389,1591707.310665,423.0276122580645,False,0.0-0.1,>500k,>50,0
BLR_127770,3,0.001830007370655099,414.5500503937577,100.188,0.03,False,0.0-0.1,<=50k,<=5,0
BLR_127771,2,0.00015368923364499009,258.5393114159317,100.188,0.03,False,0.0-0.1,<=50k,<=5,0
BLR_127772,2,0.0021404863987731326,307.9741932025974,1032562.725975,250.73190032258066,False,0.0-0.1,>500k,>50,0
BLR_127773,3,0.0018304280343096632,415.1786454629109,100.188,0.03,False,0.0-0.1,<=50k,<=5,0
BLR_127774,2,0.0066478283835480455,366.1136761031324,1604473.503723,376.1220929032258,False,0.0-0.1,>500k,>50,0
BLR_127775,1,7.588763897862728e-05,96.2342357002224,467166.943830956,62.18755,False,0.0-0.1,200k-500k,>50,0
BLR_127776,1,1.2887434381117429e-05,72.59829473845049,100.188,0.03,False,0.0-0.1,<=50k,<=5,0
BLR_127777,5,0.5640444402355095,757.5773691329242,398597.00224,84.9539,False,0.5-0.6,200k-500k,>50,5
BLR_127778,3,0.7972398164051967,686.125828753018,3751759.0874584047,948.566333483871,False,0.7-0.8,>500k,>50,7
BLR_127780,1,7.969587570268746e-05,107.72230594173152,538369.449875956,92.76475,False,0.0-0.1,>500k,>50,0
BLR_127781,5,0.8212820708366465,807.7539657142692,1104677.4410585559,232.83731496774195,True,0.8-0.9,>500k,>50,8
BLR_127782,1,1.2887434381117429e-05,81.81965539840567,100.188,0.03,False,0.0-0.1,<=50k,<=5,0
BLR_127783,5,0.206859216818312,755.5275435689288,100.188,0.03,False,0.2-0.3,<=50k,<=5,2
BLR_127784,2,0.002043772768943213,344.17954271540214,963692.857733,240.5123964516129,False,0.0-0.1,>500k,>50,0
BLR_127785,1,9.185182477761263e-05,126.14348308683414,491962.913036,97.41869,False,0.0-0.1,200k-500k,>50,0
BLR_127786,5,0.206859216818312,754.900591828713,100.188,0.03,False,0.2-0.3,<=50k,<=5,2
BLR_127787,3,0.001830007370655099,441.00247043961366,100.188,0.03,False,0.0-0.1,<=50k,<=5,0
BLR_127788,2,0.00015368923364499009,304.73916843739534,100.188,0.03,False,0.0-0.1,<=50k,<=5,0
BLR_127789,3,0.05872849741457648,524.4285669637634,1462706.814635,312.52379451612904,False,0.0-0.1,>500k,>50,0
BLR_127790,3,0.16250182736503008,627.6744407860066,2121611.208707639,536.4190534193549,False,0.1-0.2,>500k,>50,1
BLR_127791,1,9.100860349698595e-05,121.44242945068969,573008.8991469999,89.49358661290323,False,0.0-0.1,>500k,>50,0
BLR_127792,5,0.206859216818312,755.0150711696117,100.188,0.03,False,0.2-0.3,<=50k,<=5,2
BLR_127793,1,0.00022972451733437526,156.904642422361,1105936.3414976,213.510775,False,0.0-0.1,>500k,>50,0
BLR_127794,5,0.6605275268421013,789.6145288844651,666035.210805,95.58051,False,0.6-0.7,>500k,>50,6
BLR_127795,3,0.001830007370655099,484.77253459320855,100.188,0.03,False,0.0-0.1,<=50k,<=5,0
BLR_127796,3,0.052261481770156396,613.0735706675862,1393392.1983382339,336.59005141935484,False,0.0-0.1,>500k,>50,0
BLR_127797,5,0.9986559369205075,1076.8358758954766,4012170.5933503043,928.227614,True,0.9-1.0,>500k,>50,9
BLR_127798,2,0.002029018246897004,359.3032827683917,925356.994361,207.1762637419355,False,0.0-0.1,>500k,>50,0
BLR_127799,5,0.20686694161205016,788.4332332425379,215.688,0.031,False,0.2-0.3,<=50k,<=5,2
BLR_127800,3,0.12469801415221099,651.4538486520631,2039427.279062,485.58517,False,0.1-0.2,>500k,>50,1
BLR_127801,2,0.026273368716645443,472.11780975203123,2267776.102051085,519.3346548387096,False,0.0-0.1,>500k,>50,0
BLR_127802,2,0.00015368923364499009,336.1965582414984,100.188,0.03,False,0.0-0.1,<=50k,<=5,0
BLR_127803,1,0.006809459540653581,362.3495458913401,2864136.921560956,691.8028823225807,False,0.0-0.1,>500k,>50,0
BLR_127804,2,0.0008083479310546037,362.63245264492133,448804.564684,59.541850000000004,False,0.0-0.1,200k-500k,>50,0
BLR_127805,3,0.001830007370655099,527.9384616501643,100.188,0.03,False,0.0-0.1,<=50k,<=5,0
BLR_127806,1,1.2890402208882806e-05,137.63032930861698,100.188,0.03,False,0.0-0.1,<=50k,<=5,0
BLR_127807,2,0.00015368923364499009,344.8474322386181,100.188,0.03,False,0.0-0.1,<=50k,<=5,0
BLR_127808,3,0.001830007370655099,528.5356519375666,100.188,0.03,False,0.0-0.1,<=50k,<=5,0
BLR_127810,1,1.2887434381117429e-05,137.35684020189655,100.188,0.03,False,0.0-0.1,<=50k,<=5,0
BLR_127811,5,0.7470043655809466,837.8541748466943,903677.863273,253.36454483870966,True,0.7-0.8,>500k,>50,7
BLR_127812,3,0.07494285417370844,634.3357144156398,1618432.4023597848,357.49217161290323,False,0.0-0.1,>500k,>50,0
BLR_127813,1,0.00021701174120018044,229.79007887769998,1022695.696561,205.07575,False,0.0-0.1,>500k,>50,0
BLR_127814,1,1.2887434381117429e-05,150.18310176698245,100.188,0.03,False,0.0-0.1,<=50k,<=5,0
BLR_127815,5,0.20689699858782648,800.5644337259332,100.188,0.03,True,0.2-0.3,<=50k,<=5,2
BLR_127816,2,0.019051850162859058,435.7235016818972,2198881.8103984045,560.3021074516129,False,0.0-0.1,>500k,>50,0
BLR_127817,3,0.0018311850232548051,549.5481158194851,1034.1353384999998,0.431,False,0.0-0.1,<=50k,<=5,0
BLR_127818,5,0.206859216818312,800.0419829616168,100.188,0.03,False,0.2-0.3,<=50k,<=5,2
BLR_127819,5,0.995702467377217,1076.4578940903716,3136457.366787156,840.0531848387097,True,0.9-1.0,>500k,>50,9
BLR_127820,5,0.8629597879829553,855.22650676943,1278416.51484,255.5285148387097,True,0.8-0.9,>500k,>50,8
BLR_127821,3,0.059493321189108765,625.7898534778403,1500099.699675639,352.503841483871,False,0.0-0.1,>500k,>50,0
BLR_127822,2,0.00015368923364499009,170.4485011444593,100.188,0.03,False,0.0-0.1,<=50k,<=5,0
BLR_127823,3,0.1217940210877817,674.82899533352,2018142.1038996,481.87864,False,0.1-0.2,>500k,>50,1
BLR_127824,5,0.206859216818312,628.3622899977413,100.188,0.03,False,0.2-0.3,<=50k,<=5,2
BLR_127825,3,0.9147398606204141,853.0643189643724,4584062.375981839,1088.0988716774193,True,0.9-1.0,>500k,>50,9
BLR_127826,3,0.014737582224715828,657.9958402130516,640830.1743300001,146.46849983870968,False,0.0-0.1,>500k,>50,0
BLR_128159,5,0.5616782326179967,656.0000674228733,426940.166846,73.43457,False,0.5-0.6,200k-500k,>50,5
BLR_128160,1,0.0011870734291574098,251.69651413920113,2113578.4147999953,377.529735483871,False,0.0-0.1,>500k,>50,0
BLR_128161,5,0.8219385428863043,606.5402755910225,1216218.791671,297.4194091935484,False,0.8-0.9,>500k,>50,8
BLR_128162,5,0.34561262074391486,567.6077475702074,304943.080407,108.40129999999999,False,0.3-0.4,200k-500k,>50,3
BLR_128163,5,0.7372085679571733,618.9506606279888,1130148.464231,242.86554129032257,False,0.7-0.8,>500k,>50,7
BLR_128164,5,0.9243345537637582,697.6791236864992,1823580.0660748044,274.292216,True,0.9-1.0,>500k,>50,9
BLR_128165,3,0.03994039277833671,709.1961644853089,1738831.608311,371.8434101935484,True,0.0-0.1,>500k,>50,0
BLR_128167,1,0.00012735821696182185,176.98598242914207,754569.14474,124.85583129032258,False,0.0-0.1,>500k,>50,0
BLR_128168,1,0.00012225282674204396,191.25871541600225,1099251.944812,273.90354,False,0.0-0.1,>500k,>50,0
BLR_128169,5,0.6075359600743782,567.4387435882612,489606.6049456,95.71807,False,0.6-0.7,200k-500k,>50,6
BLR_128172,2,0.003566966594620636,358.48348598652717,1268255.132286,252.7443641935484,False,0.0-0.1,>500k,>50,0
BLR_128174,3,0.14163438725856314,556.8483559433021,2270913.2909894558,601.4400459999999,False,0.1-0.2,>500k,>50,1
BLR_128175,1,0.0001442440755544913,119.32863964592012,1173186.24306,328.23535,False,0.0-0.1,>500k,>50,0
BLR_128176,1,5.129394110551681e-05,97.72450010136633,706238.193235,218.92744290322582,False,0.0-0.1,>500k,>50,0
BLR_128178,3,0.011363066560673922,411.3205964874254,719504.3381332001,135.21133,False,0.0-0.1,>500k,>50,0
BLR_128179,2,0.008453777247368314,339.14728449813634,1792089.493003,338.78866,False,0.0-0.1,>500k,>50,0
BLR_128180,5,0.8654244442273132,616.0617704997367,1243360.836347,281.2982816129032,False,0.8-0.9,>500k,>50,8
BLR_128182,5,0.8880924892928622,673.4033844038732,1388607.70366,294.38508677419355,True,0.8-0.9,>500k,>50,8
BLR_128183,2,0.013994547069072471,305.57905365547754,1876354.4899686,425.85269587096775,False,0.0-0.1,>500k,>50,0
BLR_128184,2,0.0022194325688214924,240.10761487007312,865212.2166,181.74092838709677,False,0.0-0.1,>500k,>50,0
BLR_128185,3,0.027465406364178158,451.2967497053949,1029181.8011040001,323.79133967741933,False,0.0-0.1,>500k,>50,0
BLR_128187,3,0.0479782847215898,457.94651156500726,1368723.25279,319.56098,False,0.0-0.1,>500k,>50,0
BLR_128188,1,8.133417618851453e-05,42.73726685595098,506917.01369627786,101.892712,False,0.0-0.1,>500k,>50,0
BLR_128189,1,0.00012612504698293847,93.74993462314733,818137.742934,191.20821,False,0.0-0.1,>500k,>50,0
BLR_128190,5,0.8554992397947748,663.268588989396,1273166.447968,305.5278432258064,False,0.8-0.9,>500k,>50,8
BLR_128191,2,0.0042257690642593364,333.6063959906111,1293385.2619119561,306.98365,False,0.0-0.1,>500k,>50,0
BLR_128192,1,7.503791456968446e-05,54.15458704584481,473630.3329268045,86.860986,False,0.0-0.1,200k-500k,>50,0
BLR_128193,2,0.0477364940033672,353.7316934841598,2531195.933186,558.9433180645161,False,0.0-0.1,>500k,>50,0
BLR_128194,3,0.04528349172850869,460.49348926573697,1242925.816173,263.0030780645161,False,0.0-0.1,>500k,>50,0
BLR_128196,3,0.02585816220836253,474.31100854485055,1026468.3110400001,261.21156412903224,False,0.0-0.1,>500k,>50,0
BLR_128197,3,0.04782778101789786,490.80787856116393,1289196.6409156001,311.73354,False,0.0-0.1,>500k,>50,0
BLR_128200,1,1.2888670506280666e-05,43.76719581131528,115.5,0.001,False,0.0-0.1,<=50k,<=5,0
BLR_128201,5,0.915865236190791,706.2848525737944,1645452.070061,402.6979212903226,True,0.9-1.0,>500k,>50,9
BLR_128202,2,0.004566256811103892,299.15315334656526,1303669.97064,262.48385193548387,False,0.0-0.1,>500k,>50,0
BLR_128203,2,0.002646060544308655,314.81563551278214,1084202.733906,268.78521451612903,False,0.0-0.1,>500k,>50,0
BLR_128204,2,0.0006820612573823166,270.426553577794,370817.346228,61.84295483870967,False,0.0-0.1,200k-500k,>50,0
BLR_128205,3,0.0665979095890921,505.79231166162174,1590666.4641976,325.47392,False,0.0-0.1,>500k,>50,0
BLR_128206,5,0.9119087079380901,688.1239558558929,1431985.400818,324.12368725806454,True,0.9-1.0,>500k,>50,9
BLR_128207,3,0.03174355762582464,518.9913849514371,1222998.58666,331.16804651612904,False,0.0-0.1,>500k,>50,0
BLR_128209,1,0.002594679162566894,248.45548799983771,2392488.337775556,512.0891922580645,False,0.0-0.1,>500k,>50,0
BLR_128210,2,0.004744502541799118,394.02975240699806,1491234.177443,315.6613635483871,False,0.0-0.1,>500k,>50,0
BLR_128211,3,0.04050785277348883,557.7052923599767,1290383.969055,324.37859096774196,False,0.0-0.1,>500k,>50,0
BLR_128212,3,0.0018301825806392202,460.0975490622641,115.5,0.001,False,0.0-0.1,<=50k,<=5,0
BLR_128213,2,0.01129072856621857,413.8243111704954,1765395.586225,406.5357748387097,False,0.0-0.1,>500k,>50,0
BLR_128215,3,0.052990290274358996,521.0357506275428,1389335.778865,369.9388706451613,False,0.0-0.1,>500k,>50,0
BLR_128216,1,0.0005849926446802909,204.26693555094596,1605559.564982556,389.39235,False,0.0-0.1,>500k,>50,0
BLR_128218,2,0.0183954820818638,392.70006987936335,1950969.946646556,569.3648842580645,False,0.0-0.1,>500k,>50,0
BLR_128219,1,0.0001564208541913396,173.0631227862253,875239.436371,162.07027,False,0.0-0.1,>500k,>50,0
BLR_128221,5,0.9325901333934357,733.8786832964073,1700432.3011730409,369.36786,True,0.9-1.0,>500k,>50,9
BLR_128222,1,0.00011552420428305835,146.6703169666931,708270.0574430114,150.853524,False,0.0-0.1,>500k,>50,0
BLR_128224,5,0.3780716425291126,652.0456459800921,229590.83400600002,32.990694,False,0.3-0.4,200k-500k,20-50,3
BLR_128225,5,0.6711024382120766,660.1746113862808,673564.184738,153.01773,False,0.6-0.7,>500k,>50,6
BLR_128368,1,0.0006479878100669318,219.42750139124848,1705093.2463186553,384.41475238709677,False,0.0-0.1,>500k,>50,0
BLR_128369,1,0.00013815757343022095,146.59586654534016,795093.2827668044,116.004486,False,0.0-0.1,>500k,>50,0
BLR_128370,2,0.017556258263501903,368.5940274597827,1891406.855726439,278.60689051612906,False,0.0-0.1,>500k,>50,0
BLR_128371,2,0.006772085407943147,396.18102818875246,1692813.918077278,387.82549619354836,False,0.0-0.1,>500k,>50,0
BLR_128372,5,0.7031442621214484,764.7157198242094,694963.6483340554,93.16464561290323,False,0.7-0.8,>500k,>50,7
BLR_128373,3,0.19309168060303192,606.726028086136,2366304.991370067,526.671098,False,0.1-0.2,>500k,>50,1
BLR_128374,3,0.22729882465454995,500.25685236877723,2423964.964013011,549.1543035161291,False,0.2-0.3,>500k,>50,2
BLR_128375,3,0.14442464149211862,531.069167273839,2108019.120332739,448.43865512903227,False,0.1-0.2,>500k,>50,1
BLR_128377,3,0.21491793575717333,546.5578351460036,2406905.9694110826,477.9477607419355,False,0.2-0.3,>500k,>50,2
BLR_128378,5,0.7046886725297782,633.8791863106861,735712.5428214434,97.624822,False,0.7-0.8,>500k,>50,7
BLR_128379,3,0.0018306032844954264,443.4070646077937,115.5,0.001,False,0.0-0.1,<=50k,<=5,0
BLR_128380,5,0.966663764100929,722.9174839027696,1990848.3335998044,390.7870578709677,False,0.9-1.0,>500k,>50,9
BLR_128381,2,0.1956015429929501,363.9560402801819,3304287.9294541283,747.2774900645161,False,0.1-0.2,>500k,>50,1
BLR_128382,3,0.16384662664041721,528.493176087191,2104974.481695816,402.36082193548384,False,0.1-0.2,>500k,>50,1
BLR_128383,2,0.04156089927580563,340.7008466856589,2668618.9401752776,611.2398579032258,False,0.0-0.1,>500k,>50,0
BLR_128384,3,0.24794930796855758,570.4161653143143,2383259.5891808043,487.0954567419355,False,0.2-0.3,>500k,>50,2
BLR_128385,5,0.9475000507572678,745.064198396219,1900395.3174418046,409.59076987096773,False,0.9-1.0,>500k,>50,9
BLR_128386,5,0.9358163957095188,722.3944892924923,1795579.0608448044,403.25802935483875,False,0.9-1.0,>500k,>50,9
BLR_128387,2,0.00015370397299272213,204.19632027969195,115.5,0.001,False,0.0-0.1,<=50k,<=5,0
BLR_128389,1,1.2891638618707765e-05,1.2866894107704492,115.5,0.001,False,0.0-0.1,<=50k,<=5,0
BLR_128390,3,0.0018306032844954264,462.4316832241133,115.5,0.001,False,0.0-0.1,<=50k,<=5,0
BLR_128391,5,0.20691273757361034,661.9589298065637,115.5,0.001,False,0.2-0.3,<=50k,<=5,2
BLR_128392,1,0.000170626714561155,37.17751192839964,932628.4567850989,144.67252422580646,False,0.0-0.1,>500k,>50,0
BLR_128393,1,0.0001575990760364471,47.25648169278228,846305.7157930824,124.15089219354839,False,0.0-0.1,>500k,>50,0
BLR_128394,3,0.06631818614156614,613.0511418768474,1469412.6986779561,327.1989032258065,False,0.0-0.1,>500k,>50,0
BLR_128395,5,0.9114561627791276,770.7753236921461,1581008.9190015553,373.6520050967742,True,0.9-1.0,>500k,>50,9
BLR_128396,5,0.9427308759199247,770.6035243954333,1816581.938966139,426.5360583225807,True,0.9-1.0,>500k,>50,9
BLR_128397,3,0.0018304319466399305,497.6055906609398,409.22366925,0.2,False,0.0-0.1,<=50k,<=5,0
BLR_128399,1,0.00015523704413120254,76.05644643690047,802188.793980956,176.61734,False,0.0-0.1,>500k,>50,0
BLR_128400,2,0.08641749629536932,394.49318670968114,2716396.074925067,511.24961309677417,False,0.0-0.1,>500k,>50,0
BLR_128401,1,0.00023029126093706707,94.1531172942498,1094930.091429,195.83371,False,0.0-0.1,>500k,>50,0
BLR_128402,3,0.001830007370655099,498.160273195669,100.188,0.03,False,0.0-0.1,<=50k,<=5,0
BLR_128404,5,0.9622541417540478,791.4480555221736,2089370.352343,488.044055483871,True,0.9-1.0,>500k,>50,9
BLR_128405,2,0.007093636798002662,310.9194089379736,1713445.01242386,357.72228161290326,False,0.0-0.1,>500k,>50,0
BLR_128406,3,0.30233940599479725,599.0181909974938,2562762.36499386,563.1540777096775,False,0.3-0.4,>500k,>50,3
BLR_128408,5,0.9732505557240594,852.6266515056554,2291450.547540878,522.0212109354839,True,0.9-1.0,>500k,>50,9
BLR_128409,3,0.22021803148243949,594.2637192766659,2248391.316786413,461.8971134516129,False,0.2-0.3,>500k,>50,2
BLR_128410,1,0.0001625392227535058,98.71213074253801,847854.514728,172.95250000000001,False,0.0-0.1,>500k,>50,0
BLR_128413,1,0.00016926426284802383,99.24573193629006,916678.8882640554,141.16770400000001,False,0.0-0.1,>500k,>50,0
BLR_128414,3,0.03803270285458064,573.431446980078,1092041.7483920555,153.2955346451613,False,0.0-0.1,>500k,>50,0
BLR_128415,2,0.008221117950679382,379.86290310803196,1740046.377582,314.5771292903226,False,0.0-0.1,>500k,>50,0
BLR_128416,1,0.001003872690495306,129.333817754004,1878595.597142956,392.69376232258065,False,0.0-0.1,>500k,>50,0
BLR_128417,2,0.013353339776468545,425.2042916276558,1933558.519417595,364.9042163225806,False,0.0-0.1,>500k,>50,0
BLR_128418,3,0.1351171940450289,713.0729802183499,2115064.3329658043,485.30305212903227,False,0.1-0.2,>500k,>50,1
BLR_128419,5,0.9415386732903659,801.1855938197019,1716554.876367277,348.0698521935484,True,0.9-1.0,>500k,>50,9
BLR_128420,2,0.0011261727976837577,323.089142918149,598125.4772388045,65.96970761290322,False,0.0-0.1,>500k,>50,0
BLR_128423,2,0.006705786588738304,370.1083640681899,1628033.4478700554,300.346404,False,0.0-0.1,>500k,>50,0
BLR_128424,1,0.019861378831373913,299.9117553920758,3306408.660495556,677.4601038709677,False,0.0-0.1,>500k,>50,0
BLR_128425,3,0.06493998056364521,663.1252479347374,1469066.030045956,347.81461361290326,False,0.0-0.1,>500k,>50,0
BLR_128426,1,0.018343256422602636,289.11251227500287,3472555.5731207603,727.7028140645161,False,0.0-0.1,>500k,>50,0
BLR_128428,2,0.006444814163066757,381.0254230817007,1605279.3942869152,344.64124909677423,False,0.0-0.1,>500k,>50,0
BLR_128429,2,0.04602820358007414,477.31934310942137,2442288.351712956,454.8667118709677,False,0.0-0.1,>500k,>50,0
BLR_128430,5,0.3097796249447288,754.8457866562617,174046.648,15.783700000000001,False,0.3-0.4,100k-200k,10-20,3
BLR_128431,1,0.0001150003819577804,162.68427592197136,693512.4851896,139.21565,False,0.0-0.1,>500k,>50,0
BLR_128432,5,0.5020273920728453,762.4073055776311,398721.223728,45.705200000000005,False,0.5-0.6,200k-500k,20-50,5
BLR_128433,5,0.7987160411544111,795.4748023838922,1060268.5465514434,253.62779022580648,True,0.7-0.8,>500k,>50,7
BLR_128434,4,0.11214762824430716,623.7610457121508,501355.24745,102.87440741935484,False,0.1-0.2,>500k,>50,1
BLR_128435,4,0.25627795697218114,672.9050833843794,1085957.28481,300.17542129032256,False,0.2-0.3,>500k,>50,2
BLR_128726,5,0.8982947024916097,712.7273503306343,1625449.686072595,420.17540567741935,True,0.8-0.9,>500k,>50,8
BLR_128727,1,0.0001491040969908447,164.50200087171729,868870.566971,203.85193,False,0.0-0.1,>500k,>50,0
BLR_128728,5,0.6441310116523404,541.0312968576698,613856.1295,128.2198,False,0.6-0.7,>500k,>50,6
BLR_128729,2,0.002902812679457365,352.80329054327393,1367544.821031,366.12852,False,0.0-0.1,>500k,>50,0
BLR_128730,1,0.00020505060174852102,165.39539826589106,922928.7111249999,233.44902193548387,False,0.0-0.1,>500k,>50,0
BLR_128731,5,0.9716194776561019,661.4793058811453,2240614.680296,491.8331483870968,False,0.9-1.0,>500k,>50,9
BLR_128735,5,0.7655362223589945,598.0099537690335,879716.291849,206.00464,False,0.7-0.8,>500k,>50,7
BLR_128736,1,0.00018512754639966953,86.19728802306102,1392756.8408650002,347.01809096774195,False,0.0-0.1,>500k,>50,0
BLR_128737,2,0.0014051303006608258,308.6668596245809,1004558.1072160001,205.0517748387097,False,0.0-0.1,>500k,>50,0
BLR_128738,2,0.005776961263991308,368.7240801193246,1728101.1323236,409.31774,False,0.0-0.1,>500k,>50,0
BLR_128741,1,0.029094043340300964,347.1365380238513,3967591.769477956,918.8261887096775,False,0.0-0.1,>500k,>50,0
BLR_128742,5,0.7724407397880726,654.7608989740544,1155812.426671,222.8616806451613,False,0.7-0.8,>500k,>50,7
BLR_128743,3,0.05212009191918028,548.1266701182628,1533503.84562,391.85764,False,0.0-0.1,>500k,>50,0
BLR_128748,3,0.022742527447183167,415.78390841839604,1015069.9270009999,288.05936,False,0.0-0.1,>500k,>50,0
BLR_128750,1,7.13724037542884e-05,126.84233052963994,747247.0915999999,152.1058,False,0.0-0.1,>500k,>50,0
BLR_128751,1,0.00018048788809076584,104.16543724920493,925974.52368,201.38451,False,0.0-0.1,>500k,>50,0
BLR_128752,3,0.012900388268100188,383.42998461989544,604430.949276,120.32392,False,0.0-0.1,>500k,>50,0
BLR_128753,5,0.5612762912351429,587.2416550296128,415392.27378,79.69094,False,0.5-0.6,200k-500k,>50,5
BLR_128755,1,0.00015963147506988502,126.98901445345818,849188.220921,179.80389,False,0.0-0.1,>500k,>50,0
BLR_128756,1,6.086201453396239e-05,92.88810326014782,418213.69337500003,103.25209,False,0.0-0.1,200k-500k,>50,0
BLR_128757,1,0.00020500042097351448,128.47277448929074,973914.02188,198.39802161290322,False,0.0-0.1,>500k,>50,0
BLR_128759,2,0.008457891030272908,290.1854930010855,1553216.027192,365.71003,False,0.0-0.1,>500k,>50,0
BLR_128760,3,0.05587297128492968,451.10376719390064,1272799.090234956,309.14364,False,0.0-0.1,>500k,>50,0
BLR_128762,1,1.2887434381117429e-05,81.59970521133458,100.188,0.03,False,0.0-0.1,<=50k,<=5,0
BLR_128763,5,0.8361236275707138,645.70469093276,1067497.610047,278.33712,False,0.8-0.9,>500k,>50,8
BLR_128764,1,0.00038704408847512785,200.00586370621326,1389486.212359,315.81476,False,0.0-0.1,>500k,>50,0
BLR_128765,3,0.04256410732096827,415.73363884756253,1251122.47395,311.87253,False,0.0-0.1,>500k,>50,0
BLR_128766,5,0.9092886922986639,664.5156424243874,1425833.1548600001,309.54225,False,0.9-1.0,>500k,>50,9
BLR_128767,5,0.9196574725431105,720.7636154230206,1854663.4340716,545.7114000967742,True,0.9-1.0,>500k,>50,9
BLR_128768,5,0.20689734995575418,618.0528527155519,409.22366925,0.2,False,0.2-0.3,<=50k,<=5,2
BLR_128769,3,0.0418679387052921,435.17717349276967,1330439.0898199999,359.74848,False,0.0-0.1,>500k,>50,0
BLR_128770,5,0.9967624840818775,919.1062355652194,3441969.8490667604,883.5659169032258,True,0.9-1.0,>500k,>50,9
BLR_128771,2,0.0025025640087759106,262.77567026981814,997869.449161,188.3514,False,0.0-0.1,>500k,>50,0
BLR_128772,2,0.0020073635964120372,263.0015328157966,944691.6791000001,245.6892206451613,False,0.0-0.1,>500k,>50,0
BLR_128773,5,0.7996265062150486,708.1023278804986,993630.738975,229.47628,True,0.7-0.8,>500k,>50,7
BLR_128774,3,0.10576387220329024,555.9246116209501,1712246.559122956,450.5224129032258,False,0.1-0.2,>500k,>50,1
BLR_128775,3,0.09818321592229963,525.574396491936,1804718.198170956,437.14745929032256,False,0.0-0.1,>500k,>50,0
BLR_128776,3,0.08839829904566171,575.0290598549907,1751150.690068956,431.8145238064516,False,0.0-0.1,>500k,>50,0
BLR_128777,2,0.0041082593323146675,292.4990729347092,1269896.8056705561,259.87401,False,0.0-0.1,>500k,>50,0
BLR_128778,2,0.0008099088437377682,250.12589535961112,463106.5845,94.56058,False,0.0-0.1,200k-500k,>50,0
BLR_128779,3,0.168667912993824,600.1063955137114,2208710.073010556,583.8284019354838,False,0.1-0.2,>500k,>50,1
BLR_128780,1,6.865100649545888e-05,122.5449152315752,437582.29822600004,80.32149,False,0.0-0.1,200k-500k,>50,0
BLR_128781,2,0.0025791548373041637,294.70186606218977,1130520.122929,268.38213,False,0.0-0.1,>500k,>50,0
BLR_128782,2,0.006973903165483685,405.5601307848404,1348062.9309686,352.28892,False,0.0-0.1,>500k,>50,0
BLR_128783,5,0.809673151863644,712.0883230707605,1000360.5062990001,182.56895,True,0.8-0.9,>500k,>50,8
BLR_128785,3,0.10442722648653584,608.2110192165682,1933834.7887299561,475.7476016129032,False,0.1-0.2,>500k,>50,1
BLR_128786,1,0.0016539707540231539,242.8483723239088,2157029.8616056,480.46573548387096,False,0.0-0.1,>500k,>50,0
BLR_128787,5,0.20695052656779395,664.2931924855515,115.5,0.001,False,0.2-0.3,<=50k,<=5,2
BLR_128789,3,0.02466045428179921,531.7712206876168,933687.8741276,247.65049,False,0.0-0.1,>500k,>50,0
BLR_128790,2,0.002763335188312393,330.60354650558037,1108623.626808,247.87664,False,0.0-0.1,>500k,>50,0
BLR_128792,2,0.008690854415288324,403.8322428112901,1447288.613003,347.187896,False,0.0-0.1,>500k,>50,0
BLR_128793,5,0.3755571602279939,680.5962975813886,208464.1155,44.016279999999995,False,0.3-0.4,200k-500k,20-50,3
BLR_128794,5,0.5468925295259192,686.2838704516668,258764.7155,65.649,True,0.5-0.6,200k-500k,>50,5
